source,researchProductId,imageUrl,position,type,status,mime,size,localPath
lewpe,cmtumcanq01p9m5etdcrb1ozl,http://www.lewpe.com/cdn/shop/files/tomar-bentwood-pleated-floor-lamp-white-hero-unlit.png?v=1788300687&width=2048,0,primary,DOWNLOADED,image/png,1855841,research-assets/lewpe/bentwood-pleated-floor-lamp/img-0.png
lewpe,cmtumcanq01p9m5etdcrb1ozl,https://www.lewpe.com/cdn/shop/files/tomar-bentwood-pleated-floor-lamp-white-hero-unlit.png?v=1788300687&width=1200,1,gallery,DOWNLOADED,image/png,1728201,research-assets/lewpe/bentwood-pleated-floor-lamp/img-1.png
lewpe,cmtumcanq01p9m5etdcrb1ozl,https://www.lewpe.com/cdn/shop/files/tomar-bentwood-pleated-floor-lamp-coffee-hero-unlit.png?v=1788300687&width=1200,2,gallery,DOWNLOADED,image/png,1782789,research-assets/lewpe/bentwood-pleated-floor-lamp/img-2.png
lewpe,cmtumcanq01p9m5etdcrb1ozl,https://www.lewpe.com/cdn/shop/files/tomar-bentwood-pleated-floor-lamp-beige-hero-unlit.png?v=1788369848&width=1200,3,gallery,VALIDATED,image/png,1674792,
lewpe,cmtumcanq01p9m5etdcrb1ozl,https://www.lewpe.com/cdn/shop/files/tomar-bentwood-pleated-floor-lamp-white-product.png?v=1778793121&width=1000,4,gallery,VALIDATED,image/png,1197619,
lewpe,cmtumcanq01p9m5etdcrb1ozl,https://www.lewpe.com/cdn/shop/files/tomar-bentwood-pleated-floor-lamp-white-leather-chair.png?v=1778793121&width=1000,5,gallery,VALIDATED,image/png,719960,
lewpe,cmtumcanq01p9m5etdcrb1ozl,https://www.lewpe.com/cdn/shop/files/tomar-bentwood-pleated-floor-lamp-coffee-sectional.jpg?v=1778793121&width=2000,6,gallery,VALIDATED,image/jpeg,370483,
lewpe,cmtumcanq01p9m5etdcrb1ozl,https://www.lewpe.com/cdn/shop/files/tomar-bentwood-pleated-floor-lamp-white-curved-sofa.jpg?v=1778793121&width=2000,7,gallery,VALIDATED,image/jpeg,430003,
lewpe,cmtumcanq01p9m5etdcrb1ozl,https://www.lewpe.com/cdn/shop/files/tomar-bentwood-pleated-floor-lamp-white-loft.jpg?v=1778793121&width=2000,8,gallery,REJECTED,,,
lewpe,cmtumcanq01p9m5etdcrb1ozl,https://www.lewpe.com/cdn/shop/files/tomar-bentwood-pleated-floor-lamp-white-reading-nook.jpg?v=1778793121&width=2000,9,gallery,REJECTED,,,
lewpe,cmtumcanq01p9m5etdcrb1ozl,https://www.lewpe.com/cdn/shop/files/tomar-bentwood-pleated-floor-lamp-beige-fireplace.png?v=1778793121&width=1000,10,gallery,REJECTED,,,
lewpe,cmtumcanq01p9m5etdcrb1ozl,https://www.lewpe.com/cdn/shop/files/tomar-bentwood-pleated-floor-lamp-detail-shade-joint.jpg?v=1788300686&width=1400,11,gallery,REJECTED,,,
lewpe,cmtumcanq01p9m5etdcrb1ozl,https://www.lewpe.com/cdn/shop/files/tomar-bentwood-pleated-floor-lamp-detail-bentwood-grain.jpg?v=1788300685&width=1400,12,gallery,REJECTED,,,
lewpe,cmtumcanq01p9m5etdcrb1ozl,https://www.lewpe.com/cdn/shop/files/tomar-bentwood-pleated-floor-lamp-detail-crescent-base.jpg?v=1788300685&width=1400,13,gallery,REJECTED,,,
lewpe,cmtumcanq01p9m5etdcrb1ozl,https://www.lewpe.com/cdn/shop/files/tomar-bentwood-pleated-floor-lamp-detail-foot-switch.jpg?v=1788300685&width=1400,14,gallery,REJECTED,,,
lewpe,cmtumcanq01p9m5etdcrb1ozl,https://www.lewpe.com/cdn/shop/files/tomar-bentwood-pleated-floor-lamp-white-hero-unlit.png?v=1788300687&width=168,15,gallery,REJECTED,,,
lewpe,cmtumcanq01p9m5etdcrb1ozl,https://www.lewpe.com/cdn/shop/files/tomar-bentwood-pleated-floor-lamp-coffee-hero-unlit.png?v=1788300687&width=168,16,gallery,REJECTED,,,
lewpe,cmtumcanq01p9m5etdcrb1ozl,https://www.lewpe.com/cdn/shop/files/tomar-bentwood-pleated-floor-lamp-beige-hero-unlit.png?v=1788369848&width=168,17,gallery,REJECTED,,,
lewpe,cmtumcanq01p9m5etdcrb1ozl,https://www.lewpe.com/cdn/shop/files/tomar-bentwood-pleated-floor-lamp-white-product.png?v=1778793121&width=168,18,gallery,REJECTED,,,
lewpe,cmtumcanq01p9m5etdcrb1ozl,https://www.lewpe.com/cdn/shop/files/tomar-bentwood-pleated-floor-lamp-white-leather-chair.png?v=1778793121&width=168,19,gallery,REJECTED,,,
lewpe,cmtumcanq01p9m5etdcrb1ozl,https://www.lewpe.com/cdn/shop/files/tomar-bentwood-pleated-floor-lamp-coffee-sectional.jpg?v=1778793121&width=168,20,gallery,REJECTED,,,
lewpe,cmtumcanq01p9m5etdcrb1ozl,https://www.lewpe.com/cdn/shop/files/tomar-bentwood-pleated-floor-lamp-white-curved-sofa.jpg?v=1778793121&width=168,21,gallery,REJECTED,,,
lewpe,cmtumcanq01p9m5etdcrb1ozl,https://www.lewpe.com/cdn/shop/files/tomar-bentwood-pleated-floor-lamp-white-loft.jpg?v=1778793121&width=168,22,gallery,REJECTED,,,
lewpe,cmtumcanq01p9m5etdcrb1ozl,https://www.lewpe.com/cdn/shop/files/tomar-bentwood-pleated-floor-lamp-white-reading-nook.jpg?v=1778793121&width=168,23,gallery,REJECTED,,,
lewpe,cmtumb0cp010dm5et21x34v1o,http://www.lewpe.com/cdn/shop/files/maresia-acoustic-slat-wall-panel-midnight-blue.jpg?v=1778771098&width=2048,0,primary,DOWNLOADED,image/jpeg,139822,research-assets/lewpe/wood-acoustic-slat-wall-panel/img-0.jpg
lewpe,cmtumb0cp010dm5et21x34v1o,https://www.lewpe.com/cdn/shop/files/maresia-acoustic-slat-wall-panel-midnight-blue.jpg?v=1778771098&width=2000,1,gallery,DOWNLOADED,image/jpeg,131385,research-assets/lewpe/wood-acoustic-slat-wall-panel/img-1.jpg
lewpe,cmtumb0cp010dm5et21x34v1o,https://www.lewpe.com/cdn/shop/files/maresia-acoustic-slat-wall-panel-matte-black.png?v=1778771098&width=1000,2,gallery,DOWNLOADED,image/png,1019525,research-assets/lewpe/wood-acoustic-slat-wall-panel/img-2.png
lewpe,cmtumb0cp010dm5et21x34v1o,https://www.lewpe.com/cdn/shop/files/maresia-acoustic-slat-wall-panel-white-gray-felt.png?v=1778771098&width=1000,3,gallery,VALIDATED,image/png,1006027,
lewpe,cmtumb0cp010dm5et21x34v1o,https://www.lewpe.com/cdn/shop/files/maresia-acoustic-slat-wall-panel-dusty-gray.png?v=1778771098&width=1000,4,gallery,VALIDATED,image/png,1047760,
lewpe,cmtumb0cp010dm5et21x34v1o,https://www.lewpe.com/cdn/shop/files/maresia-acoustic-slat-wall-panel-white-white-felt.png?v=1778771098&width=1000,5,gallery,VALIDATED,image/png,997607,
lewpe,cmtumb0cp010dm5et21x34v1o,https://www.lewpe.com/cdn/shop/files/maresia-acoustic-slat-wall-panel-lifestyle-1.png?v=1778771098&width=1200,6,gallery,VALIDATED,image/png,1624638,
lewpe,cmtumb0cp010dm5et21x34v1o,https://www.lewpe.com/cdn/shop/files/maresia-acoustic-slat-wall-panel-lifestyle-2.png?v=1778771098&width=1200,7,gallery,VALIDATED,image/png,1649892,
lewpe,cmtumb0cp010dm5et21x34v1o,https://www.lewpe.com/cdn/shop/files/maresia-acoustic-slat-wall-panel-lifestyle-3.png?v=1778771098&width=1200,8,gallery,REJECTED,,,
lewpe,cmtumb0cp010dm5et21x34v1o,https://www.lewpe.com/cdn/shop/files/maresia-acoustic-slat-wall-panel-lifestyle-4.png?v=1778771098&width=1200,9,gallery,REJECTED,,,
lewpe,cmtumb0cp010dm5et21x34v1o,https://www.lewpe.com/cdn/shop/files/maresia-acoustic-slat-wall-panel-lifestyle-5.png?v=1778771098&width=1200,10,gallery,REJECTED,,,
lewpe,cmtumb0cp010dm5et21x34v1o,https://www.lewpe.com/cdn/shop/files/maresia-acoustic-slat-wall-panel-lifestyle-6.png?v=1778771098&width=1200,11,gallery,REJECTED,,,
lewpe,cmtumb0cp010dm5et21x34v1o,https://www.lewpe.com/cdn/shop/files/maresia-acoustic-slat-wall-panel-lifestyle-7.png?v=1778771098&width=1200,12,gallery,REJECTED,,,
lewpe,cmtumb0cp010dm5et21x34v1o,https://www.lewpe.com/cdn/shop/files/maresia-acoustic-slat-wall-panel-lifestyle-8.png?v=1778771098&width=1200,13,gallery,REJECTED,,,
lewpe,cmtumb0cp010dm5et21x34v1o,https://www.lewpe.com/cdn/shop/files/maresia-acoustic-slat-wall-panel-lifestyle-9.png?v=1778771098&width=1200,14,gallery,REJECTED,,,
lewpe,cmtumb0cp010dm5et21x34v1o,https://www.lewpe.com/cdn/shop/files/maresia-acoustic-slat-wall-panel-lifestyle-10.png?v=1778771098&width=1200,15,gallery,REJECTED,,,
lewpe,cmtumb0cp010dm5et21x34v1o,https://www.lewpe.com/cdn/shop/files/maresia-acoustic-slat-wall-panel-midnight-blue.jpg?v=1778771098&width=168,16,gallery,REJECTED,,,
lewpe,cmtumb0cp010dm5et21x34v1o,https://www.lewpe.com/cdn/shop/files/maresia-acoustic-slat-wall-panel-matte-black.png?v=1778771098&width=168,17,gallery,REJECTED,,,
lewpe,cmtumb0cp010dm5et21x34v1o,https://www.lewpe.com/cdn/shop/files/maresia-acoustic-slat-wall-panel-white-gray-felt.png?v=1778771098&width=168,18,gallery,REJECTED,,,
lewpe,cmtumb0cp010dm5et21x34v1o,https://www.lewpe.com/cdn/shop/files/maresia-acoustic-slat-wall-panel-dusty-gray.png?v=1778771098&width=168,19,gallery,REJECTED,,,
lewpe,cmtumb0cp010dm5et21x34v1o,https://www.lewpe.com/cdn/shop/files/maresia-acoustic-slat-wall-panel-white-white-felt.png?v=1778771098&width=168,20,gallery,REJECTED,,,
lewpe,cmtumb0cp010dm5et21x34v1o,https://www.lewpe.com/cdn/shop/files/maresia-acoustic-slat-wall-panel-lifestyle-1.png?v=1778771098&width=168,21,gallery,REJECTED,,,
lewpe,cmtumb0cp010dm5et21x34v1o,https://www.lewpe.com/cdn/shop/files/maresia-acoustic-slat-wall-panel-lifestyle-2.png?v=1778771098&width=168,22,gallery,REJECTED,,,
lewpe,cmtumb0cp010dm5et21x34v1o,https://www.lewpe.com/cdn/shop/files/maresia-acoustic-slat-wall-panel-lifestyle-3.png?v=1778771098&width=168,23,gallery,REJECTED,,,
lewpe,cmtumc3ez01kwm5et6r6z6e1a,http://www.lewpe.com/cdn/shop/files/braga-retractable-arm-table-lamp-black.jpg?v=1779128644&width=2048,0,primary,DOWNLOADED,image/jpeg,208716,research-assets/lewpe/retractable-arm-clip-lamp/img-0.jpg
lewpe,cmtumc3ez01kwm5et6r6z6e1a,https://www.lewpe.com/cdn/shop/files/braga-retractable-arm-table-lamp-black.jpg?v=1779128644&width=2000,1,gallery,DOWNLOADED,image/jpeg,192562,research-assets/lewpe/retractable-arm-clip-lamp/img-1.jpg
lewpe,cmtumc3ez01kwm5et6r6z6e1a,https://www.lewpe.com/cdn/shop/files/braga-retractable-arm-table-lamp-black-library.jpg?v=1779128644&width=2000,2,gallery,DOWNLOADED,image/jpeg,494160,research-assets/lewpe/retractable-arm-clip-lamp/img-2.jpg
lewpe,cmtumc3ez01kwm5et6r6z6e1a,https://www.lewpe.com/cdn/shop/files/braga-retractable-arm-table-lamp-white.jpg?v=1779128644&width=2000,3,gallery,VALIDATED,image/jpeg,383788,
lewpe,cmtumc3ez01kwm5et6r6z6e1a,https://www.lewpe.com/cdn/shop/files/braga-retractable-arm-table-lamp-red.jpg?v=1779128644&width=800,4,gallery,VALIDATED,image/jpeg,31275,
lewpe,cmtumc3ez01kwm5et6r6z6e1a,https://www.lewpe.com/cdn/shop/files/braga-retractable-arm-table-lamp-yellow.jpg?v=1779128644&width=800,5,gallery,VALIDATED,image/jpeg,22682,
lewpe,cmtumc3ez01kwm5et6r6z6e1a,https://www.lewpe.com/cdn/shop/files/braga-retractable-arm-table-lamp-silver.jpg?v=1779128644&width=800,6,gallery,VALIDATED,image/jpeg,39582,
lewpe,cmtumc3ez01kwm5et6r6z6e1a,https://www.lewpe.com/cdn/shop/files/braga-retractable-arm-table-lamp-lifestyle-1.jpg?v=1779128644&width=800,7,gallery,VALIDATED,image/jpeg,23885,
lewpe,cmtumc3ez01kwm5et6r6z6e1a,https://www.lewpe.com/cdn/shop/files/braga-retractable-arm-table-lamp-lifestyle-2.jpg?v=1779128644&width=800,8,gallery,REJECTED,,,
lewpe,cmtumc3ez01kwm5et6r6z6e1a,https://www.lewpe.com/cdn/shop/files/braga-retractable-arm-table-lamp-black.jpg?v=1779128644&width=168,9,gallery,REJECTED,,,
lewpe,cmtumc3ez01kwm5et6r6z6e1a,https://www.lewpe.com/cdn/shop/files/braga-retractable-arm-table-lamp-black-library.jpg?v=1779128644&width=168,10,gallery,REJECTED,,,
lewpe,cmtumc3ez01kwm5et6r6z6e1a,https://www.lewpe.com/cdn/shop/files/braga-retractable-arm-table-lamp-white.jpg?v=1779128644&width=168,11,gallery,REJECTED,,,
lewpe,cmtumc3ez01kwm5et6r6z6e1a,https://www.lewpe.com/cdn/shop/files/braga-retractable-arm-table-lamp-red.jpg?v=1779128644&width=168,12,gallery,REJECTED,,,
lewpe,cmtumc3ez01kwm5et6r6z6e1a,https://www.lewpe.com/cdn/shop/files/braga-retractable-arm-table-lamp-yellow.jpg?v=1779128644&width=168,13,gallery,REJECTED,,,
lewpe,cmtumc3ez01kwm5et6r6z6e1a,https://www.lewpe.com/cdn/shop/files/braga-retractable-arm-table-lamp-silver.jpg?v=1779128644&width=168,14,gallery,REJECTED,,,
lewpe,cmtumc3ez01kwm5et6r6z6e1a,https://www.lewpe.com/cdn/shop/files/braga-retractable-arm-table-lamp-lifestyle-1.jpg?v=1779128644&width=168,15,gallery,REJECTED,,,
lewpe,cmtumc3ez01kwm5et6r6z6e1a,https://www.lewpe.com/cdn/shop/files/braga-retractable-arm-table-lamp-lifestyle-2.jpg?v=1779128644&width=168,16,gallery,REJECTED,,,
ferm-living,cmtum7ooz00s9m5etynrvo7s9,https://fermliving.com/cdn/shop/files/202331_1104271933_1.png?v=1762177808,0,primary,DOWNLOADED,image/png,202379,research-assets/ferm-living/stoneware-teapot/img-0.png
ferm-living,cmtum7ooz00s9m5etynrvo7s9,https://fermliving.com/cdn/shop/files/202331_1104271933_1_x1200.png?v=1762177808,1,gallery,DOWNLOADED,image/png,105872,research-assets/ferm-living/stoneware-teapot/img-1.png
lewpe,cmtumb70g012tm5et06ahyq5i,http://www.lewpe.com/cdn/shop/files/ancora-plank-wood-wall-panel-walnut.jpg?v=1778775781&width=2048,0,primary,DOWNLOADED,image/jpeg,170232,research-assets/lewpe/walnut-wood-wall-panel/img-0.jpg
lewpe,cmtumb70g012tm5et06ahyq5i,https://www.lewpe.com/cdn/shop/files/ancora-plank-wood-wall-panel-walnut.jpg?v=1778775781&width=2000,1,gallery,DOWNLOADED,image/jpeg,157178,research-assets/lewpe/walnut-wood-wall-panel/img-1.jpg
lewpe,cmtumb70g012tm5et06ahyq5i,https://www.lewpe.com/cdn/shop/files/ancora-plank-wood-wall-panel-cherry.png?v=1778775781&width=1000,2,gallery,DOWNLOADED,image/png,1086915,research-assets/lewpe/walnut-wood-wall-panel/img-2.png
lewpe,cmtumb70g012tm5et06ahyq5i,https://www.lewpe.com/cdn/shop/files/ancora-plank-wood-wall-panel-lifestyle-1.png?v=1778775781&width=1400,3,gallery,VALIDATED,image/png,2426150,
lewpe,cmtumb70g012tm5et06ahyq5i,https://www.lewpe.com/cdn/shop/files/ancora-plank-wood-wall-panel-lifestyle-2.png?v=1778775781&width=1400,4,gallery,VALIDATED,image/png,2317730,
lewpe,cmtumb70g012tm5et06ahyq5i,https://www.lewpe.com/cdn/shop/files/ancora-plank-wood-wall-panel-lifestyle-3.png?v=1778775781&width=1400,5,gallery,VALIDATED,image/png,2474885,
lewpe,cmtumb70g012tm5et06ahyq5i,https://www.lewpe.com/cdn/shop/files/ancora-plank-wood-wall-panel-lifestyle-4.png?v=1778775782&width=1400,6,gallery,VALIDATED,image/png,2346858,
lewpe,cmtumb70g012tm5et06ahyq5i,https://www.lewpe.com/cdn/shop/files/ancora-plank-wood-wall-panel-lifestyle-5.png?v=1778775782&width=1400,7,gallery,VALIDATED,image/png,2052123,
lewpe,cmtumb70g012tm5et06ahyq5i,https://www.lewpe.com/cdn/shop/files/ancora-plank-wood-wall-panel-lifestyle-6.png?v=1778775782&width=1400,8,gallery,REJECTED,,,
lewpe,cmtumb70g012tm5et06ahyq5i,https://www.lewpe.com/cdn/shop/files/ancora-plank-wood-wall-panel-lifestyle-7.png?v=1778775782&width=1400,9,gallery,REJECTED,,,
lewpe,cmtumb70g012tm5et06ahyq5i,https://www.lewpe.com/cdn/shop/files/ancora-plank-wood-wall-panel-walnut.jpg?v=1778775781&width=168,10,gallery,REJECTED,,,
lewpe,cmtumb70g012tm5et06ahyq5i,https://www.lewpe.com/cdn/shop/files/ancora-plank-wood-wall-panel-cherry.png?v=1778775781&width=168,11,gallery,REJECTED,,,
lewpe,cmtumb70g012tm5et06ahyq5i,https://www.lewpe.com/cdn/shop/files/ancora-plank-wood-wall-panel-lifestyle-1.png?v=1778775781&width=168,12,gallery,REJECTED,,,
lewpe,cmtumb70g012tm5et06ahyq5i,https://www.lewpe.com/cdn/shop/files/ancora-plank-wood-wall-panel-lifestyle-2.png?v=1778775781&width=168,13,gallery,REJECTED,,,
lewpe,cmtumb70g012tm5et06ahyq5i,https://www.lewpe.com/cdn/shop/files/ancora-plank-wood-wall-panel-lifestyle-3.png?v=1778775781&width=168,14,gallery,REJECTED,,,
lewpe,cmtumb70g012tm5et06ahyq5i,https://www.lewpe.com/cdn/shop/files/ancora-plank-wood-wall-panel-lifestyle-4.png?v=1778775782&width=168,15,gallery,REJECTED,,,
lewpe,cmtumb70g012tm5et06ahyq5i,https://www.lewpe.com/cdn/shop/files/ancora-plank-wood-wall-panel-lifestyle-5.png?v=1778775782&width=168,16,gallery,REJECTED,,,
lewpe,cmtumb70g012tm5et06ahyq5i,https://www.lewpe.com/cdn/shop/files/ancora-plank-wood-wall-panel-lifestyle-6.png?v=1778775782&width=168,17,gallery,REJECTED,,,
lewpe,cmtumb70g012tm5et06ahyq5i,https://www.lewpe.com/cdn/shop/files/ancora-plank-wood-wall-panel-lifestyle-7.png?v=1778775782&width=168,18,gallery,REJECTED,,,
ferm-living,cmtum867c00wtm5etyq67kbuq,https://fermliving.com/cdn/shop/files/344471_1104272037_1.png?v=1762177922,0,primary,DOWNLOADED,image/png,344519,research-assets/ferm-living/red-cotton-home-accessory/img-0.png
ferm-living,cmtum867c00wtm5etyq67kbuq,https://fermliving.com/cdn/shop/files/344471_1104272037_1_x1200.png?v=1762177922,1,gallery,DOWNLOADED,image/png,189850,research-assets/ferm-living/red-cotton-home-accessory/img-1.png
ferm-living,cmtum88iw00xbm5etpkafwqco,https://fermliving.com/cdn/shop/files/604179_1104272070_1.png?v=1762178031,0,primary,DOWNLOADED,image/png,604227,research-assets/ferm-living/black-cotton-cushion-cover/img-0.png
ferm-living,cmtum88iw00xbm5etpkafwqco,https://fermliving.com/cdn/shop/files/604179_1104272070_1_x1200.png?v=1762178031,1,gallery,DOWNLOADED,image/png,259936,research-assets/ferm-living/black-cotton-cushion-cover/img-1.png
ferm-living,cmtum87c800x2m5etzs4dgixt,https://fermliving.com/cdn/shop/files/344471_1104272027_1.png?v=1762177912,0,primary,DOWNLOADED,image/png,344519,research-assets/ferm-living/red-cotton-home-accessory-8/img-0.png
ferm-living,cmtum87c800x2m5etzs4dgixt,https://fermliving.com/cdn/shop/files/344471_1104272027_1_x1200.png?v=1762177912,1,gallery,DOWNLOADED,image/png,189850,research-assets/ferm-living/red-cotton-home-accessory-8/img-1.png
lewpe,cmtumb50s0120m5et76gcv7fx,http://www.lewpe.com/cdn/shop/files/onda-faux-leather-wall-panel-black.jpg?v=1778773957&width=2048,0,primary,DOWNLOADED,image/jpeg,153817,research-assets/lewpe/wood-wall-panel/img-0.jpg
lewpe,cmtumb50s0120m5et76gcv7fx,https://www.lewpe.com/cdn/shop/files/onda-faux-leather-wall-panel-black.jpg?v=1778773957&width=2000,1,gallery,DOWNLOADED,image/jpeg,142722,research-assets/lewpe/wood-wall-panel/img-1.jpg
lewpe,cmtumb50s0120m5et76gcv7fx,https://www.lewpe.com/cdn/shop/files/onda-faux-leather-wall-panel-white.png?v=1778773957&width=1000,2,gallery,DOWNLOADED,image/png,1041704,research-assets/lewpe/wood-wall-panel/img-2.png
lewpe,cmtumb50s0120m5et76gcv7fx,https://www.lewpe.com/cdn/shop/files/onda-faux-leather-wall-panel-pink.png?v=1778773957&width=1000,3,gallery,VALIDATED,image/png,1016884,
lewpe,cmtumb50s0120m5et76gcv7fx,https://www.lewpe.com/cdn/shop/files/onda-faux-leather-wall-panel-teal.png?v=1778773957&width=1000,4,gallery,VALIDATED,image/png,1105767,
lewpe,cmtumb50s0120m5et76gcv7fx,https://www.lewpe.com/cdn/shop/files/onda-faux-leather-wall-panel-gray.png?v=1778773957&width=1000,5,gallery,VALIDATED,image/png,1084343,
lewpe,cmtumb50s0120m5et76gcv7fx,https://www.lewpe.com/cdn/shop/files/onda-faux-leather-wall-panel-lifestyle-1.jpg?v=1778773957&width=2000,6,gallery,VALIDATED,image/jpeg,555080,
lewpe,cmtumb50s0120m5et76gcv7fx,https://www.lewpe.com/cdn/shop/files/onda-faux-leather-wall-panel-lifestyle-2.jpg?v=1778773957&width=2000,7,gallery,VALIDATED,image/jpeg,484127,
lewpe,cmtumb50s0120m5et76gcv7fx,https://www.lewpe.com/cdn/shop/files/onda-faux-leather-wall-panel-lifestyle-3.jpg?v=1778773957&width=2000,8,gallery,REJECTED,,,
lewpe,cmtumb50s0120m5et76gcv7fx,https://www.lewpe.com/cdn/shop/files/onda-faux-leather-wall-panel-lifestyle-4.jpg?v=1778773957&width=2000,9,gallery,REJECTED,,,
lewpe,cmtumb50s0120m5et76gcv7fx,https://www.lewpe.com/cdn/shop/files/onda-faux-leather-wall-panel-black.jpg?v=1778773957&width=168,10,gallery,REJECTED,,,
lewpe,cmtumb50s0120m5et76gcv7fx,https://www.lewpe.com/cdn/shop/files/onda-faux-leather-wall-panel-white.png?v=1778773957&width=168,11,gallery,REJECTED,,,
lewpe,cmtumb50s0120m5et76gcv7fx,https://www.lewpe.com/cdn/shop/files/onda-faux-leather-wall-panel-pink.png?v=1778773957&width=168,12,gallery,REJECTED,,,
lewpe,cmtumb50s0120m5et76gcv7fx,https://www.lewpe.com/cdn/shop/files/onda-faux-leather-wall-panel-teal.png?v=1778773957&width=168,13,gallery,REJECTED,,,
lewpe,cmtumb50s0120m5et76gcv7fx,https://www.lewpe.com/cdn/shop/files/onda-faux-leather-wall-panel-gray.png?v=1778773957&width=168,14,gallery,REJECTED,,,
lewpe,cmtumb50s0120m5et76gcv7fx,https://www.lewpe.com/cdn/shop/files/onda-faux-leather-wall-panel-lifestyle-1.jpg?v=1778773957&width=168,15,gallery,REJECTED,,,
lewpe,cmtumb50s0120m5et76gcv7fx,https://www.lewpe.com/cdn/shop/files/onda-faux-leather-wall-panel-lifestyle-2.jpg?v=1778773957&width=168,16,gallery,REJECTED,,,
lewpe,cmtumb50s0120m5et76gcv7fx,https://www.lewpe.com/cdn/shop/files/onda-faux-leather-wall-panel-lifestyle-3.jpg?v=1778773957&width=168,17,gallery,REJECTED,,,
lewpe,cmtumb50s0120m5et76gcv7fx,https://www.lewpe.com/cdn/shop/files/onda-faux-leather-wall-panel-lifestyle-4.jpg?v=1778773957&width=168,18,gallery,REJECTED,,,
lewpe,cmtumb648012jm5etemzk9vwd,https://www.lewpe.com/cdn/shop/files/farol-pine-wood-wall-panel-product-1.jpg?v=1778775753&width=1920,0,primary,DOWNLOADED,image/jpeg,218373,research-assets/lewpe/pine-wall-panel/img-0.jpg
lewpe,cmtumb648012jm5etemzk9vwd,http://www.lewpe.com/cdn/shop/files/farol-pine-wood-wall-panel-product-1.jpg?v=1778775753&width=2048,1,gallery,DOWNLOADED,image/jpeg,246227,research-assets/lewpe/pine-wall-panel/img-1.jpg
lewpe,cmtumb648012jm5etemzk9vwd,https://www.lewpe.com/cdn/shop/files/farol-pine-wood-wall-panel-product-1.jpg?v=1778775753&width=2000,2,gallery,DOWNLOADED,image/jpeg,232866,research-assets/lewpe/pine-wall-panel/img-2.jpg
lewpe,cmtumb648012jm5etemzk9vwd,https://www.lewpe.com/cdn/shop/files/farol-pine-wood-wall-panel-product-2.jpg?v=1778775753&width=800,3,gallery,VALIDATED,image/jpeg,168785,
lewpe,cmtumb648012jm5etemzk9vwd,https://www.lewpe.com/cdn/shop/files/farol-pine-wood-wall-panel-lifestyle-1.png?v=1778775753&width=1400,4,gallery,VALIDATED,image/png,2306805,
lewpe,cmtumb648012jm5etemzk9vwd,https://www.lewpe.com/cdn/shop/files/farol-pine-wood-wall-panel-lifestyle-2.png?v=1778775753&width=1400,5,gallery,VALIDATED,image/png,2301045,
lewpe,cmtumb648012jm5etemzk9vwd,https://www.lewpe.com/cdn/shop/files/farol-pine-wood-wall-panel-lifestyle-3.png?v=1778775753&width=1400,6,gallery,VALIDATED,image/png,2358035,
lewpe,cmtumb648012jm5etemzk9vwd,https://www.lewpe.com/cdn/shop/files/farol-pine-wood-wall-panel-product-1.jpg?v=1778775753&width=168,7,gallery,VALIDATED,image/jpeg,6542,
lewpe,cmtumb648012jm5etemzk9vwd,https://www.lewpe.com/cdn/shop/files/farol-pine-wood-wall-panel-product-2.jpg?v=1778775753&width=168,8,gallery,REJECTED,,,
lewpe,cmtumb648012jm5etemzk9vwd,https://www.lewpe.com/cdn/shop/files/farol-pine-wood-wall-panel-lifestyle-1.png?v=1778775753&width=168,9,gallery,REJECTED,,,
lewpe,cmtumb648012jm5etemzk9vwd,https://www.lewpe.com/cdn/shop/files/farol-pine-wood-wall-panel-lifestyle-2.png?v=1778775753&width=168,10,gallery,REJECTED,,,
lewpe,cmtumb648012jm5etemzk9vwd,https://www.lewpe.com/cdn/shop/files/farol-pine-wood-wall-panel-lifestyle-3.png?v=1778775753&width=168,11,gallery,REJECTED,,,
lewpe,cmtumbl8x01a9m5etdrwbwioj,http://www.lewpe.com/cdn/shop/files/barcelos-bauhaus-glass-mini-pendant-light-product-1.png?v=1779181873&width=2048,0,primary,DOWNLOADED,image/png,1246385,research-assets/lewpe/glass-mini-pendant-light/img-0.png
lewpe,cmtumbl8x01a9m5etdrwbwioj,https://www.lewpe.com/cdn/shop/files/barcelos-bauhaus-glass-mini-pendant-light-product-1.png?v=1779181873&width=1000,1,gallery,DOWNLOADED,image/png,1195124,research-assets/lewpe/glass-mini-pendant-light/img-1.png
lewpe,cmtumbl8x01a9m5etdrwbwioj,https://www.lewpe.com/cdn/shop/files/barcelos-bauhaus-glass-mini-pendant-light-product-2.png?v=1779181873&width=1000,2,gallery,DOWNLOADED,image/png,1183913,research-assets/lewpe/glass-mini-pendant-light/img-2.png
lewpe,cmtumbl8x01a9m5etdrwbwioj,https://www.lewpe.com/cdn/shop/files/barcelos-bauhaus-glass-mini-pendant-light-lifestyle-3.jpg?v=1779181873&width=2000,3,gallery,VALIDATED,image/jpeg,491569,
lewpe,cmtumbl8x01a9m5etdrwbwioj,https://www.lewpe.com/cdn/shop/files/barcelos-bauhaus-glass-mini-pendant-light-lifestyle-4.jpg?v=1779181910&width=2000,4,gallery,VALIDATED,image/jpeg,402932,
lewpe,cmtumbl8x01a9m5etdrwbwioj,https://www.lewpe.com/cdn/shop/files/barcelos-bauhaus-glass-mini-pendant-light-lifestyle-5.jpg?v=1779181910&width=2000,5,gallery,VALIDATED,image/jpeg,531041,
lewpe,cmtumbl8x01a9m5etdrwbwioj,https://www.lewpe.com/cdn/shop/files/barcelos-bauhaus-glass-mini-pendant-light-lifestyle-6.jpg?v=1779181910&width=2000,6,gallery,VALIDATED,image/jpeg,516195,
lewpe,cmtumbl8x01a9m5etdrwbwioj,https://www.lewpe.com/cdn/shop/files/barcelos-bauhaus-glass-mini-pendant-light-product-7.png?v=1779181910&width=1000,7,gallery,VALIDATED,image/png,197030,
lewpe,cmtumbl8x01a9m5etdrwbwioj,https://www.lewpe.com/cdn/shop/files/barcelos-bauhaus-glass-mini-pendant-light-product-8.png?v=1779181910&width=1000,8,gallery,REJECTED,,,
lewpe,cmtumbl8x01a9m5etdrwbwioj,https://www.lewpe.com/cdn/shop/files/barcelos-bauhaus-glass-mini-pendant-light-product-9.png?v=1779181931&width=1000,9,gallery,REJECTED,,,
lewpe,cmtumbl8x01a9m5etdrwbwioj,https://www.lewpe.com/cdn/shop/files/barcelos-bauhaus-glass-mini-pendant-light-product-10.png?v=1779181931&width=1000,10,gallery,REJECTED,,,
lewpe,cmtumbl8x01a9m5etdrwbwioj,https://www.lewpe.com/cdn/shop/files/barcelos-bauhaus-glass-mini-pendant-light-product-11.png?v=1779181931&width=1000,11,gallery,REJECTED,,,
lewpe,cmtumbl8x01a9m5etdrwbwioj,https://www.lewpe.com/cdn/shop/files/barcelos-bauhaus-glass-mini-pendant-light-product-12.png?v=1779181931&width=1000,12,gallery,REJECTED,,,
lewpe,cmtumbl8x01a9m5etdrwbwioj,https://www.lewpe.com/cdn/shop/files/barcelos-bauhaus-glass-mini-pendant-light-product-13.png?v=1779181931&width=1000,13,gallery,REJECTED,,,
lewpe,cmtumbl8x01a9m5etdrwbwioj,https://www.lewpe.com/cdn/shop/files/barcelos-bauhaus-glass-mini-pendant-light-product-14.png?v=1779181952&width=1000,14,gallery,REJECTED,,,
lewpe,cmtumbl8x01a9m5etdrwbwioj,https://www.lewpe.com/cdn/shop/files/barcelos-bauhaus-glass-mini-pendant-light-product-15.png?v=1779181952&width=1000,15,gallery,REJECTED,,,
lewpe,cmtumbl8x01a9m5etdrwbwioj,https://www.lewpe.com/cdn/shop/files/barcelos-bauhaus-glass-mini-pendant-light-product-16.png?v=1779181952&width=1000,16,gallery,REJECTED,,,
lewpe,cmtumbl8x01a9m5etdrwbwioj,https://www.lewpe.com/cdn/shop/files/barcelos-bauhaus-glass-mini-pendant-light-product-17.png?v=1779181952&width=1000,17,gallery,REJECTED,,,
lewpe,cmtumbl8x01a9m5etdrwbwioj,https://www.lewpe.com/cdn/shop/files/barcelos-bauhaus-glass-mini-pendant-light-product-18.png?v=1779181952&width=1000,18,gallery,REJECTED,,,
lewpe,cmtumbl8x01a9m5etdrwbwioj,https://www.lewpe.com/cdn/shop/files/barcelos-bauhaus-glass-mini-pendant-light-product-19.png?v=1779181974&width=1000,19,gallery,REJECTED,,,
lewpe,cmtumbl8x01a9m5etdrwbwioj,https://www.lewpe.com/cdn/shop/files/barcelos-bauhaus-glass-mini-pendant-light-product-20.png?v=1779181974&width=1000,20,gallery,REJECTED,,,
lewpe,cmtumbl8x01a9m5etdrwbwioj,https://www.lewpe.com/cdn/shop/files/barcelos-bauhaus-glass-mini-pendant-light-product-21.png?v=1779181974&width=1000,21,gallery,REJECTED,,,
lewpe,cmtumbl8x01a9m5etdrwbwioj,https://www.lewpe.com/cdn/shop/files/barcelos-bauhaus-glass-mini-pendant-light-product-22.png?v=1779181974&width=1000,22,gallery,REJECTED,,,
lewpe,cmtumbl8x01a9m5etdrwbwioj,https://www.lewpe.com/cdn/shop/files/barcelos-bauhaus-glass-mini-pendant-light-product-23.png?v=1779181974&width=1000,23,gallery,REJECTED,,,
lewpe,cmtumbvce01g2m5eta8q92occ,http://www.lewpe.com/cdn/shop/files/viseu-nordic-led-semi-flush-mount-ceiling-light-white-product-4.png?v=1781048439&width=2048,0,primary,DOWNLOADED,image/png,1009246,research-assets/lewpe/wooden-nordic-led-ceiling-light/img-0.png
lewpe,cmtumbvce01g2m5eta8q92occ,https://www.lewpe.com/cdn/shop/files/viseu-nordic-led-semi-flush-mount-ceiling-light-white-product-4.png?v=1781048439&width=1000,1,gallery,DOWNLOADED,image/png,962171,research-assets/lewpe/wooden-nordic-led-ceiling-light/img-1.png
lewpe,cmtumbvce01g2m5eta8q92occ,https://www.lewpe.com/cdn/shop/files/viseu-nordic-led-semi-flush-mount-ceiling-light-pink-product-5.png?v=1781048439&width=1000,2,gallery,DOWNLOADED,image/png,983437,research-assets/lewpe/wooden-nordic-led-ceiling-light/img-2.png
lewpe,cmtumbvce01g2m5eta8q92occ,https://www.lewpe.com/cdn/shop/files/viseu-nordic-led-semi-flush-mount-ceiling-light-green-product-1.jpg?v=1781048439&width=2000,3,gallery,VALIDATED,image/jpeg,101534,
lewpe,cmtumbvce01g2m5eta8q92occ,https://www.lewpe.com/cdn/shop/files/viseu-nordic-led-semi-flush-mount-ceiling-light-wood-product-3.png?v=1781048439&width=1000,4,gallery,VALIDATED,image/png,1036696,
lewpe,cmtumbvce01g2m5eta8q92occ,https://www.lewpe.com/cdn/shop/files/viseu-nordic-led-semi-flush-mount-ceiling-light-gray-product-2.png?v=1781048439&width=1000,5,gallery,VALIDATED,image/png,974136,
lewpe,cmtumbvce01g2m5eta8q92occ,https://www.lewpe.com/cdn/shop/files/viseu-nordic-led-semi-flush-mount-ceiling-light-wood-lifestyle-3.jpg?v=1781048439&width=2000,6,gallery,VALIDATED,image/jpeg,329786,
lewpe,cmtumbvce01g2m5eta8q92occ,https://www.lewpe.com/cdn/shop/files/viseu-nordic-led-semi-flush-mount-ceiling-light-pink-lifestyle-1.jpg?v=1781048439&width=2000,7,gallery,VALIDATED,image/jpeg,352869,
lewpe,cmtumbvce01g2m5eta8q92occ,https://www.lewpe.com/cdn/shop/files/viseu-nordic-led-semi-flush-mount-ceiling-light-white-lifestyle-2.jpg?v=1781048439&width=2000,8,gallery,REJECTED,,,
lewpe,cmtumbvce01g2m5eta8q92occ,https://www.lewpe.com/cdn/shop/files/viseu-nordic-led-semi-flush-mount-ceiling-light-green-lifestyle-1.jpg?v=1781048439&width=2000,9,gallery,REJECTED,,,
lewpe,cmtumbvce01g2m5eta8q92occ,https://www.lewpe.com/cdn/shop/files/viseu-nordic-led-semi-flush-mount-ceiling-light-white-product-4.png?v=1781048439&width=168,10,gallery,REJECTED,,,
lewpe,cmtumbvce01g2m5eta8q92occ,https://www.lewpe.com/cdn/shop/files/viseu-nordic-led-semi-flush-mount-ceiling-light-pink-product-5.png?v=1781048439&width=168,11,gallery,REJECTED,,,
lewpe,cmtumbvce01g2m5eta8q92occ,https://www.lewpe.com/cdn/shop/files/viseu-nordic-led-semi-flush-mount-ceiling-light-green-product-1.jpg?v=1781048439&width=168,12,gallery,REJECTED,,,
lewpe,cmtumbvce01g2m5eta8q92occ,https://www.lewpe.com/cdn/shop/files/viseu-nordic-led-semi-flush-mount-ceiling-light-wood-product-3.png?v=1781048439&width=168,13,gallery,REJECTED,,,
lewpe,cmtumbvce01g2m5eta8q92occ,https://www.lewpe.com/cdn/shop/files/viseu-nordic-led-semi-flush-mount-ceiling-light-gray-product-2.png?v=1781048439&width=168,14,gallery,REJECTED,,,
lewpe,cmtumbvce01g2m5eta8q92occ,https://www.lewpe.com/cdn/shop/files/viseu-nordic-led-semi-flush-mount-ceiling-light-wood-lifestyle-3.jpg?v=1781048439&width=168,15,gallery,REJECTED,,,
lewpe,cmtumbvce01g2m5eta8q92occ,https://www.lewpe.com/cdn/shop/files/viseu-nordic-led-semi-flush-mount-ceiling-light-pink-lifestyle-1.jpg?v=1781048439&width=168,16,gallery,REJECTED,,,
lewpe,cmtumbvce01g2m5eta8q92occ,https://www.lewpe.com/cdn/shop/files/viseu-nordic-led-semi-flush-mount-ceiling-light-white-lifestyle-2.jpg?v=1781048439&width=168,17,gallery,REJECTED,,,
lewpe,cmtumbvce01g2m5eta8q92occ,https://www.lewpe.com/cdn/shop/files/viseu-nordic-led-semi-flush-mount-ceiling-light-green-lifestyle-1.jpg?v=1781048439&width=168,18,gallery,REJECTED,,,
lewpe,cmtumbuem01flm5etcwqcoiv2,http://www.lewpe.com/cdn/shop/files/portalegre-yellow-glass-semi-flush-ceiling-light-product-0.jpg?v=1779140344&width=2048,0,primary,DOWNLOADED,image/jpeg,108348,research-assets/lewpe/yellow-glass-ceiling-light/img-0.jpg
lewpe,cmtumbuem01flm5etcwqcoiv2,https://www.lewpe.com/cdn/shop/files/portalegre-yellow-glass-semi-flush-ceiling-light-product-0.jpg?v=1779140344&width=2000,1,gallery,DOWNLOADED,image/jpeg,99764,research-assets/lewpe/yellow-glass-ceiling-light/img-1.jpg
lewpe,cmtumbuem01flm5etcwqcoiv2,https://www.lewpe.com/cdn/shop/files/portalegre-yellow-glass-semi-flush-ceiling-light-lifestyle-1.jpg?v=1779140344&width=2000,2,gallery,DOWNLOADED,image/jpeg,550577,research-assets/lewpe/yellow-glass-ceiling-light/img-2.jpg
lewpe,cmtumbuem01flm5etcwqcoiv2,https://www.lewpe.com/cdn/shop/files/portalegre-yellow-glass-semi-flush-ceiling-light-lifestyle-3.jpg?v=1779140344&width=2000,3,gallery,VALIDATED,image/jpeg,501255,
lewpe,cmtumbuem01flm5etcwqcoiv2,https://www.lewpe.com/cdn/shop/files/portalegre-yellow-glass-semi-flush-ceiling-light-lifestyle-4.jpg?v=1779140344&width=2000,4,gallery,VALIDATED,image/jpeg,385324,
lewpe,cmtumbuem01flm5etcwqcoiv2,https://www.lewpe.com/cdn/shop/files/portalegre-yellow-glass-semi-flush-ceiling-light-lifestyle-8.jpg?v=1779140529&width=600,5,gallery,VALIDATED,image/jpeg,21875,
lewpe,cmtumbuem01flm5etcwqcoiv2,https://www.lewpe.com/cdn/shop/files/portalegre-yellow-glass-semi-flush-ceiling-light-lifestyle-9.jpg?v=1779140529&width=2000,6,gallery,VALIDATED,image/jpeg,550577,
lewpe,cmtumbuem01flm5etcwqcoiv2,https://www.lewpe.com/cdn/shop/files/portalegre-yellow-glass-semi-flush-ceiling-light-lifestyle-6.jpg?v=1779140344&width=2000,7,gallery,VALIDATED,image/jpeg,396001,
lewpe,cmtumbuem01flm5etcwqcoiv2,https://www.lewpe.com/cdn/shop/files/portalegre-semi-flush-copper-red-dome.jpg?v=1781539765&width=800,8,gallery,REJECTED,,,
lewpe,cmtumbuem01flm5etcwqcoiv2,https://www.lewpe.com/cdn/shop/files/portalegre-yellow-glass-semi-flush-ceiling-light-product-0.jpg?v=1779140344&width=168,9,gallery,REJECTED,,,
lewpe,cmtumbuem01flm5etcwqcoiv2,https://www.lewpe.com/cdn/shop/files/portalegre-yellow-glass-semi-flush-ceiling-light-lifestyle-1.jpg?v=1779140344&width=168,10,gallery,REJECTED,,,
lewpe,cmtumbuem01flm5etcwqcoiv2,https://www.lewpe.com/cdn/shop/files/portalegre-yellow-glass-semi-flush-ceiling-light-lifestyle-3.jpg?v=1779140344&width=168,11,gallery,REJECTED,,,
lewpe,cmtumbuem01flm5etcwqcoiv2,https://www.lewpe.com/cdn/shop/files/portalegre-yellow-glass-semi-flush-ceiling-light-lifestyle-4.jpg?v=1779140344&width=168,12,gallery,REJECTED,,,
lewpe,cmtumbuem01flm5etcwqcoiv2,https://www.lewpe.com/cdn/shop/files/portalegre-yellow-glass-semi-flush-ceiling-light-lifestyle-8.jpg?v=1779140529&width=168,13,gallery,REJECTED,,,
lewpe,cmtumbuem01flm5etcwqcoiv2,https://www.lewpe.com/cdn/shop/files/portalegre-yellow-glass-semi-flush-ceiling-light-lifestyle-9.jpg?v=1779140529&width=168,14,gallery,REJECTED,,,
lewpe,cmtumbuem01flm5etcwqcoiv2,https://www.lewpe.com/cdn/shop/files/portalegre-yellow-glass-semi-flush-ceiling-light-lifestyle-6.jpg?v=1779140344&width=168,15,gallery,REJECTED,,,
lewpe,cmtumbuem01flm5etcwqcoiv2,https://www.lewpe.com/cdn/shop/files/portalegre-semi-flush-copper-red-dome.jpg?v=1781539765&width=168,16,gallery,REJECTED,,,
lewpe,cmtumc09v01iwm5et3p495mh3,http://www.lewpe.com/cdn/shop/files/mosteiros-polystyrene-cloud-pendant-light-product-1.png?v=1779142479&width=2048,0,primary,DOWNLOADED,image/png,1195303,research-assets/lewpe/wood-cloud-pendant-light/img-0.png
lewpe,cmtumc09v01iwm5et3p495mh3,https://www.lewpe.com/cdn/shop/files/mosteiros-polystyrene-cloud-pendant-light-product-1.png?v=1779142479&width=1000,1,gallery,DOWNLOADED,image/png,1137797,research-assets/lewpe/wood-cloud-pendant-light/img-1.png
lewpe,cmtumc09v01iwm5et3p495mh3,https://www.lewpe.com/cdn/shop/files/mosteiros-polystyrene-cloud-pendant-light-product-2.png?v=1779142479&width=1000,2,gallery,DOWNLOADED,image/png,1164370,research-assets/lewpe/wood-cloud-pendant-light/img-2.png
lewpe,cmtumc09v01iwm5et3p495mh3,https://www.lewpe.com/cdn/shop/files/mosteiros-polystyrene-cloud-pendant-light-product-3.png?v=1779142479&width=1000,3,gallery,VALIDATED,image/png,1280873,
lewpe,cmtumc09v01iwm5et3p495mh3,https://www.lewpe.com/cdn/shop/files/mosteiros-polystyrene-cloud-pendant-light-product-4.jpg?v=1779142479&width=2000,4,gallery,VALIDATED,image/jpeg,228011,
lewpe,cmtumc09v01iwm5et3p495mh3,https://www.lewpe.com/cdn/shop/files/mosteiros-polystyrene-cloud-pendant-light-lifestyle-5.jpg?v=1779142479&width=2000,5,gallery,VALIDATED,image/jpeg,329527,
lewpe,cmtumc09v01iwm5et3p495mh3,https://www.lewpe.com/cdn/shop/files/mosteiros-polystyrene-cloud-pendant-light-lifestyle-6.jpg?v=1779142479&width=2000,6,gallery,VALIDATED,image/jpeg,314482,
lewpe,cmtumc09v01iwm5et3p495mh3,https://www.lewpe.com/cdn/shop/files/mosteiros-polystyrene-cloud-pendant-light-lifestyle-7.jpg?v=1779142479&width=2000,7,gallery,VALIDATED,image/jpeg,436515,
lewpe,cmtumc09v01iwm5et3p495mh3,https://www.lewpe.com/cdn/shop/files/mosteiros-polystyrene-cloud-pendant-light-lifestyle-8.jpg?v=1779142479&width=2000,8,gallery,REJECTED,,,
lewpe,cmtumc09v01iwm5et3p495mh3,https://www.lewpe.com/cdn/shop/files/mosteiros-polystyrene-cloud-pendant-light-lifestyle-9.jpg?v=1779142479&width=2000,9,gallery,REJECTED,,,
lewpe,cmtumc09v01iwm5et3p495mh3,https://www.lewpe.com/cdn/shop/files/mosteiros-polystyrene-cloud-pendant-light-lifestyle-10.jpg?v=1779142479&width=2000,10,gallery,REJECTED,,,
lewpe,cmtumc09v01iwm5et3p495mh3,https://www.lewpe.com/cdn/shop/files/mosteiros-polystyrene-cloud-pendant-light-lifestyle-11.jpg?v=1779142479&width=2000,11,gallery,REJECTED,,,
lewpe,cmtumc09v01iwm5et3p495mh3,https://www.lewpe.com/cdn/shop/files/mosteiros-cloud-pendant-gray.jpg?v=1781539774&width=2600,12,gallery,REJECTED,,,
lewpe,cmtumc09v01iwm5et3p495mh3,https://www.lewpe.com/cdn/shop/files/mosteiros-cloud-pendant-beige.jpg?v=1781539782&width=1800,13,gallery,REJECTED,,,
lewpe,cmtumc09v01iwm5et3p495mh3,https://www.lewpe.com/cdn/shop/files/mosteiros-cloud-pendant-brown.jpg?v=1781539790&width=1400,14,gallery,REJECTED,,,
lewpe,cmtumc09v01iwm5et3p495mh3,https://www.lewpe.com/cdn/shop/files/mosteiros-cloud-pendant-blue.jpg?v=1781539799&width=1400,15,gallery,REJECTED,,,
lewpe,cmtumc09v01iwm5et3p495mh3,https://www.lewpe.com/cdn/shop/files/mosteiros-cloud-pendant-orange.jpg?v=1781539807&width=1400,16,gallery,REJECTED,,,
lewpe,cmtumc09v01iwm5et3p495mh3,https://www.lewpe.com/cdn/shop/files/mosteiros-polystyrene-cloud-pendant-light-product-1.png?v=1779142479&width=168,17,gallery,REJECTED,,,
lewpe,cmtumc09v01iwm5et3p495mh3,https://www.lewpe.com/cdn/shop/files/mosteiros-polystyrene-cloud-pendant-light-product-2.png?v=1779142479&width=168,18,gallery,REJECTED,,,
lewpe,cmtumc09v01iwm5et3p495mh3,https://www.lewpe.com/cdn/shop/files/mosteiros-polystyrene-cloud-pendant-light-product-3.png?v=1779142479&width=168,19,gallery,REJECTED,,,
lewpe,cmtumc09v01iwm5et3p495mh3,https://www.lewpe.com/cdn/shop/files/mosteiros-polystyrene-cloud-pendant-light-product-4.jpg?v=1779142479&width=168,20,gallery,REJECTED,,,
lewpe,cmtumc09v01iwm5et3p495mh3,https://www.lewpe.com/cdn/shop/files/mosteiros-polystyrene-cloud-pendant-light-lifestyle-5.jpg?v=1779142479&width=168,21,gallery,REJECTED,,,
lewpe,cmtumc09v01iwm5et3p495mh3,https://www.lewpe.com/cdn/shop/files/mosteiros-polystyrene-cloud-pendant-light-lifestyle-6.jpg?v=1779142479&width=168,22,gallery,REJECTED,,,
lewpe,cmtumc09v01iwm5et3p495mh3,https://www.lewpe.com/cdn/shop/files/mosteiros-polystyrene-cloud-pendant-light-lifestyle-7.jpg?v=1779142479&width=168,23,gallery,REJECTED,,,
cozy-garden,cmtumd9yy01xvm5etfn42j6my,https://thecozygarden.com/cdn/shop/files/GRWFP1243582935.jpg?v=1774657399&width=1920,0,primary,DOWNLOADED,image/jpeg,138924,research-assets/cozy-garden/steel-garden-ornament/img-0.jpg
cozy-garden,cmtumd9yy01xvm5etfn42j6my,http://thecozygarden.com/cdn/shop/files/GRWFP1243582935.jpg?v=1774657399,1,gallery,DOWNLOADED,image/jpeg,138924,research-assets/cozy-garden/steel-garden-ornament/img-1.jpg
cozy-garden,cmtumd9yy01xvm5etfn42j6my,https://thecozygarden.com/cdn/shop/files/GRWFP1243582935.jpg?v=1774657399&width=3840,2,gallery,DOWNLOADED,image/jpeg,138924,research-assets/cozy-garden/steel-garden-ornament/img-2.jpg
cozy-garden,cmtumd9yy01xvm5etfn42j6my,https://thecozygarden.com/cdn/shop/files/GRWFP1243582935_75111723.jpg?v=1774657399&width=3840,3,gallery,VALIDATED,image/jpeg,52140,
cozy-garden,cmtumd9yy01xvm5etfn42j6my,https://thecozygarden.com/cdn/shop/files/GRWFP1243582935_75111724.jpg?v=1774657399&width=3840,4,gallery,VALIDATED,image/jpeg,58355,
cozy-garden,cmtumd9yy01xvm5etfn42j6my,https://thecozygarden.com/cdn/shop/files/GRWFP1243582935.jpg?v=1774657399&width=832,5,gallery,VALIDATED,image/jpeg,138924,
cozy-garden,cmtumd9yy01xvm5etfn42j6my,https://thecozygarden.com/cdn/shop/files/GRWFP1243582935_75111723.jpg?v=1774657399&width=832,6,gallery,VALIDATED,image/jpeg,52140,
cozy-garden,cmtumd9yy01xvm5etfn42j6my,https://thecozygarden.com/cdn/shop/files/GRWFP1243582935_75111724.jpg?v=1774657399&width=832,7,gallery,VALIDATED,image/jpeg,58355,
ferm-living,cmtum7uh000tvm5et4j05g4fl,https://fermliving.com/cdn/shop/files/604179_1104272018_1.png?v=1762177880,0,primary,DOWNLOADED,image/png,604227,research-assets/ferm-living/black-cotton-cushion/img-0.png
ferm-living,cmtum7uh000tvm5et4j05g4fl,https://fermliving.com/cdn/shop/files/604179_1104272018_1_x1200.png?v=1762177880,1,gallery,DOWNLOADED,image/png,259936,research-assets/ferm-living/black-cotton-cushion/img-1.png
cozy-garden,cmtumdgvd01zam5etwpl13v8a,https://thecozygarden.com/cdn/shop/files/HW70439WH.jpg?v=1774657432&width=1920,0,primary,DOWNLOADED,image/jpeg,25366,research-assets/cozy-garden/white-rattan-storage/img-0.jpg
cozy-garden,cmtumdgvd01zam5etwpl13v8a,http://thecozygarden.com/cdn/shop/files/HW70439WH.jpg?v=1774657432,1,gallery,DOWNLOADED,image/jpeg,25366,research-assets/cozy-garden/white-rattan-storage/img-1.jpg
cozy-garden,cmtumdgvd01zam5etwpl13v8a,https://thecozygarden.com/cdn/shop/files/HW70439WH.jpg?v=1774657432&width=3840,2,gallery,DOWNLOADED,image/jpeg,25366,research-assets/cozy-garden/white-rattan-storage/img-2.jpg
cozy-garden,cmtumdgvd01zam5etwpl13v8a,https://thecozygarden.com/cdn/shop/files/HW70439WH-_56652610.jpg?v=1774657432&width=3840,3,gallery,VALIDATED,image/jpeg,142858,
cozy-garden,cmtumdgvd01zam5etwpl13v8a,https://thecozygarden.com/cdn/shop/files/HW70439WH-_56652611.jpg?v=1774657432&width=3840,4,gallery,VALIDATED,image/jpeg,82519,
cozy-garden,cmtumdgvd01zam5etwpl13v8a,https://thecozygarden.com/cdn/shop/files/HW70439WH-_56652612.jpg?v=1774657432&width=3840,5,gallery,VALIDATED,image/jpeg,38801,
cozy-garden,cmtumdgvd01zam5etwpl13v8a,https://thecozygarden.com/cdn/shop/files/HW70439WH-_56652613.jpg?v=1774657432&width=3840,6,gallery,VALIDATED,image/jpeg,67722,
cozy-garden,cmtumdgvd01zam5etwpl13v8a,https://thecozygarden.com/cdn/shop/files/HW70439WH.jpg?v=1774657432&width=832,7,gallery,VALIDATED,image/jpeg,25366,
cozy-garden,cmtumdgvd01zam5etwpl13v8a,https://thecozygarden.com/cdn/shop/files/HW70439WH-_56652610.jpg?v=1774657432&width=832,8,gallery,REJECTED,,,
cozy-garden,cmtumdgvd01zam5etwpl13v8a,https://thecozygarden.com/cdn/shop/files/HW70439WH-_56652611.jpg?v=1774657432&width=832,9,gallery,REJECTED,,,
cozy-garden,cmtumdgvd01zam5etwpl13v8a,https://thecozygarden.com/cdn/shop/files/HW70439WH-_56652612.jpg?v=1774657432&width=832,10,gallery,REJECTED,,,
cozy-garden,cmtumdgvd01zam5etwpl13v8a,https://thecozygarden.com/cdn/shop/files/HW70439WH-_56652613.jpg?v=1774657432&width=832,11,gallery,REJECTED,,,
lampenwelt,cmtum4ble000zm5etzaztiie5,https://lw-cdn.com/images/BED75FBC69BB/k_3adc859317b40d3b2c6366252144b78d;w_1600;h_1600;q_90/6731021.webp,0,primary,DOWNLOADED,image/webp,178346,research-assets/lampenwelt/black-glass-lighting-piece/img-0.webp
lampenwelt,cmtum4ble000zm5etzaztiie5,https://lw-cdn.com/images/925E9CAE6FC6/k_3adc859317b40d3b2c6366252144b78d;w_535;h_535;q_90/6731021.jpg,1,gallery,DOWNLOADED,image/jpeg,24928,research-assets/lampenwelt/black-glass-lighting-piece/img-1.jpg
lampenwelt,cmtum4ble000zm5etzaztiie5,https://lw-cdn.com/images/667BB913B02E/k_3adc859317b40d3b2c6366252144b78d;w_1600;h_1600;q_100/6731021.jpg,2,gallery,DOWNLOADED,image/jpeg,133342,research-assets/lampenwelt/black-glass-lighting-piece/img-2.jpg
lampenwelt,cmtum4ble000zm5etzaztiie5,https://lw-cdn.com/images/7DB1B278852C/k_2e423ce7a3d5c4b8b7c5d0154ec86181;w_1600;h_1600;q_100/6731021.jpg,3,gallery,VALIDATED,image/jpeg,212014,
lampenwelt,cmtum4ble000zm5etzaztiie5,https://lw-cdn.com/images/E8A87CDC5FFB/k_0d4a53e4adf3e424c28ad17a06099e7d;w_1600;h_1600;q_100/6731021.jpg,4,gallery,VALIDATED,image/jpeg,232423,
lampenwelt,cmtum4ble000zm5etzaztiie5,https://lw-cdn.com/images/85E6C98D583B/k_e9d61f805f359d1e338cd1efa25a2e68;w_1600;h_1600;q_100/6731021.jpg,5,gallery,VALIDATED,image/jpeg,19026,
lampenwelt,cmtum4ble000zm5etzaztiie5,https://lw-cdn.com/images/7AF06DF79665/k_3830c7a1fb892d73ba33b892db73677d;w_1600;h_1600;q_100/6731021.jpg,6,gallery,VALIDATED,image/jpeg,23442,
lampenwelt,cmtum4ble000zm5etzaztiie5,https://lw-cdn.com/images/001A7304FAA5/k_ad2506435da545d528d2aebfe83afe67;w_1600;h_1600;q_100/6731021.jpg,7,gallery,VALIDATED,image/jpeg,22923,
lampenwelt,cmtum4ble000zm5etzaztiie5,https://lw-cdn.com/images/C3C0F455316F/k_764a0501376d3998c66a4475e97b349b;w_1600;h_1600;q_100/6731021.jpg,8,gallery,REJECTED,,,
lampenwelt,cmtum4ble000zm5etzaztiie5,https://lw-cdn.com/images/C685DB1C195A/k_843c4d7af784ccb2f58f1b1cde2e28de;w_1600;h_1600;q_100/6731021.jpg,9,gallery,REJECTED,,,
lampenwelt,cmtum4ble000zm5etzaztiie5,https://lw-cdn.com/images/53C3DAF1084B/k_fe80999e6d7d11d9d56586735ddc8dca;w_1600;h_1600;q_100/6731021.jpg,10,gallery,REJECTED,,,
lampenwelt,cmtum4ble000zm5etzaztiie5,https://lw-cdn.com/images/EC836D5BDE9C/k_3adc859317b40d3b2c6366252144b78d;w_828;h_828;q_90/6731021.webp,11,gallery,REJECTED,,,
cozy-garden,cmtumdljw0209m5etmxejfxc8,http://thecozygarden.com/cdn/shop/files/HW63890.jpg?v=1774657454,0,primary,DOWNLOADED,image/jpeg,53595,research-assets/cozy-garden/teak-storage-bench/img-0.jpg
cozy-garden,cmtumdljw0209m5etmxejfxc8,https://thecozygarden.com/cdn/shop/files/HW63890.jpg?v=1774657454&width=3840,1,gallery,DOWNLOADED,image/jpeg,53595,research-assets/cozy-garden/teak-storage-bench/img-1.jpg
cozy-garden,cmtumdljw0209m5etmxejfxc8,https://thecozygarden.com/cdn/shop/files/HW63890_47049130.jpg?v=1774657454&width=3840,2,gallery,DOWNLOADED,image/jpeg,112745,research-assets/cozy-garden/teak-storage-bench/img-2.jpg
cozy-garden,cmtumdljw0209m5etmxejfxc8,https://thecozygarden.com/cdn/shop/files/HW63890_47049131.jpg?v=1774657454&width=3840,3,gallery,VALIDATED,image/jpeg,99767,
cozy-garden,cmtumdljw0209m5etmxejfxc8,https://thecozygarden.com/cdn/shop/files/HW63890_47049132.jpg?v=1774657454&width=3840,4,gallery,VALIDATED,image/jpeg,79335,
cozy-garden,cmtumdljw0209m5etmxejfxc8,https://thecozygarden.com/cdn/shop/files/HW63890_47049133.jpg?v=1774657455&width=3840,5,gallery,VALIDATED,image/jpeg,63720,
cozy-garden,cmtumdljw0209m5etmxejfxc8,https://thecozygarden.com/cdn/shop/files/HW63890_47049134.jpg?v=1774657454&width=3840,6,gallery,VALIDATED,image/jpeg,66615,
cozy-garden,cmtumdljw0209m5etmxejfxc8,https://thecozygarden.com/cdn/shop/files/HW63890.jpg?v=1774657454&width=832,7,gallery,VALIDATED,image/jpeg,53595,
cozy-garden,cmtumdljw0209m5etmxejfxc8,https://thecozygarden.com/cdn/shop/files/HW63890_47049130.jpg?v=1774657454&width=832,8,gallery,REJECTED,,,
cozy-garden,cmtumdljw0209m5etmxejfxc8,https://thecozygarden.com/cdn/shop/files/HW63890_47049131.jpg?v=1774657454&width=832,9,gallery,REJECTED,,,
cozy-garden,cmtumdljw0209m5etmxejfxc8,https://thecozygarden.com/cdn/shop/files/HW63890_47049132.jpg?v=1774657454&width=832,10,gallery,REJECTED,,,
cozy-garden,cmtumdljw0209m5etmxejfxc8,https://thecozygarden.com/cdn/shop/files/HW63890_47049133.jpg?v=1774657455&width=832,11,gallery,REJECTED,,,
cozy-garden,cmtumdljw0209m5etmxejfxc8,https://thecozygarden.com/cdn/shop/files/HW63890_47049134.jpg?v=1774657454&width=832,12,gallery,REJECTED,,,
cozy-garden,cmtumdutl022am5etpon1z85g,https://thecozygarden.com/cdn/shop/files/3107795.jpg?v=1774657499&width=1920,0,primary,DOWNLOADED,image/jpeg,182127,research-assets/cozy-garden/anthracite-aluminium-outdoor-piece/img-0.jpg
cozy-garden,cmtumdutl022am5etpon1z85g,http://thecozygarden.com/cdn/shop/files/3107795.jpg?v=1774657499,1,gallery,DOWNLOADED,image/jpeg,182127,research-assets/cozy-garden/anthracite-aluminium-outdoor-piece/img-1.jpg
cozy-garden,cmtumdutl022am5etpon1z85g,https://thecozygarden.com/cdn/shop/files/3107795.jpg?v=1774657499&width=3840,2,gallery,DOWNLOADED,image/jpeg,182127,research-assets/cozy-garden/anthracite-aluminium-outdoor-piece/img-2.jpg
cozy-garden,cmtumdutl022am5etpon1z85g,https://thecozygarden.com/cdn/shop/files/3107795_64070324.jpg?v=1774657499&width=3840,3,gallery,VALIDATED,image/jpeg,25529,
cozy-garden,cmtumdutl022am5etpon1z85g,https://thecozygarden.com/cdn/shop/files/3107795_64070325.jpg?v=1774657499&width=3840,4,gallery,VALIDATED,image/jpeg,25489,
cozy-garden,cmtumdutl022am5etpon1z85g,https://thecozygarden.com/cdn/shop/files/3107795_64070326.jpg?v=1774657499&width=3840,5,gallery,VALIDATED,image/jpeg,26186,
cozy-garden,cmtumdutl022am5etpon1z85g,https://thecozygarden.com/cdn/shop/files/3107795_64070327.jpg?v=1774657499&width=3840,6,gallery,VALIDATED,image/jpeg,26627,
cozy-garden,cmtumdutl022am5etpon1z85g,https://thecozygarden.com/cdn/shop/files/3107795_64070328.jpg?v=1774657499&width=3840,7,gallery,VALIDATED,image/jpeg,23608,
cozy-garden,cmtumdutl022am5etpon1z85g,https://thecozygarden.com/cdn/shop/files/3107795_64070329.jpg?v=1774657499&width=3840,8,gallery,REJECTED,,,
cozy-garden,cmtumdutl022am5etpon1z85g,https://thecozygarden.com/cdn/shop/files/3107795_64070330.jpg?v=1774657499&width=3840,9,gallery,REJECTED,,,
cozy-garden,cmtumdutl022am5etpon1z85g,https://thecozygarden.com/cdn/shop/files/3107795_64070331.jpg?v=1774657499&width=3840,10,gallery,REJECTED,,,
cozy-garden,cmtumdutl022am5etpon1z85g,https://thecozygarden.com/cdn/shop/files/3107795_64070332.jpg?v=1774657499&width=3840,11,gallery,REJECTED,,,
cozy-garden,cmtumdutl022am5etpon1z85g,https://thecozygarden.com/cdn/shop/files/3107795_64070333.jpg?v=1774657499&width=3840,12,gallery,REJECTED,,,
cozy-garden,cmtumdutl022am5etpon1z85g,https://thecozygarden.com/cdn/shop/files/3107795.jpg?v=1774657499&width=832,13,gallery,REJECTED,,,
cozy-garden,cmtumdutl022am5etpon1z85g,https://thecozygarden.com/cdn/shop/files/3107795_64070324.jpg?v=1774657499&width=832,14,gallery,REJECTED,,,
cozy-garden,cmtumdutl022am5etpon1z85g,https://thecozygarden.com/cdn/shop/files/3107795_64070325.jpg?v=1774657499&width=832,15,gallery,REJECTED,,,
cozy-garden,cmtumdutl022am5etpon1z85g,https://thecozygarden.com/cdn/shop/files/3107795_64070326.jpg?v=1774657499&width=832,16,gallery,REJECTED,,,
cozy-garden,cmtumdutl022am5etpon1z85g,https://thecozygarden.com/cdn/shop/files/3107795_64070327.jpg?v=1774657499&width=832,17,gallery,REJECTED,,,
cozy-garden,cmtumdutl022am5etpon1z85g,https://thecozygarden.com/cdn/shop/files/3107795_64070328.jpg?v=1774657499&width=832,18,gallery,REJECTED,,,
cozy-garden,cmtumdutl022am5etpon1z85g,https://thecozygarden.com/cdn/shop/files/3107795_64070329.jpg?v=1774657499&width=832,19,gallery,REJECTED,,,
cozy-garden,cmtumdutl022am5etpon1z85g,https://thecozygarden.com/cdn/shop/files/3107795_64070330.jpg?v=1774657499&width=832,20,gallery,REJECTED,,,
cozy-garden,cmtumdutl022am5etpon1z85g,https://thecozygarden.com/cdn/shop/files/3107795_64070331.jpg?v=1774657499&width=832,21,gallery,REJECTED,,,
cozy-garden,cmtumdutl022am5etpon1z85g,https://thecozygarden.com/cdn/shop/files/3107795_64070332.jpg?v=1774657499&width=832,22,gallery,REJECTED,,,
cozy-garden,cmtumdutl022am5etpon1z85g,https://thecozygarden.com/cdn/shop/files/3107795_64070333.jpg?v=1774657499&width=832,23,gallery,REJECTED,,,
cozy-garden,cmtumdyd7022zm5etxukl0uqf,https://thecozygarden.com/cdn/shop/files/45533.jpg?v=1774657516&width=1920,0,primary,DOWNLOADED,image/jpeg,232626,research-assets/cozy-garden/green-steel-garden-piece/img-0.jpg
cozy-garden,cmtumdyd7022zm5etxukl0uqf,http://thecozygarden.com/cdn/shop/files/45533.jpg?v=1774657516,1,gallery,DOWNLOADED,image/jpeg,232626,research-assets/cozy-garden/green-steel-garden-piece/img-1.jpg
cozy-garden,cmtumdyd7022zm5etxukl0uqf,https://thecozygarden.com/cdn/shop/files/45533.jpg?v=1774657516&width=3840,2,gallery,DOWNLOADED,image/jpeg,232626,research-assets/cozy-garden/green-steel-garden-piece/img-2.jpg
cozy-garden,cmtumdyd7022zm5etxukl0uqf,https://thecozygarden.com/cdn/shop/files/45533_64033336.jpg?v=1774657516&width=3840,3,gallery,VALIDATED,image/jpeg,110045,
cozy-garden,cmtumdyd7022zm5etxukl0uqf,https://thecozygarden.com/cdn/shop/files/45533_64033337.jpg?v=1774657517&width=3840,4,gallery,VALIDATED,image/jpeg,106870,
cozy-garden,cmtumdyd7022zm5etxukl0uqf,https://thecozygarden.com/cdn/shop/files/45533_64033338.jpg?v=1774657516&width=3840,5,gallery,VALIDATED,image/jpeg,95157,
cozy-garden,cmtumdyd7022zm5etxukl0uqf,https://thecozygarden.com/cdn/shop/files/45533_64033339.jpg?v=1774657516&width=3840,6,gallery,VALIDATED,image/jpeg,87659,
cozy-garden,cmtumdyd7022zm5etxukl0uqf,https://thecozygarden.com/cdn/shop/files/45533_64033340.jpg?v=1774657516&width=3840,7,gallery,VALIDATED,image/jpeg,78730,
cozy-garden,cmtumdyd7022zm5etxukl0uqf,https://thecozygarden.com/cdn/shop/files/45533_64033341.jpg?v=1774657516&width=3840,8,gallery,REJECTED,,,
cozy-garden,cmtumdyd7022zm5etxukl0uqf,https://thecozygarden.com/cdn/shop/files/45533_64033342.jpg?v=1774657516&width=3840,9,gallery,REJECTED,,,
cozy-garden,cmtumdyd7022zm5etxukl0uqf,https://thecozygarden.com/cdn/shop/files/45533_64033343.jpg?v=1774657516&width=3840,10,gallery,REJECTED,,,
cozy-garden,cmtumdyd7022zm5etxukl0uqf,https://thecozygarden.com/cdn/shop/files/45533_64033344.jpg?v=1774657516&width=3840,11,gallery,REJECTED,,,
cozy-garden,cmtumdyd7022zm5etxukl0uqf,https://thecozygarden.com/cdn/shop/files/45533_64033345.jpg?v=1774657516&width=3840,12,gallery,REJECTED,,,
cozy-garden,cmtumdyd7022zm5etxukl0uqf,https://thecozygarden.com/cdn/shop/files/45533.jpg?v=1774657516&width=832,13,gallery,REJECTED,,,
cozy-garden,cmtumdyd7022zm5etxukl0uqf,https://thecozygarden.com/cdn/shop/files/45533_64033336.jpg?v=1774657516&width=832,14,gallery,REJECTED,,,
cozy-garden,cmtumdyd7022zm5etxukl0uqf,https://thecozygarden.com/cdn/shop/files/45533_64033337.jpg?v=1774657517&width=832,15,gallery,REJECTED,,,
cozy-garden,cmtumdyd7022zm5etxukl0uqf,https://thecozygarden.com/cdn/shop/files/45533_64033338.jpg?v=1774657516&width=832,16,gallery,REJECTED,,,
cozy-garden,cmtumdyd7022zm5etxukl0uqf,https://thecozygarden.com/cdn/shop/files/45533_64033339.jpg?v=1774657516&width=832,17,gallery,REJECTED,,,
cozy-garden,cmtumdyd7022zm5etxukl0uqf,https://thecozygarden.com/cdn/shop/files/45533_64033340.jpg?v=1774657516&width=832,18,gallery,REJECTED,,,
cozy-garden,cmtumdyd7022zm5etxukl0uqf,https://thecozygarden.com/cdn/shop/files/45533_64033341.jpg?v=1774657516&width=832,19,gallery,REJECTED,,,
cozy-garden,cmtumdyd7022zm5etxukl0uqf,https://thecozygarden.com/cdn/shop/files/45533_64033342.jpg?v=1774657516&width=832,20,gallery,REJECTED,,,
cozy-garden,cmtumdyd7022zm5etxukl0uqf,https://thecozygarden.com/cdn/shop/files/45533_64033343.jpg?v=1774657516&width=832,21,gallery,REJECTED,,,
cozy-garden,cmtumdyd7022zm5etxukl0uqf,https://thecozygarden.com/cdn/shop/files/45533_64033344.jpg?v=1774657516&width=832,22,gallery,REJECTED,,,
cozy-garden,cmtumdyd7022zm5etxukl0uqf,https://thecozygarden.com/cdn/shop/files/45533_64033345.jpg?v=1774657516&width=832,23,gallery,REJECTED,,,
cozy-garden,cmtume1xc023qm5etudsehiz1,https://thecozygarden.com/cdn/shop/files/318939.jpg?v=1774657534&width=1920,0,primary,DOWNLOADED,image/jpeg,215910,research-assets/cozy-garden/steel-grey-planter/img-0.jpg
cozy-garden,cmtume1xc023qm5etudsehiz1,http://thecozygarden.com/cdn/shop/files/318939.jpg?v=1774657534,1,gallery,DOWNLOADED,image/jpeg,215910,research-assets/cozy-garden/steel-grey-planter/img-1.jpg
cozy-garden,cmtume1xc023qm5etudsehiz1,https://thecozygarden.com/cdn/shop/files/318939.jpg?v=1774657534&width=3840,2,gallery,DOWNLOADED,image/jpeg,215910,research-assets/cozy-garden/steel-grey-planter/img-2.jpg
cozy-garden,cmtume1xc023qm5etudsehiz1,https://thecozygarden.com/cdn/shop/files/318939_63960454.jpg?v=1774657534&width=3840,3,gallery,VALIDATED,image/jpeg,21515,
cozy-garden,cmtume1xc023qm5etudsehiz1,https://thecozygarden.com/cdn/shop/files/318939_63960455.jpg?v=1774657534&width=3840,4,gallery,VALIDATED,image/jpeg,17892,
cozy-garden,cmtume1xc023qm5etudsehiz1,https://thecozygarden.com/cdn/shop/files/318939_63960456.jpg?v=1774657534&width=3840,5,gallery,VALIDATED,image/jpeg,31261,
cozy-garden,cmtume1xc023qm5etudsehiz1,https://thecozygarden.com/cdn/shop/files/318939_63960457.jpg?v=1774657534&width=3840,6,gallery,VALIDATED,image/jpeg,41314,
cozy-garden,cmtume1xc023qm5etudsehiz1,https://thecozygarden.com/cdn/shop/files/318939_63960458.jpg?v=1774657534&width=3840,7,gallery,VALIDATED,image/jpeg,32449,
cozy-garden,cmtume1xc023qm5etudsehiz1,https://thecozygarden.com/cdn/shop/files/318939.jpg?v=1774657534&width=832,8,gallery,REJECTED,,,
cozy-garden,cmtume1xc023qm5etudsehiz1,https://thecozygarden.com/cdn/shop/files/318939_63960454.jpg?v=1774657534&width=832,9,gallery,REJECTED,,,
cozy-garden,cmtume1xc023qm5etudsehiz1,https://thecozygarden.com/cdn/shop/files/318939_63960455.jpg?v=1774657534&width=832,10,gallery,REJECTED,,,
cozy-garden,cmtume1xc023qm5etudsehiz1,https://thecozygarden.com/cdn/shop/files/318939_63960456.jpg?v=1774657534&width=832,11,gallery,REJECTED,,,
cozy-garden,cmtume1xc023qm5etudsehiz1,https://thecozygarden.com/cdn/shop/files/318939_63960457.jpg?v=1774657534&width=832,12,gallery,REJECTED,,,
cozy-garden,cmtume1xc023qm5etudsehiz1,https://thecozygarden.com/cdn/shop/files/318939_63960458.jpg?v=1774657534&width=832,13,gallery,REJECTED,,,
cozy-garden,cmtume8nq0258m5etkvto8s4f,https://thecozygarden.com/cdn/shop/files/316229.jpg?v=1774657568&width=1920,0,primary,DOWNLOADED,image/jpeg,132510,research-assets/cozy-garden/green-steel-outdoor-piece/img-0.jpg
cozy-garden,cmtume8nq0258m5etkvto8s4f,http://thecozygarden.com/cdn/shop/files/316229.jpg?v=1774657568,1,gallery,DOWNLOADED,image/jpeg,132510,research-assets/cozy-garden/green-steel-outdoor-piece/img-1.jpg
cozy-garden,cmtume8nq0258m5etkvto8s4f,https://thecozygarden.com/cdn/shop/files/316229.jpg?v=1774657568&width=3840,2,gallery,DOWNLOADED,image/jpeg,132510,research-assets/cozy-garden/green-steel-outdoor-piece/img-2.jpg
cozy-garden,cmtume8nq0258m5etkvto8s4f,https://thecozygarden.com/cdn/shop/files/316229_63959621.jpg?v=1774657568&width=3840,3,gallery,VALIDATED,image/jpeg,47760,
cozy-garden,cmtume8nq0258m5etkvto8s4f,https://thecozygarden.com/cdn/shop/files/316229_63959622.jpg?v=1774657568&width=3840,4,gallery,VALIDATED,image/jpeg,44882,
cozy-garden,cmtume8nq0258m5etkvto8s4f,https://thecozygarden.com/cdn/shop/files/316229_63959623.jpg?v=1774657568&width=3840,5,gallery,VALIDATED,image/jpeg,41547,
cozy-garden,cmtume8nq0258m5etkvto8s4f,https://thecozygarden.com/cdn/shop/files/316229_63959624.jpg?v=1774657568&width=3840,6,gallery,VALIDATED,image/jpeg,40695,
cozy-garden,cmtume8nq0258m5etkvto8s4f,https://thecozygarden.com/cdn/shop/files/316229_63959625.jpg?v=1774657568&width=3840,7,gallery,VALIDATED,image/jpeg,48091,
cozy-garden,cmtume8nq0258m5etkvto8s4f,https://thecozygarden.com/cdn/shop/files/316229_63959626.jpg?v=1774657568&width=3840,8,gallery,REJECTED,,,
cozy-garden,cmtume8nq0258m5etkvto8s4f,https://thecozygarden.com/cdn/shop/files/316229.jpg?v=1774657568&width=832,9,gallery,REJECTED,,,
cozy-garden,cmtume8nq0258m5etkvto8s4f,https://thecozygarden.com/cdn/shop/files/316229_63959621.jpg?v=1774657568&width=832,10,gallery,REJECTED,,,
cozy-garden,cmtume8nq0258m5etkvto8s4f,https://thecozygarden.com/cdn/shop/files/316229_63959622.jpg?v=1774657568&width=832,11,gallery,REJECTED,,,
cozy-garden,cmtume8nq0258m5etkvto8s4f,https://thecozygarden.com/cdn/shop/files/316229_63959623.jpg?v=1774657568&width=832,12,gallery,REJECTED,,,
cozy-garden,cmtume8nq0258m5etkvto8s4f,https://thecozygarden.com/cdn/shop/files/316229_63959624.jpg?v=1774657568&width=832,13,gallery,REJECTED,,,
cozy-garden,cmtume8nq0258m5etkvto8s4f,https://thecozygarden.com/cdn/shop/files/316229_63959625.jpg?v=1774657568&width=832,14,gallery,REJECTED,,,
cozy-garden,cmtume8nq0258m5etkvto8s4f,https://thecozygarden.com/cdn/shop/files/316229_63959626.jpg?v=1774657568&width=832,15,gallery,REJECTED,,,
cozy-garden,cmtumea1r025hm5et48iw8cgw,https://thecozygarden.com/cdn/shop/files/47091.jpg?v=1774657574&width=1920,0,primary,DOWNLOADED,image/jpeg,125416,research-assets/cozy-garden/anthracite-steel-wall-panel/img-0.jpg
cozy-garden,cmtumea1r025hm5et48iw8cgw,http://thecozygarden.com/cdn/shop/files/47091.jpg?v=1774657574,1,gallery,DOWNLOADED,image/jpeg,125416,research-assets/cozy-garden/anthracite-steel-wall-panel/img-1.jpg
cozy-garden,cmtumea1r025hm5et48iw8cgw,https://thecozygarden.com/cdn/shop/files/47091.jpg?v=1774657574&width=3840,2,gallery,DOWNLOADED,image/jpeg,125416,research-assets/cozy-garden/anthracite-steel-wall-panel/img-2.jpg
cozy-garden,cmtumea1r025hm5et48iw8cgw,https://thecozygarden.com/cdn/shop/files/47091_64059841.jpg?v=1774657574&width=3840,3,gallery,VALIDATED,image/jpeg,70219,
cozy-garden,cmtumea1r025hm5et48iw8cgw,https://thecozygarden.com/cdn/shop/files/47091_64059842.jpg?v=1774657574&width=3840,4,gallery,VALIDATED,image/jpeg,65663,
cozy-garden,cmtumea1r025hm5et48iw8cgw,https://thecozygarden.com/cdn/shop/files/47091_64059843.jpg?v=1774657574&width=3840,5,gallery,VALIDATED,image/jpeg,24371,
cozy-garden,cmtumea1r025hm5et48iw8cgw,https://thecozygarden.com/cdn/shop/files/47091_64059844.jpg?v=1774657574&width=3840,6,gallery,VALIDATED,image/jpeg,60548,
cozy-garden,cmtumea1r025hm5et48iw8cgw,https://thecozygarden.com/cdn/shop/files/47091_64059845.jpg?v=1774657574&width=3840,7,gallery,VALIDATED,image/jpeg,40887,
cozy-garden,cmtumea1r025hm5et48iw8cgw,https://thecozygarden.com/cdn/shop/files/47091_64059846.jpg?v=1774657574&width=3840,8,gallery,REJECTED,,,
cozy-garden,cmtumea1r025hm5et48iw8cgw,https://thecozygarden.com/cdn/shop/files/47091.jpg?v=1774657574&width=832,9,gallery,REJECTED,,,
cozy-garden,cmtumea1r025hm5et48iw8cgw,https://thecozygarden.com/cdn/shop/files/47091_64059841.jpg?v=1774657574&width=832,10,gallery,REJECTED,,,
cozy-garden,cmtumea1r025hm5et48iw8cgw,https://thecozygarden.com/cdn/shop/files/47091_64059842.jpg?v=1774657574&width=832,11,gallery,REJECTED,,,
cozy-garden,cmtumea1r025hm5et48iw8cgw,https://thecozygarden.com/cdn/shop/files/47091_64059843.jpg?v=1774657574&width=832,12,gallery,REJECTED,,,
cozy-garden,cmtumea1r025hm5et48iw8cgw,https://thecozygarden.com/cdn/shop/files/47091_64059844.jpg?v=1774657574&width=832,13,gallery,REJECTED,,,
cozy-garden,cmtumea1r025hm5et48iw8cgw,https://thecozygarden.com/cdn/shop/files/47091_64059845.jpg?v=1774657574&width=832,14,gallery,REJECTED,,,
cozy-garden,cmtumea1r025hm5et48iw8cgw,https://thecozygarden.com/cdn/shop/files/47091_64059846.jpg?v=1774657574&width=832,15,gallery,REJECTED,,,
cozy-garden,cmtumeb0h025qm5et9079i0tc,https://thecozygarden.com/cdn/shop/files/810768.jpg?v=1774657579&width=1920,0,primary,DOWNLOADED,image/jpeg,212034,research-assets/cozy-garden/black-pine-planter/img-0.jpg
cozy-garden,cmtumeb0h025qm5et9079i0tc,http://thecozygarden.com/cdn/shop/files/810768.jpg?v=1774657579,1,gallery,DOWNLOADED,image/jpeg,212034,research-assets/cozy-garden/black-pine-planter/img-1.jpg
cozy-garden,cmtumeb0h025qm5et9079i0tc,https://thecozygarden.com/cdn/shop/files/810768.jpg?v=1774657579&width=3840,2,gallery,DOWNLOADED,image/jpeg,212034,research-assets/cozy-garden/black-pine-planter/img-2.jpg
cozy-garden,cmtumeb0h025qm5et9079i0tc,https://thecozygarden.com/cdn/shop/files/810768_63975681.jpg?v=1774657579&width=3840,3,gallery,VALIDATED,image/jpeg,21179,
cozy-garden,cmtumeb0h025qm5et9079i0tc,https://thecozygarden.com/cdn/shop/files/810768_63975682.jpg?v=1774657579&width=3840,4,gallery,VALIDATED,image/jpeg,64441,
cozy-garden,cmtumeb0h025qm5et9079i0tc,https://thecozygarden.com/cdn/shop/files/810768_63975683.jpg?v=1774657579&width=3840,5,gallery,VALIDATED,image/jpeg,14804,
cozy-garden,cmtumeb0h025qm5et9079i0tc,https://thecozygarden.com/cdn/shop/files/810768_63975684.jpg?v=1774657579&width=3840,6,gallery,VALIDATED,image/jpeg,13433,
cozy-garden,cmtumeb0h025qm5et9079i0tc,https://thecozygarden.com/cdn/shop/files/810768_63975685.jpg?v=1774657579&width=3840,7,gallery,VALIDATED,image/jpeg,66999,
cozy-garden,cmtumeb0h025qm5et9079i0tc,https://thecozygarden.com/cdn/shop/files/810768_63975686.jpg?v=1774657579&width=3840,8,gallery,REJECTED,,,
cozy-garden,cmtumeb0h025qm5et9079i0tc,https://thecozygarden.com/cdn/shop/files/810768_63975687.jpg?v=1774657579&width=3840,9,gallery,REJECTED,,,
cozy-garden,cmtumeb0h025qm5et9079i0tc,https://thecozygarden.com/cdn/shop/files/810768_63975688.jpg?v=1774657579&width=3840,10,gallery,REJECTED,,,
cozy-garden,cmtumeb0h025qm5et9079i0tc,https://thecozygarden.com/cdn/shop/files/810768.jpg?v=1774657579&width=832,11,gallery,REJECTED,,,
cozy-garden,cmtumeb0h025qm5et9079i0tc,https://thecozygarden.com/cdn/shop/files/810768_63975681.jpg?v=1774657579&width=832,12,gallery,REJECTED,,,
cozy-garden,cmtumeb0h025qm5et9079i0tc,https://thecozygarden.com/cdn/shop/files/810768_63975682.jpg?v=1774657579&width=832,13,gallery,REJECTED,,,
cozy-garden,cmtumeb0h025qm5et9079i0tc,https://thecozygarden.com/cdn/shop/files/810768_63975683.jpg?v=1774657579&width=832,14,gallery,REJECTED,,,
cozy-garden,cmtumeb0h025qm5et9079i0tc,https://thecozygarden.com/cdn/shop/files/810768_63975684.jpg?v=1774657579&width=832,15,gallery,REJECTED,,,
cozy-garden,cmtumeb0h025qm5et9079i0tc,https://thecozygarden.com/cdn/shop/files/810768_63975685.jpg?v=1774657579&width=832,16,gallery,REJECTED,,,
cozy-garden,cmtumeb0h025qm5et9079i0tc,https://thecozygarden.com/cdn/shop/files/810768_63975686.jpg?v=1774657579&width=832,17,gallery,REJECTED,,,
cozy-garden,cmtumeb0h025qm5et9079i0tc,https://thecozygarden.com/cdn/shop/files/810768_63975687.jpg?v=1774657579&width=832,18,gallery,REJECTED,,,
cozy-garden,cmtumeb0h025qm5et9079i0tc,https://thecozygarden.com/cdn/shop/files/810768_63975688.jpg?v=1774657579&width=832,19,gallery,REJECTED,,,
viridian-bay,cmtumetiz027vm5etwi08tfr3,http://viridianbay.com/cdn/shop/files/pb4383.jpg?v=1724797428&width=2048,0,primary,DOWNLOADED,image/jpeg,203770,research-assets/viridian-bay/aluminium-fireplace-candelabra/img-0.jpg
viridian-bay,cmtumetiz027vm5etwi08tfr3,https://viridianbay.com/cdn/shop/files/pb4383.jpg?v=1724797428&width=1000,1,gallery,DOWNLOADED,image/jpeg,192767,research-assets/viridian-bay/aluminium-fireplace-candelabra/img-1.jpg
viridian-bay,cmtumetiz027vm5etwi08tfr3,https://viridianbay.com/cdn/shop/products/pb34383zinc_918343a6-5484-433b-bd6b-640feb1ef5ec.jpg?v=1724797438&width=1000,2,gallery,DOWNLOADED,image/jpeg,116081,research-assets/viridian-bay/aluminium-fireplace-candelabra/img-2.jpg
viridian-bay,cmtumetiz027vm5etwi08tfr3,https://viridianbay.com/cdn/shop/products/pb34384bronze_213918d0-1605-406e-96b9-b9da2bc1c8e2.jpg?v=1724797438&width=1000,3,gallery,VALIDATED,image/jpeg,139098,
viridian-bay,cmtumetiz027vm5etwi08tfr3,https://viridianbay.com/cdn/shop/products/candelabra_bronze_8b45a496-c7d7-4e64-b920-e887c3bcdecf.jpg?v=1724797438&width=1000,4,gallery,VALIDATED,image/jpeg,180151,
viridian-bay,cmtumetiz027vm5etwi08tfr3,https://viridianbay.com/cdn/shop/products/candelabra_zinc_8a209da4-b7c0-4d11-8e5d-cbe2a4f04e55.jpg?v=1724797438&width=1000,5,gallery,VALIDATED,image/jpeg,168623,
viridian-bay,cmtumetiz027vm5etwi08tfr3,https://viridianbay.com/cdn/shop/products/pb34384i_0728c8ff-0161-4341-9207-cf00ef26926e.jpg?v=1724797438&width=1000,6,gallery,VALIDATED,image/jpeg,122216,
viridian-bay,cmtumetiz027vm5etwi08tfr3,https://viridianbay.com/cdn/shop/products/pb34383i_c2339ced-f24f-48c8-9cdd-1bcb036874a5.jpg?v=1724797438&width=1000,7,gallery,VALIDATED,image/jpeg,101234,
viridian-bay,cmtumetiz027vm5etwi08tfr3,https://viridianbay.com/cdn/shop/products/pb34383h_c0c67026-7d35-4962-b642-449863451c5d.jpg?v=1724797438&width=1000,8,gallery,REJECTED,,,
viridian-bay,cmtumetiz027vm5etwi08tfr3,https://viridianbay.com/cdn/shop/products/pb34384h_9bae3195-2cf6-48d0-b89c-7f66b3ec03f8.jpg?v=1724797438&width=1000,9,gallery,REJECTED,,,
viridian-bay,cmtumex04028pm5et5hru5pt2,https://viridianbay.com/cdn/shop/products/pb26053_2f363ae6-70d5-498d-9b08-877b393afcf9.jpg?v=1704929459&width=1920,0,primary,DOWNLOADED,image/jpeg,47918,research-assets/viridian-bay/glass-home-accessory/img-0.jpg
viridian-bay,cmtumex04028pm5et5hru5pt2,http://viridianbay.com/cdn/shop/products/pb26053_2f363ae6-70d5-498d-9b08-877b393afcf9.jpg?v=1704929459&width=2048,1,gallery,DOWNLOADED,image/jpeg,47918,research-assets/viridian-bay/glass-home-accessory/img-1.jpg
viridian-bay,cmtumex04028pm5et5hru5pt2,https://viridianbay.com/cdn/shop/products/pb26053_2f363ae6-70d5-498d-9b08-877b393afcf9.jpg?v=1704929459&width=1000,2,gallery,DOWNLOADED,image/jpeg,56110,research-assets/viridian-bay/glass-home-accessory/img-2.jpg
viridian-bay,cmtumex04028pm5et5hru5pt2,https://viridianbay.com/cdn/shop/files/PB26053_PB26050_01026361-bd85-42b4-ba70-d75f2df87b3f.jpg?v=1754512857&width=2000,3,gallery,VALIDATED,image/jpeg,277697,
viridian-bay,cmtumex04028pm5et5hru5pt2,https://viridianbay.com/cdn/shop/files/PB26053_western_theme.jpg?v=1754512857&width=1000,4,gallery,VALIDATED,image/jpeg,150548,
viridian-bay,cmtumex04028pm5et5hru5pt2,https://viridianbay.com/cdn/shop/products/pb26050andpb26053_a265b3f5-ba43-49b4-b50a-86643b5ad96f.jpg?v=1738864388&width=1000,5,gallery,VALIDATED,image/jpeg,208608,
viridian-bay,cmtumf0hx029gm5et5p68ip2m,http://viridianbay.com/cdn/shop/products/vb34459e_6518e9d4-5421-420b-97f0-a4fd9128701c.jpg?v=1704927199&width=2048,0,primary,DOWNLOADED,image/jpeg,83971,research-assets/viridian-bay/aluminium-garden-stool/img-0.jpg
viridian-bay,cmtumf0hx029gm5et5p68ip2m,https://viridianbay.com/cdn/shop/products/vb34459e_6518e9d4-5421-420b-97f0-a4fd9128701c.jpg?v=1704927199&width=1000,1,gallery,DOWNLOADED,image/jpeg,89890,research-assets/viridian-bay/aluminium-garden-stool/img-1.jpg
viridian-bay,cmtumf0hx029gm5et5p68ip2m,https://viridianbay.com/cdn/shop/products/VB34611_9316f746-18cc-4357-a1a1-d758bd5e1ce7.jpg?v=1704927199&width=1000,2,gallery,DOWNLOADED,image/jpeg,65296,research-assets/viridian-bay/aluminium-garden-stool/img-2.jpg
viridian-bay,cmtumf0hx029gm5et5p68ip2m,https://viridianbay.com/cdn/shop/products/vb34611_2023_97557d76-ff5c-49ef-b869-aae09a64f992.jpg?v=1704927199&width=1000,3,gallery,VALIDATED,image/jpeg,136247,
viridian-bay,cmtumf0hx029gm5et5p68ip2m,https://viridianbay.com/cdn/shop/products/vb34459_2023_833b0718-e13d-4770-a0fa-b76bf69d4f43.jpg?v=1704927199&width=1000,4,gallery,VALIDATED,image/jpeg,174541,
viridian-bay,cmtumf0hx029gm5et5p68ip2m,https://viridianbay.com/cdn/shop/products/vb34459b_d2f15484-565b-47d1-bfd6-dbe408af0639.jpg?v=1704927199&width=1000,5,gallery,VALIDATED,image/jpeg,132034,
viridian-bay,cmtumf0hx029gm5et5p68ip2m,https://viridianbay.com/cdn/shop/products/vb34459c_a33f8c45-747b-4dab-992f-6c1e9f5b4708.jpg?v=1704927199&width=1000,6,gallery,VALIDATED,image/jpeg,142051,
viridian-bay,cmtumf0hx029gm5et5p68ip2m,https://viridianbay.com/cdn/shop/products/VB34611_2_184a4d36-bca6-499b-9274-cafaf47e7418.jpg?v=1704927199&width=1000,7,gallery,VALIDATED,image/jpeg,68660,
viridian-bay,cmtumf0hx029gm5et5p68ip2m,https://viridianbay.com/cdn/shop/products/vb34459d_a546232c-9025-4ff2-89cf-63e12963a6d1.jpg?v=1704927199&width=1000,8,gallery,REJECTED,,,
viridian-bay,cmtumf0hx029gm5et5p68ip2m,https://viridianbay.com/cdn/shop/products/vb34459g_f619c6b0-7498-4a65-8cc6-1088a465aee3.jpg?v=1704927199&width=1000,9,gallery,REJECTED,,,
viridian-bay,cmtumf1na029sm5etjmp41mf1,https://viridianbay.com/cdn/shop/files/VB34467_table_riviera.jpg?v=1764711101&width=1920,0,primary,DOWNLOADED,image/jpeg,119555,research-assets/viridian-bay/aluminium-home-accessory/img-0.jpg
viridian-bay,cmtumf1na029sm5etjmp41mf1,https://cdn.shopify.com/s/files/1/1141/9284/files/VB34467_table_riviera.jpg?v=1764711101,1,gallery,DOWNLOADED,image/jpeg,119555,research-assets/viridian-bay/aluminium-home-accessory/img-1.jpg
viridian-bay,cmtumf1na029sm5etjmp41mf1,http://viridianbay.com/cdn/shop/files/VB34467_table_riviera.jpg?v=1764711101&width=2048,2,gallery,DOWNLOADED,image/jpeg,119555,research-assets/viridian-bay/aluminium-home-accessory/img-2.jpg
viridian-bay,cmtumf1na029sm5etjmp41mf1,https://viridianbay.com/cdn/shop/files/VB34467_table_riviera.jpg?v=1764711101&width=1000,3,gallery,VALIDATED,image/jpeg,207521,
viridian-bay,cmtumf1na029sm5etjmp41mf1,https://viridianbay.com/cdn/shop/products/vb34467b_d54832a9-8129-4a47-9002-78c08ffa7287.jpg?v=1764711101&width=1000,4,gallery,VALIDATED,image/jpeg,39391,
viridian-bay,cmtumf1na029sm5etjmp41mf1,https://viridianbay.com/cdn/shop/products/vb34467a_fbe64dd1-fbfa-4e63-b413-3cf71cd553e7.jpg?v=1764711101&width=1000,5,gallery,VALIDATED,image/jpeg,124576,
viridian-bay,cmtumf1na029sm5etjmp41mf1,https://viridianbay.com/cdn/shop/products/vb34467d_87abe7cc-1e8c-432b-830c-75c441b3692f.jpg?v=1764711101&width=1000,6,gallery,VALIDATED,image/jpeg,101817,
viridian-bay,cmtumf1na029sm5etjmp41mf1,https://viridianbay.com/cdn/shop/products/vb34467e_4bcf6554-0b6b-4d1c-b760-3726aa7003c0.jpg?v=1764711101&width=1000,7,gallery,VALIDATED,image/jpeg,141861,
viridian-bay,cmtumf1na029sm5etjmp41mf1,https://viridianbay.com/cdn/shop/products/vb34467f_25607def-6dd6-4cf8-a662-809571248152.jpg?v=1764711101&width=1000,8,gallery,REJECTED,,,
viridian-bay,cmtumf1na029sm5etjmp41mf1,https://viridianbay.com/cdn/shop/products/vb34467g_d6122730-3f06-4b38-8b5c-cb5bb81caebd.jpg?v=1764711101&width=1000,9,gallery,REJECTED,,,
viridian-bay,cmtumf2th02a1m5etn3du3u0w,https://viridianbay.com/cdn/shop/products/vb34469a_dc6ea75e-29c6-45b7-80c9-0ea85fdb1dbe.jpg?v=1704928100&width=1920,0,primary,DOWNLOADED,image/jpeg,122646,research-assets/viridian-bay/sand-glass-garden-piece/img-0.jpg
viridian-bay,cmtumf2th02a1m5etn3du3u0w,http://viridianbay.com/cdn/shop/products/vb34469a_dc6ea75e-29c6-45b7-80c9-0ea85fdb1dbe.jpg?v=1704928100&width=2048,1,gallery,DOWNLOADED,image/jpeg,122646,research-assets/viridian-bay/sand-glass-garden-piece/img-1.jpg
viridian-bay,cmtumf2th02a1m5etn3du3u0w,https://viridianbay.com/cdn/shop/products/vb34469a_dc6ea75e-29c6-45b7-80c9-0ea85fdb1dbe.jpg?v=1704928100&width=1000,2,gallery,DOWNLOADED,image/jpeg,139062,research-assets/viridian-bay/sand-glass-garden-piece/img-2.jpg
viridian-bay,cmtumf2th02a1m5etn3du3u0w,https://viridianbay.com/cdn/shop/products/vb34469c_8d722b2a-14aa-4602-a547-2dec5bedfe12.jpg?v=1740416643&width=1000,3,gallery,VALIDATED,image/jpeg,100886,
viridian-bay,cmtumf2th02a1m5etn3du3u0w,https://viridianbay.com/cdn/shop/products/vb34469b_eb0ea926-436e-4348-96df-6583a1815a5e.jpg?v=1740416643&width=1000,4,gallery,VALIDATED,image/jpeg,71243,
viridian-bay,cmtumf2th02a1m5etn3du3u0w,https://viridianbay.com/cdn/shop/products/vb34469e_65f5b3f1-e899-4630-abd8-c2b8f11a68d9.jpg?v=1740416643&width=1000,5,gallery,VALIDATED,image/jpeg,147371,
viridian-bay,cmtumf2th02a1m5etn3du3u0w,https://viridianbay.com/cdn/shop/products/vb34469d_ac42430e-a67e-4e7c-90d3-9ba4d965ddc2.jpg?v=1740416643&width=1000,6,gallery,VALIDATED,image/jpeg,121100,
viridian-bay,cmtumf2th02a1m5etn3du3u0w,https://viridianbay.com/cdn/shop/products/vb34469f_962fd0c6-41b6-4e86-9275-40a859ef3f91.jpg?v=1704928100&width=1000,7,gallery,VALIDATED,image/jpeg,111717,
lewpe,cmtumbgfu017hm5etn9rlsljq,http://www.lewpe.com/cdn/shop/files/braganca-stained-glass-orb-pendant-light-product-1.png?v=1779142664&width=2048,0,primary,DOWNLOADED,image/png,1306757,research-assets/lewpe/glass-pendant-light/img-0.png
lewpe,cmtumbgfu017hm5etn9rlsljq,https://www.lewpe.com/cdn/shop/files/braganca-stained-glass-orb-pendant-light-product-1.png?v=1779142664&width=1000,1,gallery,DOWNLOADED,image/png,1267834,research-assets/lewpe/glass-pendant-light/img-1.png
lewpe,cmtumbgfu017hm5etn9rlsljq,https://www.lewpe.com/cdn/shop/files/braganca-stained-glass-orb-pendant-light-product-2.png?v=1779142664&width=1000,2,gallery,DOWNLOADED,image/png,1192027,research-assets/lewpe/glass-pendant-light/img-2.png
lewpe,cmtumbgfu017hm5etn9rlsljq,https://www.lewpe.com/cdn/shop/files/braganca-stained-glass-orb-pendant-light-lifestyle-3.jpg?v=1779142664&width=2000,3,gallery,VALIDATED,image/jpeg,403309,
lewpe,cmtumbgfu017hm5etn9rlsljq,https://www.lewpe.com/cdn/shop/files/braganca-stained-glass-orb-pendant-light-lifestyle-4.jpg?v=1779142664&width=2000,4,gallery,VALIDATED,image/jpeg,564847,
lewpe,cmtumbgfu017hm5etn9rlsljq,https://www.lewpe.com/cdn/shop/files/braganca-stained-glass-orb-pendant-light-product-5.jpg?v=1779142664&width=1000,5,gallery,VALIDATED,image/jpeg,45175,
lewpe,cmtumbgfu017hm5etn9rlsljq,https://www.lewpe.com/cdn/shop/files/braganca-stained-glass-orb-pendant-light-product-6.jpg?v=1779142664&width=1000,6,gallery,VALIDATED,image/jpeg,121290,
lewpe,cmtumbgfu017hm5etn9rlsljq,https://www.lewpe.com/cdn/shop/files/braganca-stained-glass-orb-pendant-light-product-7.jpg?v=1779142664&width=800,7,gallery,VALIDATED,image/jpeg,25963,
lewpe,cmtumbgfu017hm5etn9rlsljq,https://www.lewpe.com/cdn/shop/files/braganca-stained-glass-orb-pendant-light-product-8.jpg?v=1779142664&width=1000,8,gallery,REJECTED,,,
lewpe,cmtumbgfu017hm5etn9rlsljq,https://www.lewpe.com/cdn/shop/files/braganca-stained-glass-orb-pendant-light-product-9.png?v=1779142664&width=1000,9,gallery,REJECTED,,,
lewpe,cmtumbgfu017hm5etn9rlsljq,https://www.lewpe.com/cdn/shop/files/braganca-stained-glass-orb-pendant-light-product-10.jpg?v=1779142664&width=1000,10,gallery,REJECTED,,,
lewpe,cmtumbgfu017hm5etn9rlsljq,https://www.lewpe.com/cdn/shop/files/braganca-stained-glass-orb-pendant-light-product-11.jpg?v=1779142664&width=1000,11,gallery,REJECTED,,,
lewpe,cmtumbgfu017hm5etn9rlsljq,https://www.lewpe.com/cdn/shop/files/braganca-stained-glass-orb-pendant-light-product-12.jpg?v=1779142664&width=1000,12,gallery,REJECTED,,,
lewpe,cmtumbgfu017hm5etn9rlsljq,https://www.lewpe.com/cdn/shop/files/braganca-stained-glass-orb-pendant-light-product-13.jpg?v=1779142664&width=1000,13,gallery,REJECTED,,,
lewpe,cmtumbgfu017hm5etn9rlsljq,https://www.lewpe.com/cdn/shop/files/braganca-stained-glass-orb-pendant-light-product-14.jpg?v=1779142664&width=1000,14,gallery,REJECTED,,,
lewpe,cmtumbgfu017hm5etn9rlsljq,https://www.lewpe.com/cdn/shop/files/braganca-stained-glass-orb-pendant-light-product-15.png?v=1779142664&width=1000,15,gallery,REJECTED,,,
lewpe,cmtumbgfu017hm5etn9rlsljq,https://www.lewpe.com/cdn/shop/files/braganca-stained-glass-orb-pendant-light-product-16.jpg?v=1779142664&width=1000,16,gallery,REJECTED,,,
lewpe,cmtumbgfu017hm5etn9rlsljq,https://www.lewpe.com/cdn/shop/files/braganca-stained-glass-orb-pendant-light-product-17.png?v=1779142664&width=1000,17,gallery,REJECTED,,,
lewpe,cmtumbgfu017hm5etn9rlsljq,https://www.lewpe.com/cdn/shop/files/braganca-stained-glass-orb-pendant-light-product-18.jpg?v=1779142664&width=1000,18,gallery,REJECTED,,,
lewpe,cmtumbgfu017hm5etn9rlsljq,https://www.lewpe.com/cdn/shop/files/braganca-stained-glass-orb-pendant-light-product-19.png?v=1779142664&width=1000,19,gallery,REJECTED,,,
lewpe,cmtumbgfu017hm5etn9rlsljq,https://www.lewpe.com/cdn/shop/files/braganca-stained-glass-orb-pendant-light-product-20.png?v=1779142664&width=1000,20,gallery,REJECTED,,,
lewpe,cmtumbgfu017hm5etn9rlsljq,https://www.lewpe.com/cdn/shop/files/braganca-stained-glass-orb-pendant-light-product-21.jpg?v=1779142664&width=1000,21,gallery,REJECTED,,,
lewpe,cmtumbgfu017hm5etn9rlsljq,https://www.lewpe.com/cdn/shop/files/braganca-stained-glass-orb-pendant-light-product-22.jpg?v=1779142664&width=1000,22,gallery,REJECTED,,,
lewpe,cmtumbgfu017hm5etn9rlsljq,https://www.lewpe.com/cdn/shop/files/braganca-stained-glass-orb-pendant-light-product-23.jpg?v=1779142664&width=1000,23,gallery,REJECTED,,,
cozy-garden,cmtume4210248m5etsw5lcivb,https://thecozygarden.com/cdn/shop/files/316391.jpg?v=1774657545&width=1920,0,primary,DOWNLOADED,image/jpeg,35331,research-assets/cozy-garden/wooden-garden-planter/img-0.jpg
cozy-garden,cmtume4210248m5etsw5lcivb,http://thecozygarden.com/cdn/shop/files/316391.jpg?v=1774657545,1,gallery,DOWNLOADED,image/jpeg,35331,research-assets/cozy-garden/wooden-garden-planter/img-1.jpg
cozy-garden,cmtume4210248m5etsw5lcivb,https://thecozygarden.com/cdn/shop/files/316391.jpg?v=1774657545&width=3840,2,gallery,DOWNLOADED,image/jpeg,35331,research-assets/cozy-garden/wooden-garden-planter/img-2.jpg
cozy-garden,cmtume4210248m5etsw5lcivb,https://thecozygarden.com/cdn/shop/files/316391_64025996.jpg?v=1774657545&width=3840,3,gallery,VALIDATED,image/jpeg,29595,
cozy-garden,cmtume4210248m5etsw5lcivb,https://thecozygarden.com/cdn/shop/files/316391_64025997.jpg?v=1774657545&width=3840,4,gallery,VALIDATED,image/jpeg,50881,
cozy-garden,cmtume4210248m5etsw5lcivb,https://thecozygarden.com/cdn/shop/files/316391_64025998.jpg?v=1774657545&width=3840,5,gallery,VALIDATED,image/jpeg,47923,
cozy-garden,cmtume4210248m5etsw5lcivb,https://thecozygarden.com/cdn/shop/files/316391_64025999.jpg?v=1774657545&width=3840,6,gallery,VALIDATED,image/jpeg,59710,
cozy-garden,cmtume4210248m5etsw5lcivb,https://thecozygarden.com/cdn/shop/files/316391.jpg?v=1774657545&width=832,7,gallery,VALIDATED,image/jpeg,57784,
cozy-garden,cmtume4210248m5etsw5lcivb,https://thecozygarden.com/cdn/shop/files/316391_64025996.jpg?v=1774657545&width=832,8,gallery,REJECTED,,,
cozy-garden,cmtume4210248m5etsw5lcivb,https://thecozygarden.com/cdn/shop/files/316391_64025997.jpg?v=1774657545&width=832,9,gallery,REJECTED,,,
cozy-garden,cmtume4210248m5etsw5lcivb,https://thecozygarden.com/cdn/shop/files/316391_64025998.jpg?v=1774657545&width=832,10,gallery,REJECTED,,,
cozy-garden,cmtume4210248m5etsw5lcivb,https://thecozygarden.com/cdn/shop/files/316391_64025999.jpg?v=1774657545&width=832,11,gallery,REJECTED,,,
viridian-bay,cmtumer7x0279m5et7dg0ni1j,http://viridianbay.com/cdn/shop/products/PB34379-palazzolantern-corrected_6702cf82-cf9d-4a26-bbb1-f4334ebab474.jpg?v=1710264833&width=2048,0,primary,DOWNLOADED,image/jpeg,177588,research-assets/viridian-bay/glass-garden-lantern/img-0.jpg
viridian-bay,cmtumer7x0279m5et7dg0ni1j,https://viridianbay.com/cdn/shop/products/PB34379-palazzolantern-corrected_6702cf82-cf9d-4a26-bbb1-f4334ebab474.jpg?v=1710264833&width=1000,1,gallery,DOWNLOADED,image/jpeg,195627,research-assets/viridian-bay/glass-garden-lantern/img-1.jpg
viridian-bay,cmtumer7x0279m5et7dg0ni1j,https://viridianbay.com/cdn/shop/products/pb34380_a6bc31d9-3942-469e-90af-1237c09ca0bf.jpg?v=1710264833&width=1000,2,gallery,DOWNLOADED,image/jpeg,44045,research-assets/viridian-bay/glass-garden-lantern/img-2.jpg
viridian-bay,cmtumer7x0279m5et7dg0ni1j,https://viridianbay.com/cdn/shop/products/pb34379_43f3e7a8-c556-49b4-b5a4-b2c03dfa6502.jpg?v=1710264833&width=1000,3,gallery,VALIDATED,image/jpeg,40167,
viridian-bay,cmtumer7x0279m5et7dg0ni1j,https://viridianbay.com/cdn/shop/products/palazzo.jpg?v=1710264833&width=1000,4,gallery,VALIDATED,image/jpeg,121764,
viridian-bay,cmtumer7x0279m5et7dg0ni1j,https://viridianbay.com/cdn/shop/products/lanterns1_f88e0710-78c8-4e24-a97e-e3af0b1bcff9.jpg?v=1710264833&width=1000,5,gallery,VALIDATED,image/jpeg,174940,
viridian-bay,cmtumer7x0279m5et7dg0ni1j,https://viridianbay.com/cdn/shop/products/lanterns2_8e701115-d4fb-4c88-bbff-e41b3dfbd3d9.jpg?v=1704929254&width=1000,6,gallery,VALIDATED,image/jpeg,305350,
ferm-living,cmtum80ec00vcm5et72krs0dn,https://fermliving.com/cdn/shop/files/208859_1104272022_1.png?v=1762177939,0,primary,DOWNLOADED,image/png,208907,research-assets/ferm-living/cotton-bolster-cushion/img-0.png
ferm-living,cmtum80ec00vcm5et72krs0dn,https://fermliving.com/cdn/shop/files/208859_1104272022_1_x1200.png?v=1762177939,1,gallery,DOWNLOADED,image/png,97533,research-assets/ferm-living/cotton-bolster-cushion/img-1.png
viridian-bay,cmtumfeg402crm5etdgyhdhsi,https://viridianbay.com/cdn/shop/products/vb34517a_f165c009-b9e9-45d1-96d9-477c201b9827.jpg?v=1704927929&width=1920,0,primary,DOWNLOADED,image/jpeg,57461,research-assets/viridian-bay/aluminium-garden-piece/img-0.jpg
viridian-bay,cmtumfeg402crm5etdgyhdhsi,https://cdn.shopify.com/s/files/1/1141/9284/products/vb34517a_f165c009-b9e9-45d1-96d9-477c201b9827.jpg?v=1704927929,1,gallery,DOWNLOADED,image/jpeg,57461,research-assets/viridian-bay/aluminium-garden-piece/img-1.jpg
viridian-bay,cmtumfeg402crm5etdgyhdhsi,http://viridianbay.com/cdn/shop/products/vb34517a_f165c009-b9e9-45d1-96d9-477c201b9827.jpg?v=1704927929&width=2048,2,gallery,DOWNLOADED,image/jpeg,57461,research-assets/viridian-bay/aluminium-garden-piece/img-2.jpg
viridian-bay,cmtumfeg402crm5etdgyhdhsi,https://viridianbay.com/cdn/shop/products/vb34517a_f165c009-b9e9-45d1-96d9-477c201b9827.jpg?v=1704927929&width=1000,3,gallery,VALIDATED,image/jpeg,62450,
viridian-bay,cmtumfeg402crm5etdgyhdhsi,https://viridianbay.com/cdn/shop/products/vb34517b_6b0e65f5-44b3-48c7-9774-4d1b355d73ac.jpg?v=1704927929&width=1000,4,gallery,VALIDATED,image/jpeg,310267,
viridian-bay,cmtumfeg402crm5etdgyhdhsi,https://viridianbay.com/cdn/shop/products/vb34517aa_274342c2-ccf1-418f-94b4-ff64b6c264ee.jpg?v=1704927929&width=1000,5,gallery,VALIDATED,image/jpeg,304855,
viridian-bay,cmtumfeg402crm5etdgyhdhsi,https://viridianbay.com/cdn/shop/products/vb34517c_c3312110-d4ca-4b68-b97d-7985d3ea0150.jpg?v=1704927929&width=1000,6,gallery,VALIDATED,image/jpeg,237565,
viridian-bay,cmtumfeg402crm5etdgyhdhsi,https://viridianbay.com/cdn/shop/products/vb34517d_6c58df76-7f6c-4859-872f-d08e595c85c6.jpg?v=1704927929&width=1000,7,gallery,VALIDATED,image/jpeg,136456,
viridian-bay,cmtumfeg402crm5etdgyhdhsi,https://viridianbay.com/cdn/shop/products/vb34517dd_de887be8-fc9f-4f72-aefb-c3a16a3b99df.jpg?v=1704927929&width=1000,8,gallery,REJECTED,,,
viridian-bay,cmtumfeg402crm5etdgyhdhsi,https://viridianbay.com/cdn/shop/files/VB34517_myvbstyle.jpg?v=1719595790&width=1000,9,gallery,REJECTED,,,
viridian-bay,cmtumffhf02d0m5et1ud58skw,https://viridianbay.com/cdn/shop/products/deerlantern1_f468a6e3-9bd3-412a-aa0b-91468cbb9795.jpg?v=1704926980&width=1920,0,primary,DOWNLOADED,image/jpeg,93229,research-assets/viridian-bay/glass-garden-piece/img-0.jpg
viridian-bay,cmtumffhf02d0m5et1ud58skw,http://viridianbay.com/cdn/shop/products/deerlantern1_f468a6e3-9bd3-412a-aa0b-91468cbb9795.jpg?v=1704926980&width=2048,1,gallery,DOWNLOADED,image/jpeg,93229,research-assets/viridian-bay/glass-garden-piece/img-1.jpg
viridian-bay,cmtumffhf02d0m5et1ud58skw,https://viridianbay.com/cdn/shop/products/deerlantern1_f468a6e3-9bd3-412a-aa0b-91468cbb9795.jpg?v=1704926980&width=1000,2,gallery,DOWNLOADED,image/jpeg,153130,research-assets/viridian-bay/glass-garden-piece/img-2.jpg
viridian-bay,cmtumffhf02d0m5et1ud58skw,https://viridianbay.com/cdn/shop/products/vb34527a_b114fa08-7315-4082-9408-2a16404a3b1d.jpg?v=1704926980&width=1000,3,gallery,VALIDATED,image/jpeg,46904,
viridian-bay,cmtumffhf02d0m5et1ud58skw,https://viridianbay.com/cdn/shop/products/vb34527d_3249fc2d-b479-4296-aac1-2626dd3a3273.jpg?v=1704926980&width=1000,4,gallery,VALIDATED,image/jpeg,129738,
viridian-bay,cmtumffhf02d0m5et1ud58skw,https://viridianbay.com/cdn/shop/products/vb34527b_cc84ddcf-6e56-42c4-b905-08e0e460797d.jpg?v=1704926980&width=1000,5,gallery,VALIDATED,image/jpeg,176186,
viridian-bay,cmtumffhf02d0m5et1ud58skw,https://viridianbay.com/cdn/shop/products/vb34527f_8541480b-aed1-49b1-aaa5-4bfaab8e7d30.jpg?v=1704926980&width=1000,6,gallery,VALIDATED,image/jpeg,97129,
viridian-bay,cmtumffhf02d0m5et1ud58skw,https://viridianbay.com/cdn/shop/products/vb34527b_a3d6bb07-f730-4d05-b0ea-c32bd6f1e970.jpg?v=1704926980&width=1000,7,gallery,VALIDATED,image/jpeg,41293,
viridian-bay,cmtumffhf02d0m5et1ud58skw,https://viridianbay.com/cdn/shop/products/vb34527c_0fcd8494-541b-4db2-8d5c-1413e2cb3883.jpg?v=1704926980&width=1000,8,gallery,REJECTED,,,
ferm-living,cmtum851a00wim5etsppmhk4e,https://fermliving.com/cdn/shop/files/197764_1104272021_1.png?v=1762177928,0,primary,DOWNLOADED,image/png,197812,research-assets/ferm-living/cotton-twill-bolster-cushion/img-0.png
ferm-living,cmtum851a00wim5etsppmhk4e,https://fermliving.com/cdn/shop/files/197764_1104272021_1_x1200.png?v=1762177928,1,gallery,DOWNLOADED,image/png,98414,research-assets/ferm-living/cotton-twill-bolster-cushion/img-1.png
cozy-garden,cmtumctpt01ukm5et35dxblvf,https://thecozygarden.com/cdn/shop/files/FGDFJ37JL000EYX7CV0.jpg?v=1774657320&width=1920,0,primary,DOWNLOADED,image/jpeg,183413,research-assets/cozy-garden/red-steel-kitchen-piece/img-0.jpg
cozy-garden,cmtumctpt01ukm5et35dxblvf,http://thecozygarden.com/cdn/shop/files/FGDFJ37JL000EYX7CV0.jpg?v=1774657320,1,gallery,DOWNLOADED,image/jpeg,183413,research-assets/cozy-garden/red-steel-kitchen-piece/img-1.jpg
cozy-garden,cmtumctpt01ukm5et35dxblvf,https://thecozygarden.com/cdn/shop/files/FGDFJ37JL000EYX7CV0.jpg?v=1774657320&width=3840,2,gallery,DOWNLOADED,image/jpeg,183413,research-assets/cozy-garden/red-steel-kitchen-piece/img-2.jpg
cozy-garden,cmtumdmr4020jm5etrxdo3zsp,https://thecozygarden.com/cdn/shop/files/ZZBHZ1PCS120Z3706001V0.jpg?v=1774657460&width=1920,0,primary,DOWNLOADED,image/jpeg,629150,research-assets/cozy-garden/red-steel-decor/img-0.jpg
cozy-garden,cmtumdmr4020jm5etrxdo3zsp,http://thecozygarden.com/cdn/shop/files/ZZBHZ1PCS120Z3706001V0.jpg?v=1774657460,1,gallery,DOWNLOADED,image/jpeg,629150,research-assets/cozy-garden/red-steel-decor/img-1.jpg
cozy-garden,cmtumdmr4020jm5etrxdo3zsp,https://thecozygarden.com/cdn/shop/files/ZZBHZ1PCS120Z3706001V0.jpg?v=1774657460&width=3840,2,gallery,DOWNLOADED,image/jpeg,629150,research-assets/cozy-garden/red-steel-decor/img-2.jpg
cozy-garden,cmtumdmr4020jm5etrxdo3zsp,https://thecozygarden.com/cdn/shop/files/ZZBHZ1PCS120Z3706001V0_101217752.jpg?v=1774657460&width=3840,3,gallery,VALIDATED,image/jpeg,53507,
cozy-garden,cmtumdmr4020jm5etrxdo3zsp,https://thecozygarden.com/cdn/shop/files/ZZBHZ1PCS120Z3706001V0_101217753.jpg?v=1774657460&width=3840,4,gallery,VALIDATED,image/jpeg,57563,
cozy-garden,cmtumdmr4020jm5etrxdo3zsp,https://thecozygarden.com/cdn/shop/files/ZZBHZ1PCS120Z3706001V0_101217754.jpg?v=1774657460&width=3840,5,gallery,VALIDATED,image/jpeg,48532,
cozy-garden,cmtumdmr4020jm5etrxdo3zsp,https://thecozygarden.com/cdn/shop/files/ZZBHZ1PCS120Z3706001V0_101217755.jpg?v=1774657460&width=3840,6,gallery,VALIDATED,image/jpeg,33683,
cozy-garden,cmtumdmr4020jm5etrxdo3zsp,https://thecozygarden.com/cdn/shop/files/ZZBHZ1PCS120Z3706001V0_101217756.jpg?v=1774657460&width=3840,7,gallery,VALIDATED,image/jpeg,35855,
cozy-garden,cmtumdmr4020jm5etrxdo3zsp,https://thecozygarden.com/cdn/shop/files/ZZBHZ1PCS120Z3706001V0_101217757.jpg?v=1774657460&width=3840,8,gallery,REJECTED,,,
cozy-garden,cmtumdmr4020jm5etrxdo3zsp,https://thecozygarden.com/cdn/shop/files/ZZBHZ1PCS120Z3706001V0_101217758.jpg?v=1774657460&width=3840,9,gallery,REJECTED,,,
cozy-garden,cmtumdmr4020jm5etrxdo3zsp,https://thecozygarden.com/cdn/shop/files/ZZBHZ1PCS120Z3706001V0_101217759.jpg?v=1774657460&width=3840,10,gallery,REJECTED,,,
cozy-garden,cmtumdmr4020jm5etrxdo3zsp,https://thecozygarden.com/cdn/shop/files/ZZBHZ1PCS120Z3706001V0_101217760.jpg?v=1774657460&width=3840,11,gallery,REJECTED,,,
cozy-garden,cmtumdmr4020jm5etrxdo3zsp,https://thecozygarden.com/cdn/shop/files/ZZBHZ1PCS120Z3706001V0.jpg?v=1774657460&width=832,12,gallery,REJECTED,,,
cozy-garden,cmtumdmr4020jm5etrxdo3zsp,https://thecozygarden.com/cdn/shop/files/ZZBHZ1PCS120Z3706001V0_101217752.jpg?v=1774657460&width=832,13,gallery,REJECTED,,,
cozy-garden,cmtumdmr4020jm5etrxdo3zsp,https://thecozygarden.com/cdn/shop/files/ZZBHZ1PCS120Z3706001V0_101217753.jpg?v=1774657460&width=832,14,gallery,REJECTED,,,
cozy-garden,cmtumdmr4020jm5etrxdo3zsp,https://thecozygarden.com/cdn/shop/files/ZZBHZ1PCS120Z3706001V0_101217754.jpg?v=1774657460&width=832,15,gallery,REJECTED,,,
cozy-garden,cmtumdmr4020jm5etrxdo3zsp,https://thecozygarden.com/cdn/shop/files/ZZBHZ1PCS120Z3706001V0_101217755.jpg?v=1774657460&width=832,16,gallery,REJECTED,,,
cozy-garden,cmtumdmr4020jm5etrxdo3zsp,https://thecozygarden.com/cdn/shop/files/ZZBHZ1PCS120Z3706001V0_101217756.jpg?v=1774657460&width=832,17,gallery,REJECTED,,,
cozy-garden,cmtumdmr4020jm5etrxdo3zsp,https://thecozygarden.com/cdn/shop/files/ZZBHZ1PCS120Z3706001V0_101217757.jpg?v=1774657460&width=832,18,gallery,REJECTED,,,
cozy-garden,cmtumdmr4020jm5etrxdo3zsp,https://thecozygarden.com/cdn/shop/files/ZZBHZ1PCS120Z3706001V0_101217758.jpg?v=1774657460&width=832,19,gallery,REJECTED,,,
cozy-garden,cmtumdmr4020jm5etrxdo3zsp,https://thecozygarden.com/cdn/shop/files/ZZBHZ1PCS120Z3706001V0_101217759.jpg?v=1774657460&width=832,20,gallery,REJECTED,,,
cozy-garden,cmtumdmr4020jm5etrxdo3zsp,https://thecozygarden.com/cdn/shop/files/ZZBHZ1PCS120Z3706001V0_101217760.jpg?v=1774657460&width=832,21,gallery,REJECTED,,,
cozy-garden,cmtumcw4601v2m5et88jihklr,https://thecozygarden.com/cdn/shop/files/SXPQJY550W53242TQV1.jpg?v=1774657331&width=1920,0,primary,DOWNLOADED,image/jpeg,303093,research-assets/cozy-garden/smart-home-device/img-0.jpg
cozy-garden,cmtumcw4601v2m5et88jihklr,http://thecozygarden.com/cdn/shop/files/SXPQJY550W53242TQV1.jpg?v=1774657331,1,gallery,DOWNLOADED,image/jpeg,303093,research-assets/cozy-garden/smart-home-device/img-1.jpg
cozy-garden,cmtumcw4601v2m5et88jihklr,https://thecozygarden.com/cdn/shop/files/SXPQJY550W53242TQV1.jpg?v=1774657331&width=3840,2,gallery,DOWNLOADED,image/jpeg,303093,research-assets/cozy-garden/smart-home-device/img-2.jpg
cozy-garden,cmtumdkeg0200m5etsaekpwuw,https://thecozygarden.com/cdn/shop/files/PELTLTHKTZ6J1Y3E6001V0.jpg?v=1774657449&width=1920,0,primary,DOWNLOADED,image/jpeg,363945,research-assets/cozy-garden/rattan-garden-piece/img-0.jpg
cozy-garden,cmtumdkeg0200m5etsaekpwuw,http://thecozygarden.com/cdn/shop/files/PELTLTHKTZ6J1Y3E6001V0.jpg?v=1774657449,1,gallery,DOWNLOADED,image/jpeg,363945,research-assets/cozy-garden/rattan-garden-piece/img-1.jpg
cozy-garden,cmtumdkeg0200m5etsaekpwuw,https://thecozygarden.com/cdn/shop/files/PELTLTHKTZ6J1Y3E6001V0.jpg?v=1774657449&width=3840,2,gallery,DOWNLOADED,image/jpeg,363945,research-assets/cozy-garden/rattan-garden-piece/img-2.jpg
cozy-garden,cmtumdkeg0200m5etsaekpwuw,https://thecozygarden.com/cdn/shop/files/PELTLTHKTZ6J1Y3E6001V0_92021381.jpg?v=1774657449&width=3840,3,gallery,VALIDATED,image/jpeg,46388,
cozy-garden,cmtumdkeg0200m5etsaekpwuw,https://thecozygarden.com/cdn/shop/files/PELTLTHKTZ6J1Y3E6001V0_92021382.jpg?v=1774657449&width=3840,4,gallery,VALIDATED,image/jpeg,55130,
cozy-garden,cmtumdkeg0200m5etsaekpwuw,https://thecozygarden.com/cdn/shop/files/PELTLTHKTZ6J1Y3E6001V0_92021383.jpg?v=1774657449&width=3840,5,gallery,VALIDATED,image/jpeg,42719,
cozy-garden,cmtumdkeg0200m5etsaekpwuw,https://thecozygarden.com/cdn/shop/files/PELTLTHKTZ6J1Y3E6001V0_92021384.jpg?v=1774657449&width=3840,6,gallery,VALIDATED,image/jpeg,51280,
cozy-garden,cmtumdkeg0200m5etsaekpwuw,https://thecozygarden.com/cdn/shop/files/PELTLTHKTZ6J1Y3E6001V0_92021385.jpg?v=1774657449&width=3840,7,gallery,VALIDATED,image/jpeg,35593,
cozy-garden,cmtumdkeg0200m5etsaekpwuw,https://thecozygarden.com/cdn/shop/files/PELTLTHKTZ6J1Y3E6001V0_92021386.jpg?v=1774657449&width=3840,8,gallery,REJECTED,,,
cozy-garden,cmtumdkeg0200m5etsaekpwuw,https://thecozygarden.com/cdn/shop/files/PELTLTHKTZ6J1Y3E6001V0_92021387.jpg?v=1774657449&width=3840,9,gallery,REJECTED,,,
cozy-garden,cmtumdkeg0200m5etsaekpwuw,https://thecozygarden.com/cdn/shop/files/PELTLTHKTZ6J1Y3E6001V0_92021388.jpg?v=1774657449&width=3840,10,gallery,REJECTED,,,
cozy-garden,cmtumdkeg0200m5etsaekpwuw,https://thecozygarden.com/cdn/shop/files/PELTLTHKTZ6J1Y3E6001V0_92021389.jpg?v=1774657449&width=3840,11,gallery,REJECTED,,,
cozy-garden,cmtumdkeg0200m5etsaekpwuw,https://thecozygarden.com/cdn/shop/files/PELTLTHKTZ6J1Y3E6001V0.jpg?v=1774657449&width=832,12,gallery,REJECTED,,,
cozy-garden,cmtumdkeg0200m5etsaekpwuw,https://thecozygarden.com/cdn/shop/files/PELTLTHKTZ6J1Y3E6001V0_92021381.jpg?v=1774657449&width=832,13,gallery,REJECTED,,,
cozy-garden,cmtumdkeg0200m5etsaekpwuw,https://thecozygarden.com/cdn/shop/files/PELTLTHKTZ6J1Y3E6001V0_92021382.jpg?v=1774657449&width=832,14,gallery,REJECTED,,,
cozy-garden,cmtumdkeg0200m5etsaekpwuw,https://thecozygarden.com/cdn/shop/files/PELTLTHKTZ6J1Y3E6001V0_92021383.jpg?v=1774657449&width=832,15,gallery,REJECTED,,,
cozy-garden,cmtumdkeg0200m5etsaekpwuw,https://thecozygarden.com/cdn/shop/files/PELTLTHKTZ6J1Y3E6001V0_92021384.jpg?v=1774657449&width=832,16,gallery,REJECTED,,,
cozy-garden,cmtumdkeg0200m5etsaekpwuw,https://thecozygarden.com/cdn/shop/files/PELTLTHKTZ6J1Y3E6001V0_92021385.jpg?v=1774657449&width=832,17,gallery,REJECTED,,,
cozy-garden,cmtumdkeg0200m5etsaekpwuw,https://thecozygarden.com/cdn/shop/files/PELTLTHKTZ6J1Y3E6001V0_92021386.jpg?v=1774657449&width=832,18,gallery,REJECTED,,,
cozy-garden,cmtumdkeg0200m5etsaekpwuw,https://thecozygarden.com/cdn/shop/files/PELTLTHKTZ6J1Y3E6001V0_92021387.jpg?v=1774657449&width=832,19,gallery,REJECTED,,,
cozy-garden,cmtumdkeg0200m5etsaekpwuw,https://thecozygarden.com/cdn/shop/files/PELTLTHKTZ6J1Y3E6001V0_92021388.jpg?v=1774657449&width=832,20,gallery,REJECTED,,,
cozy-garden,cmtumdkeg0200m5etsaekpwuw,https://thecozygarden.com/cdn/shop/files/PELTLTHKTZ6J1Y3E6001V0_92021389.jpg?v=1774657449&width=832,21,gallery,REJECTED,,,
lewpe,cmtumbprj01ckm5etl7v7ohqi,http://www.lewpe.com/cdn/shop/files/guarda-v1-black-product-photo.png?v=1779219801&width=2048,0,primary,DOWNLOADED,image/png,1302793,research-assets/lewpe/minimalist-aluminum-wall-sconce/img-0.png
lewpe,cmtumbprj01ckm5etl7v7ohqi,https://www.lewpe.com/cdn/shop/files/guarda-v1-black-product-photo.png?v=1779219801&width=1000,1,gallery,DOWNLOADED,image/png,1240027,research-assets/lewpe/minimalist-aluminum-wall-sconce/img-1.png
lewpe,cmtumbprj01ckm5etl7v7ohqi,https://www.lewpe.com/cdn/shop/files/guarda-v4-product-photo.png?v=1779219801&width=1000,2,gallery,DOWNLOADED,image/png,1148390,research-assets/lewpe/minimalist-aluminum-wall-sconce/img-2.png
lewpe,cmtumbprj01ckm5etl7v7ohqi,https://www.lewpe.com/cdn/shop/files/guarda-v2-coffee-product-photo.png?v=1779219801&width=1000,3,gallery,VALIDATED,image/png,1218611,
lewpe,cmtumbprj01ckm5etl7v7ohqi,https://www.lewpe.com/cdn/shop/files/guarda-v1-black-lifestyle-3.jpg?v=1779219801&width=2000,4,gallery,VALIDATED,image/jpeg,602195,
lewpe,cmtumbprj01ckm5etl7v7ohqi,https://www.lewpe.com/cdn/shop/files/guarda-v4-lifestyle-1.jpg?v=1779219801&width=2000,5,gallery,VALIDATED,image/jpeg,605619,
lewpe,cmtumbprj01ckm5etl7v7ohqi,https://www.lewpe.com/cdn/shop/files/guarda-wall-sconce-gray.jpg?v=1781539740&width=600,6,gallery,VALIDATED,image/jpeg,30335,
lewpe,cmtumbprj01ckm5etl7v7ohqi,https://www.lewpe.com/cdn/shop/files/guarda-v1-black-product-photo.png?v=1779219801&width=168,7,gallery,VALIDATED,image/png,33482,
lewpe,cmtumbprj01ckm5etl7v7ohqi,https://www.lewpe.com/cdn/shop/files/guarda-v4-product-photo.png?v=1779219801&width=168,8,gallery,REJECTED,,,
lewpe,cmtumbprj01ckm5etl7v7ohqi,https://www.lewpe.com/cdn/shop/files/guarda-v2-coffee-product-photo.png?v=1779219801&width=168,9,gallery,REJECTED,,,
lewpe,cmtumbprj01ckm5etl7v7ohqi,https://www.lewpe.com/cdn/shop/files/guarda-v1-black-lifestyle-3.jpg?v=1779219801&width=168,10,gallery,REJECTED,,,
lewpe,cmtumbprj01ckm5etl7v7ohqi,https://www.lewpe.com/cdn/shop/files/guarda-v4-lifestyle-1.jpg?v=1779219801&width=168,11,gallery,REJECTED,,,
lewpe,cmtumbprj01ckm5etl7v7ohqi,https://www.lewpe.com/cdn/shop/files/guarda-wall-sconce-gray.jpg?v=1781539740&width=168,12,gallery,REJECTED,,,
ferm-living,cmtum70j200lcm5et3ir8l9be,https://fermliving.com/cdn/shop/files/208308_1104271110_1.png?v=1762175255,0,primary,DOWNLOADED,image/png,208356,research-assets/ferm-living/green-travertine-piece/img-0.png
ferm-living,cmtum70j200lcm5et3ir8l9be,https://fermliving.com/cdn/shop/files/208308_1104271110_1_x1200.png?v=1762175255,1,gallery,DOWNLOADED,image/png,219279,research-assets/ferm-living/green-travertine-piece/img-1.png
cozy-garden,cmtumd6hp01x5m5et02ns5cf1,https://thecozygarden.com/cdn/shop/files/S324bfbe28bc54614950a7923e54de2f4p.webp?v=1774657381&width=1920,0,primary,DOWNLOADED,image/jpeg,272083,research-assets/cozy-garden/green-iron-outdoor-light/img-0.jpg
cozy-garden,cmtumd6hp01x5m5et02ns5cf1,http://thecozygarden.com/cdn/shop/files/S324bfbe28bc54614950a7923e54de2f4p.webp?v=1774657381,1,gallery,DOWNLOADED,image/jpeg,272083,research-assets/cozy-garden/green-iron-outdoor-light/img-1.jpg
cozy-garden,cmtumd6hp01x5m5et02ns5cf1,https://thecozygarden.com/cdn/shop/files/S324bfbe28bc54614950a7923e54de2f4p.webp?v=1774657381&width=3840,2,gallery,DOWNLOADED,image/jpeg,272083,research-assets/cozy-garden/green-iron-outdoor-light/img-2.jpg
cozy-garden,cmtumd6hp01x5m5et02ns5cf1,https://thecozygarden.com/cdn/shop/files/S324bfbe28bc54614950a7923e54de2f4p_7504d1b0-dc34-4b8c-a01b-bf4865ea3332.webp?v=1774657381&width=3840,3,gallery,VALIDATED,image/jpeg,272083,
cozy-garden,cmtumd6hp01x5m5et02ns5cf1,https://thecozygarden.com/cdn/shop/files/Sbcb4d3f8dd534b0fbfffcae6eb89f92dt.webp?v=1774657381&width=3840,4,gallery,VALIDATED,image/jpeg,190759,
cozy-garden,cmtumd6hp01x5m5et02ns5cf1,https://thecozygarden.com/cdn/shop/files/S2361d01de537465681cf0c06ffeac18ai.webp?v=1774657381&width=3840,5,gallery,VALIDATED,image/jpeg,93961,
cozy-garden,cmtumd6hp01x5m5et02ns5cf1,https://thecozygarden.com/cdn/shop/files/S4594fa9af13545878c989f512c8f1726N.webp?v=1774657381&width=3840,6,gallery,VALIDATED,image/jpeg,117590,
cozy-garden,cmtumd6hp01x5m5et02ns5cf1,https://thecozygarden.com/cdn/shop/files/S6e7d1bd7f7d9403d9c3b37ae00db71d8Q.webp?v=1774657381&width=3840,7,gallery,VALIDATED,image/jpeg,140962,
cozy-garden,cmtumd6hp01x5m5et02ns5cf1,https://thecozygarden.com/cdn/shop/files/S17b7464d1218465bbcaec594c7330915T.webp?v=1774657382&width=3840,8,gallery,REJECTED,,,
cozy-garden,cmtumd6hp01x5m5et02ns5cf1,https://thecozygarden.com/cdn/shop/files/S324bfbe28bc54614950a7923e54de2f4p.webp?v=1774657381&width=832,9,gallery,REJECTED,,,
cozy-garden,cmtumd6hp01x5m5et02ns5cf1,https://thecozygarden.com/cdn/shop/files/S324bfbe28bc54614950a7923e54de2f4p_7504d1b0-dc34-4b8c-a01b-bf4865ea3332.webp?v=1774657381&width=832,10,gallery,REJECTED,,,
cozy-garden,cmtumd6hp01x5m5et02ns5cf1,https://thecozygarden.com/cdn/shop/files/Sbcb4d3f8dd534b0fbfffcae6eb89f92dt.webp?v=1774657381&width=832,11,gallery,REJECTED,,,
cozy-garden,cmtumd6hp01x5m5et02ns5cf1,https://thecozygarden.com/cdn/shop/files/S2361d01de537465681cf0c06ffeac18ai.webp?v=1774657381&width=832,12,gallery,REJECTED,,,
cozy-garden,cmtumd6hp01x5m5et02ns5cf1,https://thecozygarden.com/cdn/shop/files/S4594fa9af13545878c989f512c8f1726N.webp?v=1774657381&width=832,13,gallery,REJECTED,,,
cozy-garden,cmtumd6hp01x5m5et02ns5cf1,https://thecozygarden.com/cdn/shop/files/S6e7d1bd7f7d9403d9c3b37ae00db71d8Q.webp?v=1774657381&width=832,14,gallery,REJECTED,,,
cozy-garden,cmtumd6hp01x5m5et02ns5cf1,https://thecozygarden.com/cdn/shop/files/S17b7464d1218465bbcaec594c7330915T.webp?v=1774657382&width=832,15,gallery,REJECTED,,,
ferm-living,cmtum7gld00q4m5et3rn9872w,https://fermliving.com/cdn/shop/files/228786_1104271949_1.png?v=1762177901,0,primary,DOWNLOADED,image/png,228834,research-assets/ferm-living/bamboo-storage-light/img-0.png
ferm-living,cmtum7gld00q4m5et3rn9872w,https://fermliving.com/cdn/shop/files/228786_1104271949_1_x1200.png?v=1762177901,1,gallery,DOWNLOADED,image/png,144304,research-assets/ferm-living/bamboo-storage-light/img-1.png
viridian-bay,cmtumf9y702bom5etz7v33w7c,http://viridianbay.com/cdn/shop/products/vb34507c_40349f26-a7fe-4c02-a22e-8a2224c3ef1d.jpg?v=1773767975&width=2048,0,primary,DOWNLOADED,image/jpeg,117692,research-assets/viridian-bay/glass-garden-lantern-46/img-0.jpg
viridian-bay,cmtumf9y702bom5etz7v33w7c,https://viridianbay.com/cdn/shop/products/vb34507c_40349f26-a7fe-4c02-a22e-8a2224c3ef1d.jpg?v=1773767975&width=1000,1,gallery,DOWNLOADED,image/jpeg,136280,research-assets/viridian-bay/glass-garden-lantern-46/img-1.jpg
viridian-bay,cmtumf9y702bom5etz7v33w7c,https://viridianbay.com/cdn/shop/files/VB34508_studio_ls.jpg?v=1773767975&width=1000,2,gallery,DOWNLOADED,image/jpeg,45919,research-assets/viridian-bay/glass-garden-lantern-46/img-2.jpg
viridian-bay,cmtumf9y702bom5etz7v33w7c,https://viridianbay.com/cdn/shop/files/VB34507_studio_ls.jpg?v=1773767975&width=1000,3,gallery,VALIDATED,image/jpeg,76660,
viridian-bay,cmtumf9y702bom5etz7v33w7c,https://viridianbay.com/cdn/shop/products/swirling_feathers_tall_short_9ce9e5d3-8709-4872-a7df-2d93c18ad78d.jpg?v=1773767975&width=1000,4,gallery,VALIDATED,image/jpeg,170829,
viridian-bay,cmtumf9y702bom5etz7v33w7c,https://viridianbay.com/cdn/shop/products/vb34508d_83f86d6a-be58-495a-889a-c125af7ad7b5.jpg?v=1773767975&width=1000,5,gallery,VALIDATED,image/jpeg,139100,
viridian-bay,cmtumf9y702bom5etz7v33w7c,https://viridianbay.com/cdn/shop/files/SwirlingFeathers_tall_short.jpg?v=1773767922&width=1000,6,gallery,VALIDATED,image/jpeg,200131,
cozy-garden,cmtumdrbf021hm5etha9a75ro,http://thecozygarden.com/cdn/shop/files/HW74046.jpg?v=1774657482,0,primary,DOWNLOADED,image/jpeg,35225,research-assets/cozy-garden/acacia-wall-panel/img-0.jpg
cozy-garden,cmtumdrbf021hm5etha9a75ro,https://thecozygarden.com/cdn/shop/files/HW74046.jpg?v=1774657482&width=3840,1,gallery,DOWNLOADED,image/jpeg,35225,research-assets/cozy-garden/acacia-wall-panel/img-1.jpg
cozy-garden,cmtumdrbf021hm5etha9a75ro,https://thecozygarden.com/cdn/shop/files/HW74046_88566861.jpg?v=1774657482&width=3840,2,gallery,DOWNLOADED,image/jpeg,90286,research-assets/cozy-garden/acacia-wall-panel/img-2.jpg
cozy-garden,cmtumdrbf021hm5etha9a75ro,https://thecozygarden.com/cdn/shop/files/HW74046_88566862.jpg?v=1774657482&width=3840,3,gallery,VALIDATED,image/jpeg,77543,
cozy-garden,cmtumdrbf021hm5etha9a75ro,https://thecozygarden.com/cdn/shop/files/HW74046_88566863.jpg?v=1774657482&width=3840,4,gallery,VALIDATED,image/jpeg,53656,
cozy-garden,cmtumdrbf021hm5etha9a75ro,https://thecozygarden.com/cdn/shop/files/HW74046_88566864.jpg?v=1774657482&width=3840,5,gallery,VALIDATED,image/jpeg,54817,
cozy-garden,cmtumdrbf021hm5etha9a75ro,https://thecozygarden.com/cdn/shop/files/HW74046.jpg?v=1774657482&width=832,6,gallery,VALIDATED,image/jpeg,35225,
cozy-garden,cmtumdrbf021hm5etha9a75ro,https://thecozygarden.com/cdn/shop/files/HW74046_88566861.jpg?v=1774657482&width=832,7,gallery,VALIDATED,image/jpeg,90286,
cozy-garden,cmtumdrbf021hm5etha9a75ro,https://thecozygarden.com/cdn/shop/files/HW74046_88566862.jpg?v=1774657482&width=832,8,gallery,REJECTED,,,
cozy-garden,cmtumdrbf021hm5etha9a75ro,https://thecozygarden.com/cdn/shop/files/HW74046_88566863.jpg?v=1774657482&width=832,9,gallery,REJECTED,,,
cozy-garden,cmtumdrbf021hm5etha9a75ro,https://thecozygarden.com/cdn/shop/files/HW74046_88566864.jpg?v=1774657482&width=832,10,gallery,REJECTED,,,
viridian-bay,cmtumfd7w02cim5etc6dlsm0n,https://viridianbay.com/cdn/shop/products/vb34501b_66bd45ba-8634-4df0-98f4-7baeef7e4a42.jpg?v=1716245651&width=1920,0,primary,DOWNLOADED,image/jpeg,71543,research-assets/viridian-bay/aluminium-shade-outdoor-piece/img-0.jpg
viridian-bay,cmtumfd7w02cim5etc6dlsm0n,http://viridianbay.com/cdn/shop/products/vb34501b_66bd45ba-8634-4df0-98f4-7baeef7e4a42.jpg?v=1716245651&width=2048,1,gallery,DOWNLOADED,image/jpeg,71543,research-assets/viridian-bay/aluminium-shade-outdoor-piece/img-1.jpg
viridian-bay,cmtumfd7w02cim5etc6dlsm0n,https://viridianbay.com/cdn/shop/products/vb34501b_66bd45ba-8634-4df0-98f4-7baeef7e4a42.jpg?v=1716245651&width=1000,2,gallery,DOWNLOADED,image/jpeg,72784,research-assets/viridian-bay/aluminium-shade-outdoor-piece/img-2.jpg
viridian-bay,cmtumfd7w02cim5etc6dlsm0n,https://viridianbay.com/cdn/shop/files/VB34501_VB35386.jpg?v=1716245651&width=1000,3,gallery,VALIDATED,image/jpeg,151033,
viridian-bay,cmtumfd7w02cim5etc6dlsm0n,https://viridianbay.com/cdn/shop/products/vb34501d_f8e688da-c7ff-4b7b-a0f0-ab27353a0ee5.jpg?v=1716245651&width=1000,4,gallery,VALIDATED,image/jpeg,214281,
viridian-bay,cmtumfd7w02cim5etc6dlsm0n,https://viridianbay.com/cdn/shop/products/vb34501a_7ef9e6a6-1815-44c2-bdcb-7d552f45caba.jpg?v=1716245651&width=1000,5,gallery,VALIDATED,image/jpeg,169360,
viridian-bay,cmtumfd7w02cim5etc6dlsm0n,https://viridianbay.com/cdn/shop/files/VB34501_VB34991.jpg?v=1716245651&width=1000,6,gallery,VALIDATED,image/jpeg,114160,
viridian-bay,cmtumfd7w02cim5etc6dlsm0n,https://viridianbay.com/cdn/shop/products/vb34501c_695ee650-10c0-492a-885c-10e72e5b0a68.jpg?v=1716245651&width=1000,7,gallery,VALIDATED,image/jpeg,145299,
viridian-bay,cmtumfd7w02cim5etc6dlsm0n,https://viridianbay.com/cdn/shop/products/vb34501e_cbf5c11e-c2b6-4626-bda4-c4dcea2b7bdb.jpg?v=1716245648&width=1000,8,gallery,REJECTED,,,
viridian-bay,cmtumfd7w02cim5etc6dlsm0n,https://viridianbay.com/cdn/shop/products/vb34501f_bd3bae93-4c67-427a-938a-39da2b4901b9.jpg?v=1716245648&width=1000,9,gallery,REJECTED,,,
viridian-bay,cmtumey6r028ym5etk8prwhx7,https://viridianbay.com/cdn/shop/products/pb34370-silo-color-corrected_44db4797-80ee-4087-bba9-a21c2856668f.jpg?v=1704929280&width=1920,0,primary,DOWNLOADED,image/jpeg,43328,research-assets/viridian-bay/aluminium-basin-planter/img-0.jpg
viridian-bay,cmtumey6r028ym5etk8prwhx7,http://viridianbay.com/cdn/shop/products/pb34370-silo-color-corrected_44db4797-80ee-4087-bba9-a21c2856668f.jpg?v=1704929280&width=2048,1,gallery,DOWNLOADED,image/jpeg,43328,research-assets/viridian-bay/aluminium-basin-planter/img-1.jpg
viridian-bay,cmtumey6r028ym5etk8prwhx7,https://viridianbay.com/cdn/shop/products/pb34370-silo-color-corrected_44db4797-80ee-4087-bba9-a21c2856668f.jpg?v=1704929280&width=1000,2,gallery,DOWNLOADED,image/jpeg,44589,research-assets/viridian-bay/aluminium-basin-planter/img-2.jpg
viridian-bay,cmtumey6r028ym5etk8prwhx7,https://viridianbay.com/cdn/shop/files/PB34370_2024.jpg?v=1726519509&width=1000,3,gallery,VALIDATED,image/jpeg,233289,
viridian-bay,cmtumey6r028ym5etk8prwhx7,https://viridianbay.com/cdn/shop/files/pb3437_ls.jpg?v=1716319852&width=1000,4,gallery,VALIDATED,image/jpeg,288879,
viridian-bay,cmtumey6r028ym5etk8prwhx7,https://viridianbay.com/cdn/shop/files/pb3437_detail.jpg?v=1716320097&width=1000,5,gallery,VALIDATED,image/jpeg,130945,
viridian-bay,cmtumey6r028ym5etk8prwhx7,https://viridianbay.com/cdn/shop/files/PB34370_2024_2.jpg?v=1726519509&width=1000,6,gallery,VALIDATED,image/jpeg,174209,
lewpe,cmtumc18s01jpm5et3aookmp3,http://www.lewpe.com/cdn/shop/files/elvas-art-deco-ribbed-glass-flush-mount-ceiling-light-chrome-beige-product-0.jpg?v=1779140279&width=2048,0,primary,DOWNLOADED,image/jpeg,84778,research-assets/lewpe/glass-red-ambient-lamp/img-0.jpg
lewpe,cmtumc18s01jpm5et3aookmp3,https://www.lewpe.com/cdn/shop/files/elvas-art-deco-ribbed-glass-flush-mount-ceiling-light-chrome-beige-product-0.jpg?v=1779140279&width=2000,1,gallery,DOWNLOADED,image/jpeg,77677,research-assets/lewpe/glass-red-ambient-lamp/img-1.jpg
lewpe,cmtumc18s01jpm5et3aookmp3,https://www.lewpe.com/cdn/shop/files/elvas-art-deco-ribbed-glass-flush-mount-ceiling-light-gold-beige-product-0.png?v=1779140279&width=1000,2,gallery,DOWNLOADED,image/png,952152,research-assets/lewpe/glass-red-ambient-lamp/img-2.png
lewpe,cmtumc18s01jpm5et3aookmp3,https://www.lewpe.com/cdn/shop/files/elvas-art-deco-ribbed-glass-flush-mount-ceiling-light-chrome-white-product-0.png?v=1779140279&width=1000,3,gallery,VALIDATED,image/png,940385,
lewpe,cmtumc18s01jpm5et3aookmp3,https://www.lewpe.com/cdn/shop/files/elvas-art-deco-ribbed-glass-flush-mount-ceiling-light-gold-white-product-0.png?v=1779140279&width=1000,4,gallery,VALIDATED,image/png,936037,
lewpe,cmtumc18s01jpm5et3aookmp3,https://www.lewpe.com/cdn/shop/files/elvas-art-deco-ribbed-glass-flush-mount-ceiling-light-lifestyle-1.jpg?v=1779140279&width=2000,5,gallery,VALIDATED,image/jpeg,554669,
lewpe,cmtumc18s01jpm5et3aookmp3,https://www.lewpe.com/cdn/shop/files/elvas-art-deco-ribbed-glass-flush-mount-ceiling-light-lifestyle-2.jpg?v=1779140279&width=2000,6,gallery,VALIDATED,image/jpeg,475893,
lewpe,cmtumc18s01jpm5et3aookmp3,https://www.lewpe.com/cdn/shop/files/elvas-art-deco-ribbed-glass-flush-mount-ceiling-light-lifestyle-4.jpg?v=1779140279&width=2000,7,gallery,VALIDATED,image/jpeg,247017,
lewpe,cmtumc18s01jpm5et3aookmp3,https://www.lewpe.com/cdn/shop/files/elvas-art-deco-ribbed-glass-flush-mount-ceiling-light-lifestyle-5.jpg?v=1779140502&width=2000,8,gallery,REJECTED,,,
lewpe,cmtumc18s01jpm5et3aookmp3,https://www.lewpe.com/cdn/shop/files/elvas-art-deco-ribbed-glass-flush-mount-ceiling-light-lifestyle-6.jpg?v=1779140502&width=2000,9,gallery,REJECTED,,,
lewpe,cmtumc18s01jpm5et3aookmp3,https://www.lewpe.com/cdn/shop/files/elvas-art-deco-ribbed-glass-flush-mount-ceiling-light-chrome-beige-product-0.jpg?v=1779140279&width=168,10,gallery,REJECTED,,,
lewpe,cmtumc18s01jpm5et3aookmp3,https://www.lewpe.com/cdn/shop/files/elvas-art-deco-ribbed-glass-flush-mount-ceiling-light-gold-beige-product-0.png?v=1779140279&width=168,11,gallery,REJECTED,,,
lewpe,cmtumc18s01jpm5et3aookmp3,https://www.lewpe.com/cdn/shop/files/elvas-art-deco-ribbed-glass-flush-mount-ceiling-light-chrome-white-product-0.png?v=1779140279&width=168,12,gallery,REJECTED,,,
lewpe,cmtumc18s01jpm5et3aookmp3,https://www.lewpe.com/cdn/shop/files/elvas-art-deco-ribbed-glass-flush-mount-ceiling-light-gold-white-product-0.png?v=1779140279&width=168,13,gallery,REJECTED,,,
lewpe,cmtumc18s01jpm5et3aookmp3,https://www.lewpe.com/cdn/shop/files/elvas-art-deco-ribbed-glass-flush-mount-ceiling-light-lifestyle-1.jpg?v=1779140279&width=168,14,gallery,REJECTED,,,
lewpe,cmtumc18s01jpm5et3aookmp3,https://www.lewpe.com/cdn/shop/files/elvas-art-deco-ribbed-glass-flush-mount-ceiling-light-lifestyle-2.jpg?v=1779140279&width=168,15,gallery,REJECTED,,,
lewpe,cmtumc18s01jpm5et3aookmp3,https://www.lewpe.com/cdn/shop/files/elvas-art-deco-ribbed-glass-flush-mount-ceiling-light-lifestyle-4.jpg?v=1779140279&width=168,16,gallery,REJECTED,,,
lewpe,cmtumc18s01jpm5et3aookmp3,https://www.lewpe.com/cdn/shop/files/elvas-art-deco-ribbed-glass-flush-mount-ceiling-light-lifestyle-5.jpg?v=1779140502&width=168,17,gallery,REJECTED,,,
lewpe,cmtumc18s01jpm5et3aookmp3,https://www.lewpe.com/cdn/shop/files/elvas-art-deco-ribbed-glass-flush-mount-ceiling-light-lifestyle-6.jpg?v=1779140502&width=168,18,gallery,REJECTED,,,
cozy-garden,cmtumd5bt01wwm5et23700wtv,https://thecozygarden.com/cdn/shop/files/3228248.jpg?v=1774657376&width=1920,0,primary,DOWNLOADED,image/jpeg,191463,research-assets/cozy-garden/rattan-black-layer-home-accessory/img-0.jpg
cozy-garden,cmtumd5bt01wwm5et23700wtv,http://thecozygarden.com/cdn/shop/files/3228248.jpg?v=1774657376,1,gallery,DOWNLOADED,image/jpeg,191463,research-assets/cozy-garden/rattan-black-layer-home-accessory/img-1.jpg
cozy-garden,cmtumd5bt01wwm5et23700wtv,https://thecozygarden.com/cdn/shop/files/3228248.jpg?v=1774657376&width=3840,2,gallery,DOWNLOADED,image/jpeg,191463,research-assets/cozy-garden/rattan-black-layer-home-accessory/img-2.jpg
cozy-garden,cmtumd5bt01wwm5et23700wtv,https://thecozygarden.com/cdn/shop/files/3228248_78169325.jpg?v=1774657375&width=3840,3,gallery,VALIDATED,image/jpeg,39822,
cozy-garden,cmtumd5bt01wwm5et23700wtv,https://thecozygarden.com/cdn/shop/files/3228248_78169326.jpg?v=1774657376&width=3840,4,gallery,VALIDATED,image/jpeg,76381,
cozy-garden,cmtumd5bt01wwm5et23700wtv,https://thecozygarden.com/cdn/shop/files/3228248_78169327.jpg?v=1774657375&width=3840,5,gallery,VALIDATED,image/jpeg,92505,
cozy-garden,cmtumd5bt01wwm5et23700wtv,https://thecozygarden.com/cdn/shop/files/3228248_78169328.jpg?v=1774657376&width=3840,6,gallery,VALIDATED,image/jpeg,82776,
cozy-garden,cmtumd5bt01wwm5et23700wtv,https://thecozygarden.com/cdn/shop/files/3228248_78169329.jpg?v=1774657376&width=3840,7,gallery,VALIDATED,image/jpeg,75735,
cozy-garden,cmtumd5bt01wwm5et23700wtv,https://thecozygarden.com/cdn/shop/files/3228248_78169330.jpg?v=1774657376&width=3840,8,gallery,REJECTED,,,
cozy-garden,cmtumd5bt01wwm5et23700wtv,https://thecozygarden.com/cdn/shop/files/3228248_78169331.jpg?v=1774657376&width=3840,9,gallery,REJECTED,,,
cozy-garden,cmtumd5bt01wwm5et23700wtv,https://thecozygarden.com/cdn/shop/files/3228248_78169332.jpg?v=1774657376&width=3840,10,gallery,REJECTED,,,
cozy-garden,cmtumd5bt01wwm5et23700wtv,https://thecozygarden.com/cdn/shop/files/3228248_78169333.jpg?v=1774657376&width=3840,11,gallery,REJECTED,,,
cozy-garden,cmtumd5bt01wwm5et23700wtv,https://thecozygarden.com/cdn/shop/files/3228248_78169334.jpg?v=1774657376&width=3840,12,gallery,REJECTED,,,
cozy-garden,cmtumd5bt01wwm5et23700wtv,https://thecozygarden.com/cdn/shop/files/3228248.jpg?v=1774657376&width=832,13,gallery,REJECTED,,,
cozy-garden,cmtumd5bt01wwm5et23700wtv,https://thecozygarden.com/cdn/shop/files/3228248_78169325.jpg?v=1774657375&width=832,14,gallery,REJECTED,,,
cozy-garden,cmtumd5bt01wwm5et23700wtv,https://thecozygarden.com/cdn/shop/files/3228248_78169326.jpg?v=1774657376&width=832,15,gallery,REJECTED,,,
cozy-garden,cmtumd5bt01wwm5et23700wtv,https://thecozygarden.com/cdn/shop/files/3228248_78169327.jpg?v=1774657375&width=832,16,gallery,REJECTED,,,
cozy-garden,cmtumd5bt01wwm5et23700wtv,https://thecozygarden.com/cdn/shop/files/3228248_78169328.jpg?v=1774657376&width=832,17,gallery,REJECTED,,,
cozy-garden,cmtumd5bt01wwm5et23700wtv,https://thecozygarden.com/cdn/shop/files/3228248_78169329.jpg?v=1774657376&width=832,18,gallery,REJECTED,,,
cozy-garden,cmtumd5bt01wwm5et23700wtv,https://thecozygarden.com/cdn/shop/files/3228248_78169330.jpg?v=1774657376&width=832,19,gallery,REJECTED,,,
cozy-garden,cmtumd5bt01wwm5et23700wtv,https://thecozygarden.com/cdn/shop/files/3228248_78169331.jpg?v=1774657376&width=832,20,gallery,REJECTED,,,
cozy-garden,cmtumd5bt01wwm5et23700wtv,https://thecozygarden.com/cdn/shop/files/3228248_78169332.jpg?v=1774657376&width=832,21,gallery,REJECTED,,,
cozy-garden,cmtumd5bt01wwm5et23700wtv,https://thecozygarden.com/cdn/shop/files/3228248_78169333.jpg?v=1774657376&width=832,22,gallery,REJECTED,,,
cozy-garden,cmtumd5bt01wwm5et23700wtv,https://thecozygarden.com/cdn/shop/files/3228248_78169334.jpg?v=1774657376&width=832,23,gallery,REJECTED,,,
ferm-living,cmtum6tfw00jlm5et8kdue5yy,https://fermliving.com/cdn/shop/files/98616_1104271035_1.png?v=1762178440,0,primary,DOWNLOADED,image/png,98664,research-assets/ferm-living/aluminium-keep-storage-piece/img-0.png
ferm-living,cmtum6tfw00jlm5et8kdue5yy,https://fermliving.com/cdn/shop/files/98616_1104271035_1_x1200.png?v=1762178440,1,gallery,DOWNLOADED,image/png,52108,research-assets/ferm-living/aluminium-keep-storage-piece/img-1.png
cozy-garden,cmtumdb6r01y4m5etlacm3pjw,https://thecozygarden.com/cdn/shop/files/DCSPQYSJZS18QCKX0001V1.jpg?v=1774657404&width=1920,0,primary,DOWNLOADED,image/jpeg,666418,research-assets/cozy-garden/glass-still-decorative-accent/img-0.jpg
cozy-garden,cmtumdb6r01y4m5etlacm3pjw,http://thecozygarden.com/cdn/shop/files/DCSPQYSJZS18QCKX0001V1.jpg?v=1774657404,1,gallery,DOWNLOADED,image/jpeg,666418,research-assets/cozy-garden/glass-still-decorative-accent/img-1.jpg
cozy-garden,cmtumdb6r01y4m5etlacm3pjw,https://thecozygarden.com/cdn/shop/files/DCSPQYSJZS18QCKX0001V1.jpg?v=1774657404&width=3840,2,gallery,DOWNLOADED,image/jpeg,666418,research-assets/cozy-garden/glass-still-decorative-accent/img-2.jpg
cozy-garden,cmtumdb6r01y4m5etlacm3pjw,https://thecozygarden.com/cdn/shop/files/DCSPQYSJZS18QCKX0001V1_90645829.jpg?v=1774657404&width=3840,3,gallery,VALIDATED,image/jpeg,33225,
cozy-garden,cmtumdb6r01y4m5etlacm3pjw,https://thecozygarden.com/cdn/shop/files/DCSPQYSJZS18QCKX0001V1_90645830.jpg?v=1774657404&width=3840,4,gallery,VALIDATED,image/jpeg,53721,
cozy-garden,cmtumdb6r01y4m5etlacm3pjw,https://thecozygarden.com/cdn/shop/files/DCSPQYSJZS18QCKX0001V1_90645831.jpg?v=1774657404&width=3840,5,gallery,VALIDATED,image/jpeg,52166,
cozy-garden,cmtumdb6r01y4m5etlacm3pjw,https://thecozygarden.com/cdn/shop/files/DCSPQYSJZS18QCKX0001V1_90645832.jpg?v=1774657404&width=3840,6,gallery,VALIDATED,image/jpeg,58165,
cozy-garden,cmtumdb6r01y4m5etlacm3pjw,https://thecozygarden.com/cdn/shop/files/DCSPQYSJZS18QCKX0001V1_90645833.jpg?v=1774657404&width=3840,7,gallery,VALIDATED,image/jpeg,26956,
cozy-garden,cmtumdb6r01y4m5etlacm3pjw,https://thecozygarden.com/cdn/shop/files/DCSPQYSJZS18QCKX0001V1_90645834.jpg?v=1774657404&width=3840,8,gallery,REJECTED,,,
cozy-garden,cmtumdb6r01y4m5etlacm3pjw,https://thecozygarden.com/cdn/shop/files/DCSPQYSJZS18QCKX0001V1_90645835.jpg?v=1774657404&width=3840,9,gallery,REJECTED,,,
cozy-garden,cmtumdb6r01y4m5etlacm3pjw,https://thecozygarden.com/cdn/shop/files/DCSPQYSJZS18QCKX0001V1_90645836.jpg?v=1774657404&width=3840,10,gallery,REJECTED,,,
cozy-garden,cmtumdb6r01y4m5etlacm3pjw,https://thecozygarden.com/cdn/shop/files/DCSPQYSJZS18QCKX0001V1_90645837.jpg?v=1774657404&width=3840,11,gallery,REJECTED,,,
cozy-garden,cmtumdb6r01y4m5etlacm3pjw,https://thecozygarden.com/cdn/shop/files/DCSPQYSJZS18QCKX0001V1.jpg?v=1774657404&width=832,12,gallery,REJECTED,,,
cozy-garden,cmtumdb6r01y4m5etlacm3pjw,https://thecozygarden.com/cdn/shop/files/DCSPQYSJZS18QCKX0001V1_90645829.jpg?v=1774657404&width=832,13,gallery,REJECTED,,,
cozy-garden,cmtumdb6r01y4m5etlacm3pjw,https://thecozygarden.com/cdn/shop/files/DCSPQYSJZS18QCKX0001V1_90645830.jpg?v=1774657404&width=832,14,gallery,REJECTED,,,
cozy-garden,cmtumdb6r01y4m5etlacm3pjw,https://thecozygarden.com/cdn/shop/files/DCSPQYSJZS18QCKX0001V1_90645831.jpg?v=1774657404&width=832,15,gallery,REJECTED,,,
cozy-garden,cmtumdb6r01y4m5etlacm3pjw,https://thecozygarden.com/cdn/shop/files/DCSPQYSJZS18QCKX0001V1_90645832.jpg?v=1774657404&width=832,16,gallery,REJECTED,,,
cozy-garden,cmtumdb6r01y4m5etlacm3pjw,https://thecozygarden.com/cdn/shop/files/DCSPQYSJZS18QCKX0001V1_90645833.jpg?v=1774657404&width=832,17,gallery,REJECTED,,,
cozy-garden,cmtumdb6r01y4m5etlacm3pjw,https://thecozygarden.com/cdn/shop/files/DCSPQYSJZS18QCKX0001V1_90645834.jpg?v=1774657404&width=832,18,gallery,REJECTED,,,
cozy-garden,cmtumdb6r01y4m5etlacm3pjw,https://thecozygarden.com/cdn/shop/files/DCSPQYSJZS18QCKX0001V1_90645835.jpg?v=1774657404&width=832,19,gallery,REJECTED,,,
cozy-garden,cmtumdb6r01y4m5etlacm3pjw,https://thecozygarden.com/cdn/shop/files/DCSPQYSJZS18QCKX0001V1_90645836.jpg?v=1774657404&width=832,20,gallery,REJECTED,,,
cozy-garden,cmtumdb6r01y4m5etlacm3pjw,https://thecozygarden.com/cdn/shop/files/DCSPQYSJZS18QCKX0001V1_90645837.jpg?v=1774657404&width=832,21,gallery,REJECTED,,,
viridian-bay,cmtumfaxl02c0m5et2g9szuw2,https://viridianbay.com/cdn/shop/files/VB34494_18_colorcorrected.jpg?v=1708632039&width=1920,0,primary,DOWNLOADED,image/jpeg,162183,research-assets/viridian-bay/aluminium-touch-home-accessory/img-0.jpg
viridian-bay,cmtumfaxl02c0m5et2g9szuw2,http://viridianbay.com/cdn/shop/files/VB34494_18_colorcorrected.jpg?v=1708632039&width=2048,1,gallery,DOWNLOADED,image/jpeg,162183,research-assets/viridian-bay/aluminium-touch-home-accessory/img-1.jpg
viridian-bay,cmtumfaxl02c0m5et2g9szuw2,https://viridianbay.com/cdn/shop/files/VB34494_18_colorcorrected.jpg?v=1708632039&width=1000,2,gallery,DOWNLOADED,image/jpeg,172270,research-assets/viridian-bay/aluminium-touch-home-accessory/img-2.jpg
viridian-bay,cmtumfaxl02c0m5et2g9szuw2,https://viridianbay.com/cdn/shop/files/vb34494-recolor-2024.jpg?v=1708632209&width=1000,3,gallery,VALIDATED,image/jpeg,49185,
viridian-bay,cmtumfaxl02c0m5et2g9szuw2,https://viridianbay.com/cdn/shop/files/VB34494_color-corrected.jpg?v=1708632209&width=1000,4,gallery,VALIDATED,image/jpeg,146940,
viridian-bay,cmtumfaxl02c0m5et2g9szuw2,https://viridianbay.com/cdn/shop/files/vb34494_ls_candid.jpg?v=1708632209&width=1000,5,gallery,VALIDATED,image/jpeg,190164,
viridian-bay,cmtumfaxl02c0m5et2g9szuw2,https://viridianbay.com/cdn/shop/files/vb34494b-recolor.jpg?v=1708632209&width=1000,6,gallery,VALIDATED,image/jpeg,195392,
cozy-garden,cmtume0q3023hm5etwtwtmh41,https://thecozygarden.com/cdn/shop/files/319760.jpg?v=1774657528&width=1920,0,primary,DOWNLOADED,image/jpeg,209094,research-assets/cozy-garden/rattan-brown-terrace-outdoor-piece/img-0.jpg
cozy-garden,cmtume0q3023hm5etwtwtmh41,http://thecozygarden.com/cdn/shop/files/319760.jpg?v=1774657528,1,gallery,DOWNLOADED,image/jpeg,209094,research-assets/cozy-garden/rattan-brown-terrace-outdoor-piece/img-1.jpg
cozy-garden,cmtume0q3023hm5etwtwtmh41,https://thecozygarden.com/cdn/shop/files/319760.jpg?v=1774657528&width=3840,2,gallery,DOWNLOADED,image/jpeg,209094,research-assets/cozy-garden/rattan-brown-terrace-outdoor-piece/img-2.jpg
cozy-garden,cmtume0q3023hm5etwtwtmh41,https://thecozygarden.com/cdn/shop/files/319760_64106021.jpg?v=1774657528&width=3840,3,gallery,VALIDATED,image/jpeg,118602,
cozy-garden,cmtume0q3023hm5etwtwtmh41,https://thecozygarden.com/cdn/shop/files/319760_64106022.jpg?v=1774657528&width=3840,4,gallery,VALIDATED,image/jpeg,106047,
cozy-garden,cmtume0q3023hm5etwtwtmh41,https://thecozygarden.com/cdn/shop/files/319760_64106023.jpg?v=1774657529&width=3840,5,gallery,VALIDATED,image/jpeg,119597,
cozy-garden,cmtume0q3023hm5etwtwtmh41,https://thecozygarden.com/cdn/shop/files/319760_64106024.jpg?v=1774657528&width=3840,6,gallery,VALIDATED,image/jpeg,99468,
cozy-garden,cmtume0q3023hm5etwtwtmh41,https://thecozygarden.com/cdn/shop/files/319760_64106025.jpg?v=1774657544&width=3840,7,gallery,VALIDATED,image/jpeg,87795,
cozy-garden,cmtume0q3023hm5etwtwtmh41,https://thecozygarden.com/cdn/shop/files/319760_64106026.jpg?v=1774657528&width=3840,8,gallery,REJECTED,,,
cozy-garden,cmtume0q3023hm5etwtwtmh41,https://thecozygarden.com/cdn/shop/files/319760_64106027.jpg?v=1774657529&width=3840,9,gallery,REJECTED,,,
cozy-garden,cmtume0q3023hm5etwtwtmh41,https://thecozygarden.com/cdn/shop/files/319760_64106028.jpg?v=1774657528&width=3840,10,gallery,REJECTED,,,
cozy-garden,cmtume0q3023hm5etwtwtmh41,https://thecozygarden.com/cdn/shop/files/319760_64106029.jpg?v=1774657528&width=3840,11,gallery,REJECTED,,,
cozy-garden,cmtume0q3023hm5etwtwtmh41,https://thecozygarden.com/cdn/shop/files/319760_64106030.jpg?v=1774657528&width=3840,12,gallery,REJECTED,,,
cozy-garden,cmtume0q3023hm5etwtwtmh41,https://thecozygarden.com/cdn/shop/files/319760.jpg?v=1774657528&width=832,13,gallery,REJECTED,,,
cozy-garden,cmtume0q3023hm5etwtwtmh41,https://thecozygarden.com/cdn/shop/files/319760_64106021.jpg?v=1774657528&width=832,14,gallery,REJECTED,,,
cozy-garden,cmtume0q3023hm5etwtwtmh41,https://thecozygarden.com/cdn/shop/files/319760_64106022.jpg?v=1774657528&width=832,15,gallery,REJECTED,,,
cozy-garden,cmtume0q3023hm5etwtwtmh41,https://thecozygarden.com/cdn/shop/files/319760_64106023.jpg?v=1774657529&width=832,16,gallery,REJECTED,,,
cozy-garden,cmtume0q3023hm5etwtwtmh41,https://thecozygarden.com/cdn/shop/files/319760_64106024.jpg?v=1774657528&width=832,17,gallery,REJECTED,,,
cozy-garden,cmtume0q3023hm5etwtwtmh41,https://thecozygarden.com/cdn/shop/files/319760_64106025.jpg?v=1774657544&width=832,18,gallery,REJECTED,,,
cozy-garden,cmtume0q3023hm5etwtwtmh41,https://thecozygarden.com/cdn/shop/files/319760_64106026.jpg?v=1774657528&width=832,19,gallery,REJECTED,,,
cozy-garden,cmtume0q3023hm5etwtwtmh41,https://thecozygarden.com/cdn/shop/files/319760_64106027.jpg?v=1774657529&width=832,20,gallery,REJECTED,,,
cozy-garden,cmtume0q3023hm5etwtwtmh41,https://thecozygarden.com/cdn/shop/files/319760_64106028.jpg?v=1774657528&width=832,21,gallery,REJECTED,,,
cozy-garden,cmtume0q3023hm5etwtwtmh41,https://thecozygarden.com/cdn/shop/files/319760_64106029.jpg?v=1774657528&width=832,22,gallery,REJECTED,,,
cozy-garden,cmtume0q3023hm5etwtwtmh41,https://thecozygarden.com/cdn/shop/files/319760_64106030.jpg?v=1774657528&width=832,23,gallery,REJECTED,,,
lewpe,cmtumc82l01npm5et6xow9czd,http://www.lewpe.com/cdn/shop/files/tavira-modern-wooden-table-lamp-beige.png?v=1779128446&width=2048,0,primary,DOWNLOADED,image/png,1079607,research-assets/lewpe/walnut-ambient-lamp/img-0.png
lewpe,cmtumc82l01npm5et6xow9czd,https://www.lewpe.com/cdn/shop/files/tavira-modern-wooden-table-lamp-beige.png?v=1779128446&width=1000,1,gallery,DOWNLOADED,image/png,1047971,research-assets/lewpe/walnut-ambient-lamp/img-1.png
lewpe,cmtumc82l01npm5et6xow9czd,https://www.lewpe.com/cdn/shop/files/tavira-modern-wooden-table-lamp-tan.png?v=1779128446&width=1000,2,gallery,DOWNLOADED,image/png,1020120,research-assets/lewpe/walnut-ambient-lamp/img-2.png
lewpe,cmtumc82l01npm5et6xow9czd,https://www.lewpe.com/cdn/shop/files/tavira-modern-wooden-table-lamp-green.png?v=1779128446&width=1000,3,gallery,VALIDATED,image/png,1008749,
lewpe,cmtumc82l01npm5et6xow9czd,https://www.lewpe.com/cdn/shop/files/tavira-modern-wooden-table-lamp-beige-cottage.jpg?v=1779128446&width=2000,4,gallery,VALIDATED,image/jpeg,512352,
lewpe,cmtumc82l01npm5et6xow9czd,https://www.lewpe.com/cdn/shop/files/tavira-modern-wooden-table-lamp-beige-living.jpg?v=1779128446&width=2000,5,gallery,VALIDATED,image/jpeg,379661,
lewpe,cmtumc82l01npm5et6xow9czd,https://www.lewpe.com/cdn/shop/files/tavira-modern-wooden-table-lamp-beige-library.jpg?v=1779128446&width=2000,6,gallery,VALIDATED,image/jpeg,488098,
lewpe,cmtumc82l01npm5et6xow9czd,https://www.lewpe.com/cdn/shop/files/tavira-modern-wooden-table-lamp-beige-bedroom-desk.jpg?v=1779128446&width=2000,7,gallery,VALIDATED,image/jpeg,395430,
lewpe,cmtumc82l01npm5et6xow9czd,https://www.lewpe.com/cdn/shop/files/tavira-modern-wooden-table-lamp-green-walnut-desk.jpg?v=1779128446&width=2000,8,gallery,REJECTED,,,
lewpe,cmtumc82l01npm5et6xow9czd,https://www.lewpe.com/cdn/shop/files/tavira-modern-wooden-table-lamp-beige.png?v=1779128446&width=168,9,gallery,REJECTED,,,
lewpe,cmtumc82l01npm5et6xow9czd,https://www.lewpe.com/cdn/shop/files/tavira-modern-wooden-table-lamp-tan.png?v=1779128446&width=168,10,gallery,REJECTED,,,
lewpe,cmtumc82l01npm5et6xow9czd,https://www.lewpe.com/cdn/shop/files/tavira-modern-wooden-table-lamp-green.png?v=1779128446&width=168,11,gallery,REJECTED,,,
lewpe,cmtumc82l01npm5et6xow9czd,https://www.lewpe.com/cdn/shop/files/tavira-modern-wooden-table-lamp-beige-cottage.jpg?v=1779128446&width=168,12,gallery,REJECTED,,,
lewpe,cmtumc82l01npm5et6xow9czd,https://www.lewpe.com/cdn/shop/files/tavira-modern-wooden-table-lamp-beige-living.jpg?v=1779128446&width=168,13,gallery,REJECTED,,,
lewpe,cmtumc82l01npm5et6xow9czd,https://www.lewpe.com/cdn/shop/files/tavira-modern-wooden-table-lamp-beige-library.jpg?v=1779128446&width=168,14,gallery,REJECTED,,,
lewpe,cmtumc82l01npm5et6xow9czd,https://www.lewpe.com/cdn/shop/files/tavira-modern-wooden-table-lamp-beige-bedroom-desk.jpg?v=1779128446&width=168,15,gallery,REJECTED,,,
lewpe,cmtumc82l01npm5et6xow9czd,https://www.lewpe.com/cdn/shop/files/tavira-modern-wooden-table-lamp-green-walnut-desk.jpg?v=1779128446&width=168,16,gallery,REJECTED,,,
viridian-bay,cmtumg1i102hrm5etrgov1kyr,https://viridianbay.com/cdn/shop/products/VB34727_outdoor_61d80062-6430-4657-9803-c9bd1954c581.jpg?v=1713303294&width=1920,0,primary,DOWNLOADED,image/jpeg,221357,research-assets/viridian-bay/glass-garden-piece-57/img-0.jpg
viridian-bay,cmtumg1i102hrm5etrgov1kyr,http://viridianbay.com/cdn/shop/products/VB34727_outdoor_61d80062-6430-4657-9803-c9bd1954c581.jpg?v=1713303294&width=2048,1,gallery,DOWNLOADED,image/jpeg,221357,research-assets/viridian-bay/glass-garden-piece-57/img-1.jpg
viridian-bay,cmtumg1i102hrm5etrgov1kyr,https://viridianbay.com/cdn/shop/products/VB34727_outdoor_61d80062-6430-4657-9803-c9bd1954c581.jpg?v=1713303294&width=1000,2,gallery,DOWNLOADED,image/jpeg,285087,research-assets/viridian-bay/glass-garden-piece-57/img-2.jpg
viridian-bay,cmtumg1i102hrm5etrgov1kyr,https://viridianbay.com/cdn/shop/files/vb34727_pillow.jpg?v=1713303294&width=1000,3,gallery,VALIDATED,image/jpeg,156336,
viridian-bay,cmtumg1i102hrm5etrgov1kyr,https://viridianbay.com/cdn/shop/products/vb34727a_82607d7a-df0c-4550-9270-8eb0d428c890.jpg?v=1713303294&width=1000,4,gallery,VALIDATED,image/jpeg,49796,
viridian-bay,cmtumg1i102hrm5etrgov1kyr,https://viridianbay.com/cdn/shop/products/VB34727_lifestyle_554e9a08-c95f-4130-804e-684605bd13c6.jpg?v=1713303294&width=1000,5,gallery,VALIDATED,image/jpeg,148964,
viridian-bay,cmtumg1i102hrm5etrgov1kyr,https://viridianbay.com/cdn/shop/products/vb34727_8cc8c1b4-f424-4e29-b006-09dab48ac91c.jpg?v=1713303294&width=1000,6,gallery,VALIDATED,image/jpeg,123682,
cozy-garden,cmtumdeme01ytm5et4pl8tzdq,https://thecozygarden.com/cdn/shop/files/S324bfbe28bc54614950a7923e54de2f4p_badded7f-3ae8-4898-be06-1515fc6b6f08.webp?v=1774657420&width=1920,0,primary,DOWNLOADED,image/jpeg,272083,research-assets/cozy-garden/iron-blue-halo-lamp/img-0.jpg
cozy-garden,cmtumdeme01ytm5et4pl8tzdq,http://thecozygarden.com/cdn/shop/files/S324bfbe28bc54614950a7923e54de2f4p_badded7f-3ae8-4898-be06-1515fc6b6f08.webp?v=1774657420,1,gallery,DOWNLOADED,image/jpeg,272083,research-assets/cozy-garden/iron-blue-halo-lamp/img-1.jpg
cozy-garden,cmtumdeme01ytm5et4pl8tzdq,https://thecozygarden.com/cdn/shop/files/S324bfbe28bc54614950a7923e54de2f4p_badded7f-3ae8-4898-be06-1515fc6b6f08.webp?v=1774657420&width=3840,2,gallery,DOWNLOADED,image/jpeg,272083,research-assets/cozy-garden/iron-blue-halo-lamp/img-2.jpg
cozy-garden,cmtumdeme01ytm5et4pl8tzdq,https://thecozygarden.com/cdn/shop/files/S324bfbe28bc54614950a7923e54de2f4p_38e0da36-df18-4f73-bf89-cb9f065cdffc.webp?v=1774657420&width=3840,3,gallery,VALIDATED,image/jpeg,272083,
cozy-garden,cmtumdeme01ytm5et4pl8tzdq,https://thecozygarden.com/cdn/shop/files/Sbcb4d3f8dd534b0fbfffcae6eb89f92dt_48296177-ee76-41eb-85e7-fcf57de66ae7.webp?v=1774657420&width=3840,4,gallery,VALIDATED,image/jpeg,190759,
cozy-garden,cmtumdeme01ytm5et4pl8tzdq,https://thecozygarden.com/cdn/shop/files/S2361d01de537465681cf0c06ffeac18ai_833c937b-bb8a-45f4-94a3-8fa6d5f9add9.webp?v=1774657420&width=3840,5,gallery,VALIDATED,image/jpeg,93961,
cozy-garden,cmtumdeme01ytm5et4pl8tzdq,https://thecozygarden.com/cdn/shop/files/S4594fa9af13545878c989f512c8f1726N_9ddd2cd7-19c0-4491-8fa3-c1a15143dded.webp?v=1774657420&width=3840,6,gallery,VALIDATED,image/jpeg,117590,
cozy-garden,cmtumdeme01ytm5et4pl8tzdq,https://thecozygarden.com/cdn/shop/files/S6e7d1bd7f7d9403d9c3b37ae00db71d8Q_4853032a-e136-4988-8e36-5e78952de865.webp?v=1774657420&width=3840,7,gallery,VALIDATED,image/jpeg,140962,
cozy-garden,cmtumdeme01ytm5et4pl8tzdq,https://thecozygarden.com/cdn/shop/files/S17b7464d1218465bbcaec594c7330915T_08ffa94d-95b9-4f98-a730-bc4fb2fef346.webp?v=1774657420&width=3840,8,gallery,REJECTED,,,
cozy-garden,cmtumdeme01ytm5et4pl8tzdq,https://thecozygarden.com/cdn/shop/files/S324bfbe28bc54614950a7923e54de2f4p_badded7f-3ae8-4898-be06-1515fc6b6f08.webp?v=1774657420&width=832,9,gallery,REJECTED,,,
cozy-garden,cmtumdeme01ytm5et4pl8tzdq,https://thecozygarden.com/cdn/shop/files/S324bfbe28bc54614950a7923e54de2f4p_38e0da36-df18-4f73-bf89-cb9f065cdffc.webp?v=1774657420&width=832,10,gallery,REJECTED,,,
cozy-garden,cmtumdeme01ytm5et4pl8tzdq,https://thecozygarden.com/cdn/shop/files/Sbcb4d3f8dd534b0fbfffcae6eb89f92dt_48296177-ee76-41eb-85e7-fcf57de66ae7.webp?v=1774657420&width=832,11,gallery,REJECTED,,,
cozy-garden,cmtumdeme01ytm5et4pl8tzdq,https://thecozygarden.com/cdn/shop/files/S2361d01de537465681cf0c06ffeac18ai_833c937b-bb8a-45f4-94a3-8fa6d5f9add9.webp?v=1774657420&width=832,12,gallery,REJECTED,,,
cozy-garden,cmtumdeme01ytm5et4pl8tzdq,https://thecozygarden.com/cdn/shop/files/S4594fa9af13545878c989f512c8f1726N_9ddd2cd7-19c0-4491-8fa3-c1a15143dded.webp?v=1774657420&width=832,13,gallery,REJECTED,,,
cozy-garden,cmtumdeme01ytm5et4pl8tzdq,https://thecozygarden.com/cdn/shop/files/S6e7d1bd7f7d9403d9c3b37ae00db71d8Q_4853032a-e136-4988-8e36-5e78952de865.webp?v=1774657420&width=832,14,gallery,REJECTED,,,
cozy-garden,cmtumdeme01ytm5et4pl8tzdq,https://thecozygarden.com/cdn/shop/files/S17b7464d1218465bbcaec594c7330915T_08ffa94d-95b9-4f98-a730-bc4fb2fef346.webp?v=1774657420&width=832,15,gallery,REJECTED,,,
viridian-bay,cmtumf7da02b1m5etj8x3vnpm,https://viridianbay.com/cdn/shop/products/damask_bowl.jpg?v=1704927936&width=1920,0,primary,DOWNLOADED,image/jpeg,164864,research-assets/viridian-bay/stoneware-share-table-essential/img-0.jpg
viridian-bay,cmtumf7da02b1m5etj8x3vnpm,http://viridianbay.com/cdn/shop/products/damask_bowl.jpg?v=1704927936&width=2048,1,gallery,DOWNLOADED,image/jpeg,164864,research-assets/viridian-bay/stoneware-share-table-essential/img-1.jpg
viridian-bay,cmtumf7da02b1m5etj8x3vnpm,https://viridianbay.com/cdn/shop/products/damask_bowl.jpg?v=1704927936&width=1000,2,gallery,DOWNLOADED,image/jpeg,182808,research-assets/viridian-bay/stoneware-share-table-essential/img-2.jpg
viridian-bay,cmtumf7da02b1m5etj8x3vnpm,https://viridianbay.com/cdn/shop/products/vb56004a2_6eed4520-8906-4a4a-8efe-66fffd7928d0.jpg?v=1704927936&width=1000,3,gallery,VALIDATED,image/jpeg,104690,
viridian-bay,cmtumf7da02b1m5etj8x3vnpm,https://viridianbay.com/cdn/shop/products/vb56004b4_f0d6f0b3-79da-48ab-868b-cede95d972b0.jpg?v=1704927936&width=1000,4,gallery,VALIDATED,image/jpeg,50871,
viridian-bay,cmtumf7da02b1m5etj8x3vnpm,https://viridianbay.com/cdn/shop/products/vb56004a_3f0cd668-dbb6-4ad6-9a9e-7e92dbb5abd2.jpg?v=1704927936&width=1000,5,gallery,VALIDATED,image/jpeg,101085,
viridian-bay,cmtumfpyv02f9m5etz8zh43o5,https://viridianbay.com/cdn/shop/products/vb24011_931dca9b-4408-4e80-a753-b2117c2fcb60.jpg?v=1704926729&width=1920,0,primary,DOWNLOADED,image/jpeg,70971,research-assets/viridian-bay/ceramic-share-table-essential/img-0.jpg
viridian-bay,cmtumfpyv02f9m5etz8zh43o5,http://viridianbay.com/cdn/shop/products/vb24011_931dca9b-4408-4e80-a753-b2117c2fcb60.jpg?v=1704926729&width=2048,1,gallery,DOWNLOADED,image/jpeg,70971,research-assets/viridian-bay/ceramic-share-table-essential/img-1.jpg
viridian-bay,cmtumfpyv02f9m5etz8zh43o5,https://viridianbay.com/cdn/shop/products/vb24011_931dca9b-4408-4e80-a753-b2117c2fcb60.jpg?v=1704926729&width=1000,2,gallery,DOWNLOADED,image/jpeg,76481,research-assets/viridian-bay/ceramic-share-table-essential/img-2.jpg
cozy-garden,cmtume2vr023zm5etm9iqe2qb,https://thecozygarden.com/cdn/shop/files/316389.jpg?v=1774657540&width=1920,0,primary,DOWNLOADED,image/jpeg,80977,research-assets/cozy-garden/pine-still-decorative-accent/img-0.jpg
cozy-garden,cmtume2vr023zm5etm9iqe2qb,http://thecozygarden.com/cdn/shop/files/316389.jpg?v=1774657540,1,gallery,DOWNLOADED,image/jpeg,80977,research-assets/cozy-garden/pine-still-decorative-accent/img-1.jpg
cozy-garden,cmtume2vr023zm5etm9iqe2qb,https://thecozygarden.com/cdn/shop/files/316389.jpg?v=1774657540&width=3840,2,gallery,DOWNLOADED,image/jpeg,80977,research-assets/cozy-garden/pine-still-decorative-accent/img-2.jpg
cozy-garden,cmtume2vr023zm5etm9iqe2qb,https://thecozygarden.com/cdn/shop/files/316389_64023404.jpg?v=1774657540&width=3840,3,gallery,VALIDATED,image/jpeg,61572,
cozy-garden,cmtume2vr023zm5etm9iqe2qb,https://thecozygarden.com/cdn/shop/files/316389_64023405.jpg?v=1774657539&width=3840,4,gallery,VALIDATED,image/jpeg,57981,
cozy-garden,cmtume2vr023zm5etm9iqe2qb,https://thecozygarden.com/cdn/shop/files/316389_64023406.jpg?v=1774657540&width=3840,5,gallery,VALIDATED,image/jpeg,81435,
cozy-garden,cmtume2vr023zm5etm9iqe2qb,https://thecozygarden.com/cdn/shop/files/316389_64023407.jpg?v=1774657539&width=3840,6,gallery,VALIDATED,image/jpeg,53025,
cozy-garden,cmtume2vr023zm5etm9iqe2qb,https://thecozygarden.com/cdn/shop/files/316389_64023408.jpg?v=1774657540&width=3840,7,gallery,VALIDATED,image/jpeg,81202,
cozy-garden,cmtume2vr023zm5etm9iqe2qb,https://thecozygarden.com/cdn/shop/files/316389.jpg?v=1774657540&width=832,8,gallery,REJECTED,,,
cozy-garden,cmtume2vr023zm5etm9iqe2qb,https://thecozygarden.com/cdn/shop/files/316389_64023404.jpg?v=1774657540&width=832,9,gallery,REJECTED,,,
cozy-garden,cmtume2vr023zm5etm9iqe2qb,https://thecozygarden.com/cdn/shop/files/316389_64023405.jpg?v=1774657539&width=832,10,gallery,REJECTED,,,
cozy-garden,cmtume2vr023zm5etm9iqe2qb,https://thecozygarden.com/cdn/shop/files/316389_64023406.jpg?v=1774657540&width=832,11,gallery,REJECTED,,,
cozy-garden,cmtume2vr023zm5etm9iqe2qb,https://thecozygarden.com/cdn/shop/files/316389_64023407.jpg?v=1774657539&width=832,12,gallery,REJECTED,,,
cozy-garden,cmtume2vr023zm5etm9iqe2qb,https://thecozygarden.com/cdn/shop/files/316389_64023408.jpg?v=1774657540&width=832,13,gallery,REJECTED,,,
ferm-living,cmtum72u000lum5et2krybi2g,https://fermliving.com/cdn/shop/files/399364_1104271124_1.png?v=1762178650,0,primary,DOWNLOADED,image/png,399412,research-assets/ferm-living/mirror-curve-decorative-accent/img-0.png
ferm-living,cmtum72u000lum5et2krybi2g,https://fermliving.com/cdn/shop/files/399364_1104271124_1_x1200.png?v=1762178650,1,gallery,DOWNLOADED,image/png,230476,research-assets/ferm-living/mirror-curve-decorative-accent/img-1.png
cozy-garden,cmtumdi5u01zjm5etjdf3ggee,https://thecozygarden.com/cdn/shop/files/GRPEFG65921.jpg?v=1774657437&width=1920,0,primary,DOWNLOADED,image/jpeg,57120,research-assets/cozy-garden/plastic-grey-stack-storage-piece/img-0.jpg
cozy-garden,cmtumdi5u01zjm5etjdf3ggee,http://thecozygarden.com/cdn/shop/files/GRPEFG65921.jpg?v=1774657437,1,gallery,DOWNLOADED,image/jpeg,57120,research-assets/cozy-garden/plastic-grey-stack-storage-piece/img-1.jpg
cozy-garden,cmtumdi5u01zjm5etjdf3ggee,https://thecozygarden.com/cdn/shop/files/GRPEFG65921.jpg?v=1774657437&width=3840,2,gallery,DOWNLOADED,image/jpeg,57120,research-assets/cozy-garden/plastic-grey-stack-storage-piece/img-2.jpg
cozy-garden,cmtumdi5u01zjm5etjdf3ggee,https://thecozygarden.com/cdn/shop/files/GRPEFG65921_91346503.jpg?v=1774657438&width=3840,3,gallery,VALIDATED,image/jpeg,60142,
cozy-garden,cmtumdi5u01zjm5etjdf3ggee,https://thecozygarden.com/cdn/shop/files/GRPEFG65921_91346504.jpg?v=1774657438&width=3840,4,gallery,VALIDATED,image/jpeg,193680,
cozy-garden,cmtumdi5u01zjm5etjdf3ggee,https://thecozygarden.com/cdn/shop/files/GRPEFG65921.jpg?v=1774657437&width=832,5,gallery,VALIDATED,image/jpeg,57120,
cozy-garden,cmtumdi5u01zjm5etjdf3ggee,https://thecozygarden.com/cdn/shop/files/GRPEFG65921_91346503.jpg?v=1774657438&width=832,6,gallery,VALIDATED,image/jpeg,60142,
cozy-garden,cmtumdi5u01zjm5etjdf3ggee,https://thecozygarden.com/cdn/shop/files/GRPEFG65921_91346504.jpg?v=1774657438&width=832,7,gallery,VALIDATED,image/jpeg,193680,
viridian-bay,cmtumf41v02aam5etztoudqn7,https://viridianbay.com/cdn/shop/products/vb34473a_fc5d063f-6f90-4745-9f73-ffd5cfa850f0.jpg?v=1704928089&width=1920,0,primary,DOWNLOADED,image/jpeg,152331,research-assets/viridian-bay/glass-rhythm-wall-panel/img-0.jpg
viridian-bay,cmtumf41v02aam5etztoudqn7,http://viridianbay.com/cdn/shop/products/vb34473a_fc5d063f-6f90-4745-9f73-ffd5cfa850f0.jpg?v=1704928089&width=2048,1,gallery,DOWNLOADED,image/jpeg,152331,research-assets/viridian-bay/glass-rhythm-wall-panel/img-1.jpg
viridian-bay,cmtumf41v02aam5etztoudqn7,https://viridianbay.com/cdn/shop/products/vb34473a_fc5d063f-6f90-4745-9f73-ffd5cfa850f0.jpg?v=1704928089&width=1000,2,gallery,DOWNLOADED,image/jpeg,173917,research-assets/viridian-bay/glass-rhythm-wall-panel/img-2.jpg
viridian-bay,cmtumf41v02aam5etztoudqn7,https://viridianbay.com/cdn/shop/products/vb34473b_ae1d1208-32a0-4653-a6ee-5dbb485c940a.jpg?v=1704928089&width=1000,3,gallery,VALIDATED,image/jpeg,36385,
viridian-bay,cmtumf41v02aam5etztoudqn7,https://viridianbay.com/cdn/shop/products/vb34473c_291477bc-b4e5-4449-9d21-766d89750e12.jpg?v=1704928089&width=1000,4,gallery,VALIDATED,image/jpeg,173974,
viridian-bay,cmtumf41v02aam5etztoudqn7,https://viridianbay.com/cdn/shop/products/vb34473d_6d9d5c64-61b0-49f3-a863-a24e71f03b0e.jpg?v=1704928089&width=1000,5,gallery,VALIDATED,image/jpeg,36217,
viridian-bay,cmtumf41v02aam5etztoudqn7,https://viridianbay.com/cdn/shop/products/vb34473e_59066136-badc-4c2b-a33d-c20a523846ec.jpg?v=1704928089&width=1000,6,gallery,VALIDATED,image/jpeg,104205,
viridian-bay,cmtumf41v02aam5etztoudqn7,https://viridianbay.com/cdn/shop/files/VB34473_scale.jpg?v=1722025311&width=1000,7,gallery,VALIDATED,image/jpeg,103690,
ferm-living,cmtun539g00gwm50hpw1qauc9,https://fermliving.com/cdn/shop/files/688295_1104272433_1.png?v=1762177793,0,primary,DOWNLOADED,image/png,688343,research-assets/ferm-living/bamboo-lighting-piece/img-0.png
ferm-living,cmtun539g00gwm50hpw1qauc9,https://fermliving.com/cdn/shop/files/688295_1104272433_1_x1200.png?v=1762177793,1,gallery,DOWNLOADED,image/png,339323,research-assets/ferm-living/bamboo-lighting-piece/img-1.png
lewpe,cmtumbvce01g2m5eta8q92occ,http://www.lewpe.com/cdn/shop/files/viseu-nordic-led-semi-flush-mount-ceiling-light-white-product-4.png?v=1781048439&width=2048,0,primary,DOWNLOADED,image/png,1009246,research-assets/lewpe/wooden-nordic-led-ceiling-light-2/img-0.png
lewpe,cmtumbvce01g2m5eta8q92occ,https://www.lewpe.com/cdn/shop/files/viseu-nordic-led-semi-flush-mount-ceiling-light-white-product-4.png?v=1781048439&width=1000,1,gallery,DOWNLOADED,image/png,962171,research-assets/lewpe/wooden-nordic-led-ceiling-light-2/img-1.png
lewpe,cmtumbvce01g2m5eta8q92occ,https://www.lewpe.com/cdn/shop/files/viseu-nordic-led-semi-flush-mount-ceiling-light-pink-product-5.png?v=1781048439&width=1000,2,gallery,DOWNLOADED,image/png,983437,research-assets/lewpe/wooden-nordic-led-ceiling-light-2/img-2.png
lewpe,cmtumbvce01g2m5eta8q92occ,https://www.lewpe.com/cdn/shop/files/viseu-nordic-led-semi-flush-mount-ceiling-light-green-product-1.jpg?v=1781048439&width=2000,3,gallery,VALIDATED,image/jpeg,101534,
lewpe,cmtumbvce01g2m5eta8q92occ,https://www.lewpe.com/cdn/shop/files/viseu-nordic-led-semi-flush-mount-ceiling-light-wood-product-3.png?v=1781048439&width=1000,4,gallery,VALIDATED,image/png,1036696,
lewpe,cmtumbvce01g2m5eta8q92occ,https://www.lewpe.com/cdn/shop/files/viseu-nordic-led-semi-flush-mount-ceiling-light-gray-product-2.png?v=1781048439&width=1000,5,gallery,VALIDATED,image/png,974136,
lewpe,cmtumbvce01g2m5eta8q92occ,https://www.lewpe.com/cdn/shop/files/viseu-nordic-led-semi-flush-mount-ceiling-light-wood-lifestyle-3.jpg?v=1781048439&width=2000,6,gallery,VALIDATED,image/jpeg,329786,
lewpe,cmtumbvce01g2m5eta8q92occ,https://www.lewpe.com/cdn/shop/files/viseu-nordic-led-semi-flush-mount-ceiling-light-pink-lifestyle-1.jpg?v=1781048439&width=2000,7,gallery,VALIDATED,image/jpeg,352869,
lewpe,cmtumbvce01g2m5eta8q92occ,https://www.lewpe.com/cdn/shop/files/viseu-nordic-led-semi-flush-mount-ceiling-light-white-lifestyle-2.jpg?v=1781048439&width=2000,8,gallery,REJECTED,,,
lewpe,cmtumbvce01g2m5eta8q92occ,https://www.lewpe.com/cdn/shop/files/viseu-nordic-led-semi-flush-mount-ceiling-light-green-lifestyle-1.jpg?v=1781048439&width=2000,9,gallery,REJECTED,,,
lewpe,cmtumbvce01g2m5eta8q92occ,https://www.lewpe.com/cdn/shop/files/viseu-nordic-led-semi-flush-mount-ceiling-light-white-product-4.png?v=1781048439&width=168,10,gallery,REJECTED,,,
lewpe,cmtumbvce01g2m5eta8q92occ,https://www.lewpe.com/cdn/shop/files/viseu-nordic-led-semi-flush-mount-ceiling-light-pink-product-5.png?v=1781048439&width=168,11,gallery,REJECTED,,,
lewpe,cmtumbvce01g2m5eta8q92occ,https://www.lewpe.com/cdn/shop/files/viseu-nordic-led-semi-flush-mount-ceiling-light-green-product-1.jpg?v=1781048439&width=168,12,gallery,REJECTED,,,
lewpe,cmtumbvce01g2m5eta8q92occ,https://www.lewpe.com/cdn/shop/files/viseu-nordic-led-semi-flush-mount-ceiling-light-wood-product-3.png?v=1781048439&width=168,13,gallery,REJECTED,,,
lewpe,cmtumbvce01g2m5eta8q92occ,https://www.lewpe.com/cdn/shop/files/viseu-nordic-led-semi-flush-mount-ceiling-light-gray-product-2.png?v=1781048439&width=168,14,gallery,REJECTED,,,
lewpe,cmtumbvce01g2m5eta8q92occ,https://www.lewpe.com/cdn/shop/files/viseu-nordic-led-semi-flush-mount-ceiling-light-wood-lifestyle-3.jpg?v=1781048439&width=168,15,gallery,REJECTED,,,
lewpe,cmtumbvce01g2m5eta8q92occ,https://www.lewpe.com/cdn/shop/files/viseu-nordic-led-semi-flush-mount-ceiling-light-pink-lifestyle-1.jpg?v=1781048439&width=168,16,gallery,REJECTED,,,
lewpe,cmtumbvce01g2m5eta8q92occ,https://www.lewpe.com/cdn/shop/files/viseu-nordic-led-semi-flush-mount-ceiling-light-white-lifestyle-2.jpg?v=1781048439&width=168,17,gallery,REJECTED,,,
lewpe,cmtumbvce01g2m5eta8q92occ,https://www.lewpe.com/cdn/shop/files/viseu-nordic-led-semi-flush-mount-ceiling-light-green-lifestyle-1.jpg?v=1781048439&width=168,18,gallery,REJECTED,,,
lewpe,cmtumcanq01p9m5etdcrb1ozl,http://www.lewpe.com/cdn/shop/files/tomar-bentwood-pleated-floor-lamp-white-hero-unlit.png?v=1788300687&width=2048,0,primary,DOWNLOADED,image/png,1855841,research-assets/lewpe/bentwood-pleated-floor-lamp-3/img-0.png
lewpe,cmtumcanq01p9m5etdcrb1ozl,https://www.lewpe.com/cdn/shop/files/tomar-bentwood-pleated-floor-lamp-white-hero-unlit.png?v=1788300687&width=1200,1,gallery,DOWNLOADED,image/png,1728201,research-assets/lewpe/bentwood-pleated-floor-lamp-3/img-1.png
lewpe,cmtumcanq01p9m5etdcrb1ozl,https://www.lewpe.com/cdn/shop/files/tomar-bentwood-pleated-floor-lamp-coffee-hero-unlit.png?v=1788300687&width=1200,2,gallery,DOWNLOADED,image/png,1782789,research-assets/lewpe/bentwood-pleated-floor-lamp-3/img-2.png
lewpe,cmtumcanq01p9m5etdcrb1ozl,https://www.lewpe.com/cdn/shop/files/tomar-bentwood-pleated-floor-lamp-beige-hero-unlit.png?v=1788369848&width=1200,3,gallery,VALIDATED,image/png,1674792,
lewpe,cmtumcanq01p9m5etdcrb1ozl,https://www.lewpe.com/cdn/shop/files/tomar-bentwood-pleated-floor-lamp-white-product.png?v=1778793121&width=1000,4,gallery,VALIDATED,image/png,1197619,
lewpe,cmtumcanq01p9m5etdcrb1ozl,https://www.lewpe.com/cdn/shop/files/tomar-bentwood-pleated-floor-lamp-white-leather-chair.png?v=1778793121&width=1000,5,gallery,VALIDATED,image/png,719960,
lewpe,cmtumcanq01p9m5etdcrb1ozl,https://www.lewpe.com/cdn/shop/files/tomar-bentwood-pleated-floor-lamp-coffee-sectional.jpg?v=1778793121&width=2000,6,gallery,VALIDATED,image/jpeg,370483,
lewpe,cmtumcanq01p9m5etdcrb1ozl,https://www.lewpe.com/cdn/shop/files/tomar-bentwood-pleated-floor-lamp-white-curved-sofa.jpg?v=1778793121&width=2000,7,gallery,VALIDATED,image/jpeg,430003,
lewpe,cmtumcanq01p9m5etdcrb1ozl,https://www.lewpe.com/cdn/shop/files/tomar-bentwood-pleated-floor-lamp-white-loft.jpg?v=1778793121&width=2000,8,gallery,REJECTED,,,
lewpe,cmtumcanq01p9m5etdcrb1ozl,https://www.lewpe.com/cdn/shop/files/tomar-bentwood-pleated-floor-lamp-white-reading-nook.jpg?v=1778793121&width=2000,9,gallery,REJECTED,,,
lewpe,cmtumcanq01p9m5etdcrb1ozl,https://www.lewpe.com/cdn/shop/files/tomar-bentwood-pleated-floor-lamp-beige-fireplace.png?v=1778793121&width=1000,10,gallery,REJECTED,,,
lewpe,cmtumcanq01p9m5etdcrb1ozl,https://www.lewpe.com/cdn/shop/files/tomar-bentwood-pleated-floor-lamp-detail-shade-joint.jpg?v=1788300686&width=1400,11,gallery,REJECTED,,,
lewpe,cmtumcanq01p9m5etdcrb1ozl,https://www.lewpe.com/cdn/shop/files/tomar-bentwood-pleated-floor-lamp-detail-bentwood-grain.jpg?v=1788300685&width=1400,12,gallery,REJECTED,,,
lewpe,cmtumcanq01p9m5etdcrb1ozl,https://www.lewpe.com/cdn/shop/files/tomar-bentwood-pleated-floor-lamp-detail-crescent-base.jpg?v=1788300685&width=1400,13,gallery,REJECTED,,,
lewpe,cmtumcanq01p9m5etdcrb1ozl,https://www.lewpe.com/cdn/shop/files/tomar-bentwood-pleated-floor-lamp-detail-foot-switch.jpg?v=1788300685&width=1400,14,gallery,REJECTED,,,
lewpe,cmtumcanq01p9m5etdcrb1ozl,https://www.lewpe.com/cdn/shop/files/tomar-bentwood-pleated-floor-lamp-white-hero-unlit.png?v=1788300687&width=168,15,gallery,REJECTED,,,
lewpe,cmtumcanq01p9m5etdcrb1ozl,https://www.lewpe.com/cdn/shop/files/tomar-bentwood-pleated-floor-lamp-coffee-hero-unlit.png?v=1788300687&width=168,16,gallery,REJECTED,,,
lewpe,cmtumcanq01p9m5etdcrb1ozl,https://www.lewpe.com/cdn/shop/files/tomar-bentwood-pleated-floor-lamp-beige-hero-unlit.png?v=1788369848&width=168,17,gallery,REJECTED,,,
lewpe,cmtumcanq01p9m5etdcrb1ozl,https://www.lewpe.com/cdn/shop/files/tomar-bentwood-pleated-floor-lamp-white-product.png?v=1778793121&width=168,18,gallery,REJECTED,,,
lewpe,cmtumcanq01p9m5etdcrb1ozl,https://www.lewpe.com/cdn/shop/files/tomar-bentwood-pleated-floor-lamp-white-leather-chair.png?v=1778793121&width=168,19,gallery,REJECTED,,,
lewpe,cmtumcanq01p9m5etdcrb1ozl,https://www.lewpe.com/cdn/shop/files/tomar-bentwood-pleated-floor-lamp-coffee-sectional.jpg?v=1778793121&width=168,20,gallery,REJECTED,,,
lewpe,cmtumcanq01p9m5etdcrb1ozl,https://www.lewpe.com/cdn/shop/files/tomar-bentwood-pleated-floor-lamp-white-curved-sofa.jpg?v=1778793121&width=168,21,gallery,REJECTED,,,
lewpe,cmtumcanq01p9m5etdcrb1ozl,https://www.lewpe.com/cdn/shop/files/tomar-bentwood-pleated-floor-lamp-white-loft.jpg?v=1778793121&width=168,22,gallery,REJECTED,,,
lewpe,cmtumcanq01p9m5etdcrb1ozl,https://www.lewpe.com/cdn/shop/files/tomar-bentwood-pleated-floor-lamp-white-reading-nook.jpg?v=1778793121&width=168,23,gallery,REJECTED,,,
viridian-bay,cmtumer7x0279m5et7dg0ni1j,http://viridianbay.com/cdn/shop/products/PB34379-palazzolantern-corrected_6702cf82-cf9d-4a26-bbb1-f4334ebab474.jpg?v=1710264833&width=2048,0,primary,DOWNLOADED,image/jpeg,177588,research-assets/viridian-bay/glass-garden-lantern-4/img-0.jpg
viridian-bay,cmtumer7x0279m5et7dg0ni1j,https://viridianbay.com/cdn/shop/products/PB34379-palazzolantern-corrected_6702cf82-cf9d-4a26-bbb1-f4334ebab474.jpg?v=1710264833&width=1000,1,gallery,DOWNLOADED,image/jpeg,195627,research-assets/viridian-bay/glass-garden-lantern-4/img-1.jpg
viridian-bay,cmtumer7x0279m5et7dg0ni1j,https://viridianbay.com/cdn/shop/products/pb34380_a6bc31d9-3942-469e-90af-1237c09ca0bf.jpg?v=1710264833&width=1000,2,gallery,DOWNLOADED,image/jpeg,44045,research-assets/viridian-bay/glass-garden-lantern-4/img-2.jpg
viridian-bay,cmtumer7x0279m5et7dg0ni1j,https://viridianbay.com/cdn/shop/products/pb34379_43f3e7a8-c556-49b4-b5a4-b2c03dfa6502.jpg?v=1710264833&width=1000,3,gallery,VALIDATED,image/jpeg,40167,
viridian-bay,cmtumer7x0279m5et7dg0ni1j,https://viridianbay.com/cdn/shop/products/palazzo.jpg?v=1710264833&width=1000,4,gallery,VALIDATED,image/jpeg,121764,
viridian-bay,cmtumer7x0279m5et7dg0ni1j,https://viridianbay.com/cdn/shop/products/lanterns1_f88e0710-78c8-4e24-a97e-e3af0b1bcff9.jpg?v=1710264833&width=1000,5,gallery,VALIDATED,image/jpeg,174940,
viridian-bay,cmtumer7x0279m5et7dg0ni1j,https://viridianbay.com/cdn/shop/products/lanterns2_8e701115-d4fb-4c88-bbff-e41b3dfbd3d9.jpg?v=1704929254&width=1000,6,gallery,VALIDATED,image/jpeg,305350,
cozy-garden,cmtumdkeg0200m5etsaekpwuw,https://thecozygarden.com/cdn/shop/files/PELTLTHKTZ6J1Y3E6001V0.jpg?v=1774657449&width=1920,0,primary,DOWNLOADED,image/jpeg,363945,research-assets/cozy-garden/rattan-garden-piece-5/img-0.jpg
cozy-garden,cmtumdkeg0200m5etsaekpwuw,http://thecozygarden.com/cdn/shop/files/PELTLTHKTZ6J1Y3E6001V0.jpg?v=1774657449,1,gallery,DOWNLOADED,image/jpeg,363945,research-assets/cozy-garden/rattan-garden-piece-5/img-1.jpg
cozy-garden,cmtumdkeg0200m5etsaekpwuw,https://thecozygarden.com/cdn/shop/files/PELTLTHKTZ6J1Y3E6001V0.jpg?v=1774657449&width=3840,2,gallery,DOWNLOADED,image/jpeg,363945,research-assets/cozy-garden/rattan-garden-piece-5/img-2.jpg
cozy-garden,cmtumdkeg0200m5etsaekpwuw,https://thecozygarden.com/cdn/shop/files/PELTLTHKTZ6J1Y3E6001V0_92021381.jpg?v=1774657449&width=3840,3,gallery,VALIDATED,image/jpeg,46388,
cozy-garden,cmtumdkeg0200m5etsaekpwuw,https://thecozygarden.com/cdn/shop/files/PELTLTHKTZ6J1Y3E6001V0_92021382.jpg?v=1774657449&width=3840,4,gallery,VALIDATED,image/jpeg,55130,
cozy-garden,cmtumdkeg0200m5etsaekpwuw,https://thecozygarden.com/cdn/shop/files/PELTLTHKTZ6J1Y3E6001V0_92021383.jpg?v=1774657449&width=3840,5,gallery,VALIDATED,image/jpeg,42719,
cozy-garden,cmtumdkeg0200m5etsaekpwuw,https://thecozygarden.com/cdn/shop/files/PELTLTHKTZ6J1Y3E6001V0_92021384.jpg?v=1774657449&width=3840,6,gallery,VALIDATED,image/jpeg,51280,
cozy-garden,cmtumdkeg0200m5etsaekpwuw,https://thecozygarden.com/cdn/shop/files/PELTLTHKTZ6J1Y3E6001V0_92021385.jpg?v=1774657449&width=3840,7,gallery,VALIDATED,image/jpeg,35593,
cozy-garden,cmtumdkeg0200m5etsaekpwuw,https://thecozygarden.com/cdn/shop/files/PELTLTHKTZ6J1Y3E6001V0_92021386.jpg?v=1774657449&width=3840,8,gallery,REJECTED,,,
cozy-garden,cmtumdkeg0200m5etsaekpwuw,https://thecozygarden.com/cdn/shop/files/PELTLTHKTZ6J1Y3E6001V0_92021387.jpg?v=1774657449&width=3840,9,gallery,REJECTED,,,
cozy-garden,cmtumdkeg0200m5etsaekpwuw,https://thecozygarden.com/cdn/shop/files/PELTLTHKTZ6J1Y3E6001V0_92021388.jpg?v=1774657449&width=3840,10,gallery,REJECTED,,,
cozy-garden,cmtumdkeg0200m5etsaekpwuw,https://thecozygarden.com/cdn/shop/files/PELTLTHKTZ6J1Y3E6001V0_92021389.jpg?v=1774657449&width=3840,11,gallery,REJECTED,,,
cozy-garden,cmtumdkeg0200m5etsaekpwuw,https://thecozygarden.com/cdn/shop/files/PELTLTHKTZ6J1Y3E6001V0.jpg?v=1774657449&width=832,12,gallery,REJECTED,,,
cozy-garden,cmtumdkeg0200m5etsaekpwuw,https://thecozygarden.com/cdn/shop/files/PELTLTHKTZ6J1Y3E6001V0_92021381.jpg?v=1774657449&width=832,13,gallery,REJECTED,,,
cozy-garden,cmtumdkeg0200m5etsaekpwuw,https://thecozygarden.com/cdn/shop/files/PELTLTHKTZ6J1Y3E6001V0_92021382.jpg?v=1774657449&width=832,14,gallery,REJECTED,,,
cozy-garden,cmtumdkeg0200m5etsaekpwuw,https://thecozygarden.com/cdn/shop/files/PELTLTHKTZ6J1Y3E6001V0_92021383.jpg?v=1774657449&width=832,15,gallery,REJECTED,,,
cozy-garden,cmtumdkeg0200m5etsaekpwuw,https://thecozygarden.com/cdn/shop/files/PELTLTHKTZ6J1Y3E6001V0_92021384.jpg?v=1774657449&width=832,16,gallery,REJECTED,,,
cozy-garden,cmtumdkeg0200m5etsaekpwuw,https://thecozygarden.com/cdn/shop/files/PELTLTHKTZ6J1Y3E6001V0_92021385.jpg?v=1774657449&width=832,17,gallery,REJECTED,,,
cozy-garden,cmtumdkeg0200m5etsaekpwuw,https://thecozygarden.com/cdn/shop/files/PELTLTHKTZ6J1Y3E6001V0_92021386.jpg?v=1774657449&width=832,18,gallery,REJECTED,,,
cozy-garden,cmtumdkeg0200m5etsaekpwuw,https://thecozygarden.com/cdn/shop/files/PELTLTHKTZ6J1Y3E6001V0_92021387.jpg?v=1774657449&width=832,19,gallery,REJECTED,,,
cozy-garden,cmtumdkeg0200m5etsaekpwuw,https://thecozygarden.com/cdn/shop/files/PELTLTHKTZ6J1Y3E6001V0_92021388.jpg?v=1774657449&width=832,20,gallery,REJECTED,,,
cozy-garden,cmtumdkeg0200m5etsaekpwuw,https://thecozygarden.com/cdn/shop/files/PELTLTHKTZ6J1Y3E6001V0_92021389.jpg?v=1774657449&width=832,21,gallery,REJECTED,,,
viridian-bay,cmtumf7da02b1m5etj8x3vnpm,https://viridianbay.com/cdn/shop/products/damask_bowl.jpg?v=1704927936&width=1920,0,primary,DOWNLOADED,image/jpeg,164864,research-assets/viridian-bay/stoneware-share-table-essential-6/img-0.jpg
viridian-bay,cmtumf7da02b1m5etj8x3vnpm,http://viridianbay.com/cdn/shop/products/damask_bowl.jpg?v=1704927936&width=2048,1,gallery,DOWNLOADED,image/jpeg,164864,research-assets/viridian-bay/stoneware-share-table-essential-6/img-1.jpg
viridian-bay,cmtumf7da02b1m5etj8x3vnpm,https://viridianbay.com/cdn/shop/products/damask_bowl.jpg?v=1704927936&width=1000,2,gallery,DOWNLOADED,image/jpeg,182808,research-assets/viridian-bay/stoneware-share-table-essential-6/img-2.jpg
viridian-bay,cmtumf7da02b1m5etj8x3vnpm,https://viridianbay.com/cdn/shop/products/vb56004a2_6eed4520-8906-4a4a-8efe-66fffd7928d0.jpg?v=1704927936&width=1000,3,gallery,VALIDATED,image/jpeg,104690,
viridian-bay,cmtumf7da02b1m5etj8x3vnpm,https://viridianbay.com/cdn/shop/products/vb56004b4_f0d6f0b3-79da-48ab-868b-cede95d972b0.jpg?v=1704927936&width=1000,4,gallery,VALIDATED,image/jpeg,50871,
viridian-bay,cmtumf7da02b1m5etj8x3vnpm,https://viridianbay.com/cdn/shop/products/vb56004a_3f0cd668-dbb6-4ad6-9a9e-7e92dbb5abd2.jpg?v=1704927936&width=1000,5,gallery,VALIDATED,image/jpeg,101085,
lewpe,cmtumb0cp010dm5et21x34v1o,http://www.lewpe.com/cdn/shop/files/maresia-acoustic-slat-wall-panel-midnight-blue.jpg?v=1778771098&width=2048,0,primary,DOWNLOADED,image/jpeg,139822,research-assets/lewpe/wood-acoustic-slat-wall-panel-7/img-0.jpg
lewpe,cmtumb0cp010dm5et21x34v1o,https://www.lewpe.com/cdn/shop/files/maresia-acoustic-slat-wall-panel-midnight-blue.jpg?v=1778771098&width=2000,1,gallery,DOWNLOADED,image/jpeg,131385,research-assets/lewpe/wood-acoustic-slat-wall-panel-7/img-1.jpg
lewpe,cmtumb0cp010dm5et21x34v1o,https://www.lewpe.com/cdn/shop/files/maresia-acoustic-slat-wall-panel-matte-black.png?v=1778771098&width=1000,2,gallery,DOWNLOADED,image/png,1019525,research-assets/lewpe/wood-acoustic-slat-wall-panel-7/img-2.png
lewpe,cmtumb0cp010dm5et21x34v1o,https://www.lewpe.com/cdn/shop/files/maresia-acoustic-slat-wall-panel-white-gray-felt.png?v=1778771098&width=1000,3,gallery,VALIDATED,image/png,1006027,
lewpe,cmtumb0cp010dm5et21x34v1o,https://www.lewpe.com/cdn/shop/files/maresia-acoustic-slat-wall-panel-dusty-gray.png?v=1778771098&width=1000,4,gallery,VALIDATED,image/png,1047760,
lewpe,cmtumb0cp010dm5et21x34v1o,https://www.lewpe.com/cdn/shop/files/maresia-acoustic-slat-wall-panel-white-white-felt.png?v=1778771098&width=1000,5,gallery,VALIDATED,image/png,997607,
lewpe,cmtumb0cp010dm5et21x34v1o,https://www.lewpe.com/cdn/shop/files/maresia-acoustic-slat-wall-panel-lifestyle-1.png?v=1778771098&width=1200,6,gallery,VALIDATED,image/png,1624638,
lewpe,cmtumb0cp010dm5et21x34v1o,https://www.lewpe.com/cdn/shop/files/maresia-acoustic-slat-wall-panel-lifestyle-2.png?v=1778771098&width=1200,7,gallery,VALIDATED,image/png,1649892,
lewpe,cmtumb0cp010dm5et21x34v1o,https://www.lewpe.com/cdn/shop/files/maresia-acoustic-slat-wall-panel-lifestyle-3.png?v=1778771098&width=1200,8,gallery,REJECTED,,,
lewpe,cmtumb0cp010dm5et21x34v1o,https://www.lewpe.com/cdn/shop/files/maresia-acoustic-slat-wall-panel-lifestyle-4.png?v=1778771098&width=1200,9,gallery,REJECTED,,,
lewpe,cmtumb0cp010dm5et21x34v1o,https://www.lewpe.com/cdn/shop/files/maresia-acoustic-slat-wall-panel-lifestyle-5.png?v=1778771098&width=1200,10,gallery,REJECTED,,,
lewpe,cmtumb0cp010dm5et21x34v1o,https://www.lewpe.com/cdn/shop/files/maresia-acoustic-slat-wall-panel-lifestyle-6.png?v=1778771098&width=1200,11,gallery,REJECTED,,,
lewpe,cmtumb0cp010dm5et21x34v1o,https://www.lewpe.com/cdn/shop/files/maresia-acoustic-slat-wall-panel-lifestyle-7.png?v=1778771098&width=1200,12,gallery,REJECTED,,,
lewpe,cmtumb0cp010dm5et21x34v1o,https://www.lewpe.com/cdn/shop/files/maresia-acoustic-slat-wall-panel-lifestyle-8.png?v=1778771098&width=1200,13,gallery,REJECTED,,,
lewpe,cmtumb0cp010dm5et21x34v1o,https://www.lewpe.com/cdn/shop/files/maresia-acoustic-slat-wall-panel-lifestyle-9.png?v=1778771098&width=1200,14,gallery,REJECTED,,,
lewpe,cmtumb0cp010dm5et21x34v1o,https://www.lewpe.com/cdn/shop/files/maresia-acoustic-slat-wall-panel-lifestyle-10.png?v=1778771098&width=1200,15,gallery,REJECTED,,,
lewpe,cmtumb0cp010dm5et21x34v1o,https://www.lewpe.com/cdn/shop/files/maresia-acoustic-slat-wall-panel-midnight-blue.jpg?v=1778771098&width=168,16,gallery,REJECTED,,,
lewpe,cmtumb0cp010dm5et21x34v1o,https://www.lewpe.com/cdn/shop/files/maresia-acoustic-slat-wall-panel-matte-black.png?v=1778771098&width=168,17,gallery,REJECTED,,,
lewpe,cmtumb0cp010dm5et21x34v1o,https://www.lewpe.com/cdn/shop/files/maresia-acoustic-slat-wall-panel-white-gray-felt.png?v=1778771098&width=168,18,gallery,REJECTED,,,
lewpe,cmtumb0cp010dm5et21x34v1o,https://www.lewpe.com/cdn/shop/files/maresia-acoustic-slat-wall-panel-dusty-gray.png?v=1778771098&width=168,19,gallery,REJECTED,,,
lewpe,cmtumb0cp010dm5et21x34v1o,https://www.lewpe.com/cdn/shop/files/maresia-acoustic-slat-wall-panel-white-white-felt.png?v=1778771098&width=168,20,gallery,REJECTED,,,
lewpe,cmtumb0cp010dm5et21x34v1o,https://www.lewpe.com/cdn/shop/files/maresia-acoustic-slat-wall-panel-lifestyle-1.png?v=1778771098&width=168,21,gallery,REJECTED,,,
lewpe,cmtumb0cp010dm5et21x34v1o,https://www.lewpe.com/cdn/shop/files/maresia-acoustic-slat-wall-panel-lifestyle-2.png?v=1778771098&width=168,22,gallery,REJECTED,,,
lewpe,cmtumb0cp010dm5et21x34v1o,https://www.lewpe.com/cdn/shop/files/maresia-acoustic-slat-wall-panel-lifestyle-3.png?v=1778771098&width=168,23,gallery,REJECTED,,,
lewpe,cmtumc3ez01kwm5et6r6z6e1a,http://www.lewpe.com/cdn/shop/files/braga-retractable-arm-table-lamp-black.jpg?v=1779128644&width=2048,0,primary,DOWNLOADED,image/jpeg,208716,research-assets/lewpe/retractable-arm-clip-lamp-8/img-0.jpg
lewpe,cmtumc3ez01kwm5et6r6z6e1a,https://www.lewpe.com/cdn/shop/files/braga-retractable-arm-table-lamp-black.jpg?v=1779128644&width=2000,1,gallery,DOWNLOADED,image/jpeg,192562,research-assets/lewpe/retractable-arm-clip-lamp-8/img-1.jpg
lewpe,cmtumc3ez01kwm5et6r6z6e1a,https://www.lewpe.com/cdn/shop/files/braga-retractable-arm-table-lamp-black-library.jpg?v=1779128644&width=2000,2,gallery,DOWNLOADED,image/jpeg,494160,research-assets/lewpe/retractable-arm-clip-lamp-8/img-2.jpg
lewpe,cmtumc3ez01kwm5et6r6z6e1a,https://www.lewpe.com/cdn/shop/files/braga-retractable-arm-table-lamp-white.jpg?v=1779128644&width=2000,3,gallery,VALIDATED,image/jpeg,383788,
lewpe,cmtumc3ez01kwm5et6r6z6e1a,https://www.lewpe.com/cdn/shop/files/braga-retractable-arm-table-lamp-red.jpg?v=1779128644&width=800,4,gallery,VALIDATED,image/jpeg,31275,
lewpe,cmtumc3ez01kwm5et6r6z6e1a,https://www.lewpe.com/cdn/shop/files/braga-retractable-arm-table-lamp-yellow.jpg?v=1779128644&width=800,5,gallery,VALIDATED,image/jpeg,22682,
lewpe,cmtumc3ez01kwm5et6r6z6e1a,https://www.lewpe.com/cdn/shop/files/braga-retractable-arm-table-lamp-silver.jpg?v=1779128644&width=800,6,gallery,VALIDATED,image/jpeg,39582,
lewpe,cmtumc3ez01kwm5et6r6z6e1a,https://www.lewpe.com/cdn/shop/files/braga-retractable-arm-table-lamp-lifestyle-1.jpg?v=1779128644&width=800,7,gallery,VALIDATED,image/jpeg,23885,
lewpe,cmtumc3ez01kwm5et6r6z6e1a,https://www.lewpe.com/cdn/shop/files/braga-retractable-arm-table-lamp-lifestyle-2.jpg?v=1779128644&width=800,8,gallery,REJECTED,,,
lewpe,cmtumc3ez01kwm5et6r6z6e1a,https://www.lewpe.com/cdn/shop/files/braga-retractable-arm-table-lamp-black.jpg?v=1779128644&width=168,9,gallery,REJECTED,,,
lewpe,cmtumc3ez01kwm5et6r6z6e1a,https://www.lewpe.com/cdn/shop/files/braga-retractable-arm-table-lamp-black-library.jpg?v=1779128644&width=168,10,gallery,REJECTED,,,
lewpe,cmtumc3ez01kwm5et6r6z6e1a,https://www.lewpe.com/cdn/shop/files/braga-retractable-arm-table-lamp-white.jpg?v=1779128644&width=168,11,gallery,REJECTED,,,
lewpe,cmtumc3ez01kwm5et6r6z6e1a,https://www.lewpe.com/cdn/shop/files/braga-retractable-arm-table-lamp-red.jpg?v=1779128644&width=168,12,gallery,REJECTED,,,
lewpe,cmtumc3ez01kwm5et6r6z6e1a,https://www.lewpe.com/cdn/shop/files/braga-retractable-arm-table-lamp-yellow.jpg?v=1779128644&width=168,13,gallery,REJECTED,,,
lewpe,cmtumc3ez01kwm5et6r6z6e1a,https://www.lewpe.com/cdn/shop/files/braga-retractable-arm-table-lamp-silver.jpg?v=1779128644&width=168,14,gallery,REJECTED,,,
lewpe,cmtumc3ez01kwm5et6r6z6e1a,https://www.lewpe.com/cdn/shop/files/braga-retractable-arm-table-lamp-lifestyle-1.jpg?v=1779128644&width=168,15,gallery,REJECTED,,,
lewpe,cmtumc3ez01kwm5et6r6z6e1a,https://www.lewpe.com/cdn/shop/files/braga-retractable-arm-table-lamp-lifestyle-2.jpg?v=1779128644&width=168,16,gallery,REJECTED,,,
ferm-living,cmtum88iw00xbm5etpkafwqco,https://fermliving.com/cdn/shop/files/604179_1104272070_1.png?v=1762178031,0,primary,DOWNLOADED,image/png,604227,research-assets/ferm-living/black-cotton-cushion-cover-9/img-0.png
ferm-living,cmtum88iw00xbm5etpkafwqco,https://fermliving.com/cdn/shop/files/604179_1104272070_1_x1200.png?v=1762178031,1,gallery,DOWNLOADED,image/png,259936,research-assets/ferm-living/black-cotton-cushion-cover-9/img-1.png
ferm-living,cmtum87c800x2m5etzs4dgixt,https://fermliving.com/cdn/shop/files/344471_1104272027_1.png?v=1762177912,0,primary,DOWNLOADED,image/png,344519,research-assets/ferm-living/red-cotton-home-accessory-10/img-0.png
ferm-living,cmtum87c800x2m5etzs4dgixt,https://fermliving.com/cdn/shop/files/344471_1104272027_1_x1200.png?v=1762177912,1,gallery,DOWNLOADED,image/png,189850,research-assets/ferm-living/red-cotton-home-accessory-10/img-1.png
lewpe,cmtumb648012jm5etemzk9vwd,https://www.lewpe.com/cdn/shop/files/farol-pine-wood-wall-panel-product-1.jpg?v=1778775753&width=1920,0,primary,DOWNLOADED,image/jpeg,218373,research-assets/lewpe/pine-wall-panel-11/img-0.jpg
lewpe,cmtumb648012jm5etemzk9vwd,http://www.lewpe.com/cdn/shop/files/farol-pine-wood-wall-panel-product-1.jpg?v=1778775753&width=2048,1,gallery,DOWNLOADED,image/jpeg,246227,research-assets/lewpe/pine-wall-panel-11/img-1.jpg
lewpe,cmtumb648012jm5etemzk9vwd,https://www.lewpe.com/cdn/shop/files/farol-pine-wood-wall-panel-product-1.jpg?v=1778775753&width=2000,2,gallery,DOWNLOADED,image/jpeg,232866,research-assets/lewpe/pine-wall-panel-11/img-2.jpg
lewpe,cmtumb648012jm5etemzk9vwd,https://www.lewpe.com/cdn/shop/files/farol-pine-wood-wall-panel-product-2.jpg?v=1778775753&width=800,3,gallery,VALIDATED,image/jpeg,168785,
lewpe,cmtumb648012jm5etemzk9vwd,https://www.lewpe.com/cdn/shop/files/farol-pine-wood-wall-panel-lifestyle-1.png?v=1778775753&width=1400,4,gallery,VALIDATED,image/png,2306805,
lewpe,cmtumb648012jm5etemzk9vwd,https://www.lewpe.com/cdn/shop/files/farol-pine-wood-wall-panel-lifestyle-2.png?v=1778775753&width=1400,5,gallery,VALIDATED,image/png,2301045,
lewpe,cmtumb648012jm5etemzk9vwd,https://www.lewpe.com/cdn/shop/files/farol-pine-wood-wall-panel-lifestyle-3.png?v=1778775753&width=1400,6,gallery,VALIDATED,image/png,2358035,
lewpe,cmtumb648012jm5etemzk9vwd,https://www.lewpe.com/cdn/shop/files/farol-pine-wood-wall-panel-product-1.jpg?v=1778775753&width=168,7,gallery,VALIDATED,image/jpeg,6542,
lewpe,cmtumb648012jm5etemzk9vwd,https://www.lewpe.com/cdn/shop/files/farol-pine-wood-wall-panel-product-2.jpg?v=1778775753&width=168,8,gallery,REJECTED,,,
lewpe,cmtumb648012jm5etemzk9vwd,https://www.lewpe.com/cdn/shop/files/farol-pine-wood-wall-panel-lifestyle-1.png?v=1778775753&width=168,9,gallery,REJECTED,,,
lewpe,cmtumb648012jm5etemzk9vwd,https://www.lewpe.com/cdn/shop/files/farol-pine-wood-wall-panel-lifestyle-2.png?v=1778775753&width=168,10,gallery,REJECTED,,,
lewpe,cmtumb648012jm5etemzk9vwd,https://www.lewpe.com/cdn/shop/files/farol-pine-wood-wall-panel-lifestyle-3.png?v=1778775753&width=168,11,gallery,REJECTED,,,
ferm-living,cmtum851a00wim5etsppmhk4e,https://fermliving.com/cdn/shop/files/197764_1104272021_1.png?v=1762177928,0,primary,DOWNLOADED,image/png,197812,research-assets/ferm-living/cotton-twill-bolster-cushion-12/img-0.png
ferm-living,cmtum851a00wim5etsppmhk4e,https://fermliving.com/cdn/shop/files/197764_1104272021_1_x1200.png?v=1762177928,1,gallery,DOWNLOADED,image/png,98414,research-assets/ferm-living/cotton-twill-bolster-cushion-12/img-1.png
lewpe,cmtumbl8x01a9m5etdrwbwioj,http://www.lewpe.com/cdn/shop/files/barcelos-bauhaus-glass-mini-pendant-light-product-1.png?v=1779181873&width=2048,0,primary,DOWNLOADED,image/png,1246385,research-assets/lewpe/glass-mini-pendant-light-13/img-0.png
lewpe,cmtumbl8x01a9m5etdrwbwioj,https://www.lewpe.com/cdn/shop/files/barcelos-bauhaus-glass-mini-pendant-light-product-1.png?v=1779181873&width=1000,1,gallery,DOWNLOADED,image/png,1195124,research-assets/lewpe/glass-mini-pendant-light-13/img-1.png
lewpe,cmtumbl8x01a9m5etdrwbwioj,https://www.lewpe.com/cdn/shop/files/barcelos-bauhaus-glass-mini-pendant-light-product-2.png?v=1779181873&width=1000,2,gallery,DOWNLOADED,image/png,1183913,research-assets/lewpe/glass-mini-pendant-light-13/img-2.png
lewpe,cmtumbl8x01a9m5etdrwbwioj,https://www.lewpe.com/cdn/shop/files/barcelos-bauhaus-glass-mini-pendant-light-lifestyle-3.jpg?v=1779181873&width=2000,3,gallery,VALIDATED,image/jpeg,491569,
lewpe,cmtumbl8x01a9m5etdrwbwioj,https://www.lewpe.com/cdn/shop/files/barcelos-bauhaus-glass-mini-pendant-light-lifestyle-4.jpg?v=1779181910&width=2000,4,gallery,VALIDATED,image/jpeg,402932,
lewpe,cmtumbl8x01a9m5etdrwbwioj,https://www.lewpe.com/cdn/shop/files/barcelos-bauhaus-glass-mini-pendant-light-lifestyle-5.jpg?v=1779181910&width=2000,5,gallery,VALIDATED,image/jpeg,531041,
lewpe,cmtumbl8x01a9m5etdrwbwioj,https://www.lewpe.com/cdn/shop/files/barcelos-bauhaus-glass-mini-pendant-light-lifestyle-6.jpg?v=1779181910&width=2000,6,gallery,VALIDATED,image/jpeg,516195,
lewpe,cmtumbl8x01a9m5etdrwbwioj,https://www.lewpe.com/cdn/shop/files/barcelos-bauhaus-glass-mini-pendant-light-product-7.png?v=1779181910&width=1000,7,gallery,VALIDATED,image/png,197030,
lewpe,cmtumbl8x01a9m5etdrwbwioj,https://www.lewpe.com/cdn/shop/files/barcelos-bauhaus-glass-mini-pendant-light-product-8.png?v=1779181910&width=1000,8,gallery,REJECTED,,,
lewpe,cmtumbl8x01a9m5etdrwbwioj,https://www.lewpe.com/cdn/shop/files/barcelos-bauhaus-glass-mini-pendant-light-product-9.png?v=1779181931&width=1000,9,gallery,REJECTED,,,
lewpe,cmtumbl8x01a9m5etdrwbwioj,https://www.lewpe.com/cdn/shop/files/barcelos-bauhaus-glass-mini-pendant-light-product-10.png?v=1779181931&width=1000,10,gallery,REJECTED,,,
lewpe,cmtumbl8x01a9m5etdrwbwioj,https://www.lewpe.com/cdn/shop/files/barcelos-bauhaus-glass-mini-pendant-light-product-11.png?v=1779181931&width=1000,11,gallery,REJECTED,,,
lewpe,cmtumbl8x01a9m5etdrwbwioj,https://www.lewpe.com/cdn/shop/files/barcelos-bauhaus-glass-mini-pendant-light-product-12.png?v=1779181931&width=1000,12,gallery,REJECTED,,,
lewpe,cmtumbl8x01a9m5etdrwbwioj,https://www.lewpe.com/cdn/shop/files/barcelos-bauhaus-glass-mini-pendant-light-product-13.png?v=1779181931&width=1000,13,gallery,REJECTED,,,
lewpe,cmtumbl8x01a9m5etdrwbwioj,https://www.lewpe.com/cdn/shop/files/barcelos-bauhaus-glass-mini-pendant-light-product-14.png?v=1779181952&width=1000,14,gallery,REJECTED,,,
lewpe,cmtumbl8x01a9m5etdrwbwioj,https://www.lewpe.com/cdn/shop/files/barcelos-bauhaus-glass-mini-pendant-light-product-15.png?v=1779181952&width=1000,15,gallery,REJECTED,,,
lewpe,cmtumbl8x01a9m5etdrwbwioj,https://www.lewpe.com/cdn/shop/files/barcelos-bauhaus-glass-mini-pendant-light-product-16.png?v=1779181952&width=1000,16,gallery,REJECTED,,,
lewpe,cmtumbl8x01a9m5etdrwbwioj,https://www.lewpe.com/cdn/shop/files/barcelos-bauhaus-glass-mini-pendant-light-product-17.png?v=1779181952&width=1000,17,gallery,REJECTED,,,
lewpe,cmtumbl8x01a9m5etdrwbwioj,https://www.lewpe.com/cdn/shop/files/barcelos-bauhaus-glass-mini-pendant-light-product-18.png?v=1779181952&width=1000,18,gallery,REJECTED,,,
lewpe,cmtumbl8x01a9m5etdrwbwioj,https://www.lewpe.com/cdn/shop/files/barcelos-bauhaus-glass-mini-pendant-light-product-19.png?v=1779181974&width=1000,19,gallery,REJECTED,,,
lewpe,cmtumbl8x01a9m5etdrwbwioj,https://www.lewpe.com/cdn/shop/files/barcelos-bauhaus-glass-mini-pendant-light-product-20.png?v=1779181974&width=1000,20,gallery,REJECTED,,,
lewpe,cmtumbl8x01a9m5etdrwbwioj,https://www.lewpe.com/cdn/shop/files/barcelos-bauhaus-glass-mini-pendant-light-product-21.png?v=1779181974&width=1000,21,gallery,REJECTED,,,
lewpe,cmtumbl8x01a9m5etdrwbwioj,https://www.lewpe.com/cdn/shop/files/barcelos-bauhaus-glass-mini-pendant-light-product-22.png?v=1779181974&width=1000,22,gallery,REJECTED,,,
lewpe,cmtumbl8x01a9m5etdrwbwioj,https://www.lewpe.com/cdn/shop/files/barcelos-bauhaus-glass-mini-pendant-light-product-23.png?v=1779181974&width=1000,23,gallery,REJECTED,,,
lewpe,cmtumbuem01flm5etcwqcoiv2,http://www.lewpe.com/cdn/shop/files/portalegre-yellow-glass-semi-flush-ceiling-light-product-0.jpg?v=1779140344&width=2048,0,primary,DOWNLOADED,image/jpeg,108348,research-assets/lewpe/yellow-glass-ceiling-light-14/img-0.jpg
lewpe,cmtumbuem01flm5etcwqcoiv2,https://www.lewpe.com/cdn/shop/files/portalegre-yellow-glass-semi-flush-ceiling-light-product-0.jpg?v=1779140344&width=2000,1,gallery,DOWNLOADED,image/jpeg,99764,research-assets/lewpe/yellow-glass-ceiling-light-14/img-1.jpg
lewpe,cmtumbuem01flm5etcwqcoiv2,https://www.lewpe.com/cdn/shop/files/portalegre-yellow-glass-semi-flush-ceiling-light-lifestyle-1.jpg?v=1779140344&width=2000,2,gallery,DOWNLOADED,image/jpeg,550577,research-assets/lewpe/yellow-glass-ceiling-light-14/img-2.jpg
lewpe,cmtumbuem01flm5etcwqcoiv2,https://www.lewpe.com/cdn/shop/files/portalegre-yellow-glass-semi-flush-ceiling-light-lifestyle-3.jpg?v=1779140344&width=2000,3,gallery,VALIDATED,image/jpeg,501255,
lewpe,cmtumbuem01flm5etcwqcoiv2,https://www.lewpe.com/cdn/shop/files/portalegre-yellow-glass-semi-flush-ceiling-light-lifestyle-4.jpg?v=1779140344&width=2000,4,gallery,VALIDATED,image/jpeg,385324,
lewpe,cmtumbuem01flm5etcwqcoiv2,https://www.lewpe.com/cdn/shop/files/portalegre-yellow-glass-semi-flush-ceiling-light-lifestyle-8.jpg?v=1779140529&width=600,5,gallery,VALIDATED,image/jpeg,21875,
lewpe,cmtumbuem01flm5etcwqcoiv2,https://www.lewpe.com/cdn/shop/files/portalegre-yellow-glass-semi-flush-ceiling-light-lifestyle-9.jpg?v=1779140529&width=2000,6,gallery,VALIDATED,image/jpeg,550577,
lewpe,cmtumbuem01flm5etcwqcoiv2,https://www.lewpe.com/cdn/shop/files/portalegre-yellow-glass-semi-flush-ceiling-light-lifestyle-6.jpg?v=1779140344&width=2000,7,gallery,VALIDATED,image/jpeg,396001,
lewpe,cmtumbuem01flm5etcwqcoiv2,https://www.lewpe.com/cdn/shop/files/portalegre-semi-flush-copper-red-dome.jpg?v=1781539765&width=800,8,gallery,REJECTED,,,
lewpe,cmtumbuem01flm5etcwqcoiv2,https://www.lewpe.com/cdn/shop/files/portalegre-yellow-glass-semi-flush-ceiling-light-product-0.jpg?v=1779140344&width=168,9,gallery,REJECTED,,,
lewpe,cmtumbuem01flm5etcwqcoiv2,https://www.lewpe.com/cdn/shop/files/portalegre-yellow-glass-semi-flush-ceiling-light-lifestyle-1.jpg?v=1779140344&width=168,10,gallery,REJECTED,,,
lewpe,cmtumbuem01flm5etcwqcoiv2,https://www.lewpe.com/cdn/shop/files/portalegre-yellow-glass-semi-flush-ceiling-light-lifestyle-3.jpg?v=1779140344&width=168,11,gallery,REJECTED,,,
lewpe,cmtumbuem01flm5etcwqcoiv2,https://www.lewpe.com/cdn/shop/files/portalegre-yellow-glass-semi-flush-ceiling-light-lifestyle-4.jpg?v=1779140344&width=168,12,gallery,REJECTED,,,
lewpe,cmtumbuem01flm5etcwqcoiv2,https://www.lewpe.com/cdn/shop/files/portalegre-yellow-glass-semi-flush-ceiling-light-lifestyle-8.jpg?v=1779140529&width=168,13,gallery,REJECTED,,,
lewpe,cmtumbuem01flm5etcwqcoiv2,https://www.lewpe.com/cdn/shop/files/portalegre-yellow-glass-semi-flush-ceiling-light-lifestyle-9.jpg?v=1779140529&width=168,14,gallery,REJECTED,,,
lewpe,cmtumbuem01flm5etcwqcoiv2,https://www.lewpe.com/cdn/shop/files/portalegre-yellow-glass-semi-flush-ceiling-light-lifestyle-6.jpg?v=1779140344&width=168,15,gallery,REJECTED,,,
lewpe,cmtumbuem01flm5etcwqcoiv2,https://www.lewpe.com/cdn/shop/files/portalegre-semi-flush-copper-red-dome.jpg?v=1781539765&width=168,16,gallery,REJECTED,,,
ferm-living,cmtum7gld00q4m5et3rn9872w,https://fermliving.com/cdn/shop/files/228786_1104271949_1.png?v=1762177901,0,primary,DOWNLOADED,image/png,228834,research-assets/ferm-living/bamboo-storage-light-15/img-0.png
ferm-living,cmtum7gld00q4m5et3rn9872w,https://fermliving.com/cdn/shop/files/228786_1104271949_1_x1200.png?v=1762177901,1,gallery,DOWNLOADED,image/png,144304,research-assets/ferm-living/bamboo-storage-light-15/img-1.png
cozy-garden,cmtumdutl022am5etpon1z85g,https://thecozygarden.com/cdn/shop/files/3107795.jpg?v=1774657499&width=1920,0,primary,DOWNLOADED,image/jpeg,182127,research-assets/cozy-garden/anthracite-aluminium-outdoor-piece-16/img-0.jpg
cozy-garden,cmtumdutl022am5etpon1z85g,http://thecozygarden.com/cdn/shop/files/3107795.jpg?v=1774657499,1,gallery,DOWNLOADED,image/jpeg,182127,research-assets/cozy-garden/anthracite-aluminium-outdoor-piece-16/img-1.jpg
cozy-garden,cmtumdutl022am5etpon1z85g,https://thecozygarden.com/cdn/shop/files/3107795.jpg?v=1774657499&width=3840,2,gallery,DOWNLOADED,image/jpeg,182127,research-assets/cozy-garden/anthracite-aluminium-outdoor-piece-16/img-2.jpg
cozy-garden,cmtumdutl022am5etpon1z85g,https://thecozygarden.com/cdn/shop/files/3107795_64070324.jpg?v=1774657499&width=3840,3,gallery,VALIDATED,image/jpeg,25529,
cozy-garden,cmtumdutl022am5etpon1z85g,https://thecozygarden.com/cdn/shop/files/3107795_64070325.jpg?v=1774657499&width=3840,4,gallery,VALIDATED,image/jpeg,25489,
cozy-garden,cmtumdutl022am5etpon1z85g,https://thecozygarden.com/cdn/shop/files/3107795_64070326.jpg?v=1774657499&width=3840,5,gallery,VALIDATED,image/jpeg,26186,
cozy-garden,cmtumdutl022am5etpon1z85g,https://thecozygarden.com/cdn/shop/files/3107795_64070327.jpg?v=1774657499&width=3840,6,gallery,VALIDATED,image/jpeg,26627,
cozy-garden,cmtumdutl022am5etpon1z85g,https://thecozygarden.com/cdn/shop/files/3107795_64070328.jpg?v=1774657499&width=3840,7,gallery,VALIDATED,image/jpeg,23608,
cozy-garden,cmtumdutl022am5etpon1z85g,https://thecozygarden.com/cdn/shop/files/3107795_64070329.jpg?v=1774657499&width=3840,8,gallery,REJECTED,,,
cozy-garden,cmtumdutl022am5etpon1z85g,https://thecozygarden.com/cdn/shop/files/3107795_64070330.jpg?v=1774657499&width=3840,9,gallery,REJECTED,,,
cozy-garden,cmtumdutl022am5etpon1z85g,https://thecozygarden.com/cdn/shop/files/3107795_64070331.jpg?v=1774657499&width=3840,10,gallery,REJECTED,,,
cozy-garden,cmtumdutl022am5etpon1z85g,https://thecozygarden.com/cdn/shop/files/3107795_64070332.jpg?v=1774657499&width=3840,11,gallery,REJECTED,,,
cozy-garden,cmtumdutl022am5etpon1z85g,https://thecozygarden.com/cdn/shop/files/3107795_64070333.jpg?v=1774657499&width=3840,12,gallery,REJECTED,,,
cozy-garden,cmtumdutl022am5etpon1z85g,https://thecozygarden.com/cdn/shop/files/3107795.jpg?v=1774657499&width=832,13,gallery,REJECTED,,,
cozy-garden,cmtumdutl022am5etpon1z85g,https://thecozygarden.com/cdn/shop/files/3107795_64070324.jpg?v=1774657499&width=832,14,gallery,REJECTED,,,
cozy-garden,cmtumdutl022am5etpon1z85g,https://thecozygarden.com/cdn/shop/files/3107795_64070325.jpg?v=1774657499&width=832,15,gallery,REJECTED,,,
cozy-garden,cmtumdutl022am5etpon1z85g,https://thecozygarden.com/cdn/shop/files/3107795_64070326.jpg?v=1774657499&width=832,16,gallery,REJECTED,,,
cozy-garden,cmtumdutl022am5etpon1z85g,https://thecozygarden.com/cdn/shop/files/3107795_64070327.jpg?v=1774657499&width=832,17,gallery,REJECTED,,,
cozy-garden,cmtumdutl022am5etpon1z85g,https://thecozygarden.com/cdn/shop/files/3107795_64070328.jpg?v=1774657499&width=832,18,gallery,REJECTED,,,
cozy-garden,cmtumdutl022am5etpon1z85g,https://thecozygarden.com/cdn/shop/files/3107795_64070329.jpg?v=1774657499&width=832,19,gallery,REJECTED,,,
cozy-garden,cmtumdutl022am5etpon1z85g,https://thecozygarden.com/cdn/shop/files/3107795_64070330.jpg?v=1774657499&width=832,20,gallery,REJECTED,,,
cozy-garden,cmtumdutl022am5etpon1z85g,https://thecozygarden.com/cdn/shop/files/3107795_64070331.jpg?v=1774657499&width=832,21,gallery,REJECTED,,,
cozy-garden,cmtumdutl022am5etpon1z85g,https://thecozygarden.com/cdn/shop/files/3107795_64070332.jpg?v=1774657499&width=832,22,gallery,REJECTED,,,
cozy-garden,cmtumdutl022am5etpon1z85g,https://thecozygarden.com/cdn/shop/files/3107795_64070333.jpg?v=1774657499&width=832,23,gallery,REJECTED,,,
lewpe,cmtumb70g012tm5et06ahyq5i,http://www.lewpe.com/cdn/shop/files/ancora-plank-wood-wall-panel-walnut.jpg?v=1778775781&width=2048,0,primary,DOWNLOADED,image/jpeg,170232,research-assets/lewpe/walnut-wood-wall-panel-17/img-0.jpg
lewpe,cmtumb70g012tm5et06ahyq5i,https://www.lewpe.com/cdn/shop/files/ancora-plank-wood-wall-panel-walnut.jpg?v=1778775781&width=2000,1,gallery,DOWNLOADED,image/jpeg,157178,research-assets/lewpe/walnut-wood-wall-panel-17/img-1.jpg
lewpe,cmtumb70g012tm5et06ahyq5i,https://www.lewpe.com/cdn/shop/files/ancora-plank-wood-wall-panel-cherry.png?v=1778775781&width=1000,2,gallery,DOWNLOADED,image/png,1086915,research-assets/lewpe/walnut-wood-wall-panel-17/img-2.png
lewpe,cmtumb70g012tm5et06ahyq5i,https://www.lewpe.com/cdn/shop/files/ancora-plank-wood-wall-panel-lifestyle-1.png?v=1778775781&width=1400,3,gallery,VALIDATED,image/png,2426150,
lewpe,cmtumb70g012tm5et06ahyq5i,https://www.lewpe.com/cdn/shop/files/ancora-plank-wood-wall-panel-lifestyle-2.png?v=1778775781&width=1400,4,gallery,VALIDATED,image/png,2317730,
lewpe,cmtumb70g012tm5et06ahyq5i,https://www.lewpe.com/cdn/shop/files/ancora-plank-wood-wall-panel-lifestyle-3.png?v=1778775781&width=1400,5,gallery,VALIDATED,image/png,2474885,
lewpe,cmtumb70g012tm5et06ahyq5i,https://www.lewpe.com/cdn/shop/files/ancora-plank-wood-wall-panel-lifestyle-4.png?v=1778775782&width=1400,6,gallery,VALIDATED,image/png,2346858,
lewpe,cmtumb70g012tm5et06ahyq5i,https://www.lewpe.com/cdn/shop/files/ancora-plank-wood-wall-panel-lifestyle-5.png?v=1778775782&width=1400,7,gallery,VALIDATED,image/png,2052123,
lewpe,cmtumb70g012tm5et06ahyq5i,https://www.lewpe.com/cdn/shop/files/ancora-plank-wood-wall-panel-lifestyle-6.png?v=1778775782&width=1400,8,gallery,REJECTED,,,
lewpe,cmtumb70g012tm5et06ahyq5i,https://www.lewpe.com/cdn/shop/files/ancora-plank-wood-wall-panel-lifestyle-7.png?v=1778775782&width=1400,9,gallery,REJECTED,,,
lewpe,cmtumb70g012tm5et06ahyq5i,https://www.lewpe.com/cdn/shop/files/ancora-plank-wood-wall-panel-walnut.jpg?v=1778775781&width=168,10,gallery,REJECTED,,,
lewpe,cmtumb70g012tm5et06ahyq5i,https://www.lewpe.com/cdn/shop/files/ancora-plank-wood-wall-panel-cherry.png?v=1778775781&width=168,11,gallery,REJECTED,,,
lewpe,cmtumb70g012tm5et06ahyq5i,https://www.lewpe.com/cdn/shop/files/ancora-plank-wood-wall-panel-lifestyle-1.png?v=1778775781&width=168,12,gallery,REJECTED,,,
lewpe,cmtumb70g012tm5et06ahyq5i,https://www.lewpe.com/cdn/shop/files/ancora-plank-wood-wall-panel-lifestyle-2.png?v=1778775781&width=168,13,gallery,REJECTED,,,
lewpe,cmtumb70g012tm5et06ahyq5i,https://www.lewpe.com/cdn/shop/files/ancora-plank-wood-wall-panel-lifestyle-3.png?v=1778775781&width=168,14,gallery,REJECTED,,,
lewpe,cmtumb70g012tm5et06ahyq5i,https://www.lewpe.com/cdn/shop/files/ancora-plank-wood-wall-panel-lifestyle-4.png?v=1778775782&width=168,15,gallery,REJECTED,,,
lewpe,cmtumb70g012tm5et06ahyq5i,https://www.lewpe.com/cdn/shop/files/ancora-plank-wood-wall-panel-lifestyle-5.png?v=1778775782&width=168,16,gallery,REJECTED,,,
lewpe,cmtumb70g012tm5et06ahyq5i,https://www.lewpe.com/cdn/shop/files/ancora-plank-wood-wall-panel-lifestyle-6.png?v=1778775782&width=168,17,gallery,REJECTED,,,
lewpe,cmtumb70g012tm5et06ahyq5i,https://www.lewpe.com/cdn/shop/files/ancora-plank-wood-wall-panel-lifestyle-7.png?v=1778775782&width=168,18,gallery,REJECTED,,,
viridian-bay,cmtumf2th02a1m5etn3du3u0w,https://viridianbay.com/cdn/shop/products/vb34469a_dc6ea75e-29c6-45b7-80c9-0ea85fdb1dbe.jpg?v=1704928100&width=1920,0,primary,DOWNLOADED,image/jpeg,122646,research-assets/viridian-bay/sand-glass-garden-piece-18/img-0.jpg
viridian-bay,cmtumf2th02a1m5etn3du3u0w,http://viridianbay.com/cdn/shop/products/vb34469a_dc6ea75e-29c6-45b7-80c9-0ea85fdb1dbe.jpg?v=1704928100&width=2048,1,gallery,DOWNLOADED,image/jpeg,122646,research-assets/viridian-bay/sand-glass-garden-piece-18/img-1.jpg
viridian-bay,cmtumf2th02a1m5etn3du3u0w,https://viridianbay.com/cdn/shop/products/vb34469a_dc6ea75e-29c6-45b7-80c9-0ea85fdb1dbe.jpg?v=1704928100&width=1000,2,gallery,DOWNLOADED,image/jpeg,139062,research-assets/viridian-bay/sand-glass-garden-piece-18/img-2.jpg
viridian-bay,cmtumf2th02a1m5etn3du3u0w,https://viridianbay.com/cdn/shop/products/vb34469c_8d722b2a-14aa-4602-a547-2dec5bedfe12.jpg?v=1740416643&width=1000,3,gallery,VALIDATED,image/jpeg,100886,
viridian-bay,cmtumf2th02a1m5etn3du3u0w,https://viridianbay.com/cdn/shop/products/vb34469b_eb0ea926-436e-4348-96df-6583a1815a5e.jpg?v=1740416643&width=1000,4,gallery,VALIDATED,image/jpeg,71243,
viridian-bay,cmtumf2th02a1m5etn3du3u0w,https://viridianbay.com/cdn/shop/products/vb34469e_65f5b3f1-e899-4630-abd8-c2b8f11a68d9.jpg?v=1740416643&width=1000,5,gallery,VALIDATED,image/jpeg,147371,
viridian-bay,cmtumf2th02a1m5etn3du3u0w,https://viridianbay.com/cdn/shop/products/vb34469d_ac42430e-a67e-4e7c-90d3-9ba4d965ddc2.jpg?v=1740416643&width=1000,6,gallery,VALIDATED,image/jpeg,121100,
viridian-bay,cmtumf2th02a1m5etn3du3u0w,https://viridianbay.com/cdn/shop/products/vb34469f_962fd0c6-41b6-4e86-9275-40a859ef3f91.jpg?v=1704928100&width=1000,7,gallery,VALIDATED,image/jpeg,111717,
viridian-bay,cmtumffhf02d0m5et1ud58skw,https://viridianbay.com/cdn/shop/products/deerlantern1_f468a6e3-9bd3-412a-aa0b-91468cbb9795.jpg?v=1704926980&width=1920,0,primary,DOWNLOADED,image/jpeg,93229,research-assets/viridian-bay/glass-garden-piece-19/img-0.jpg
viridian-bay,cmtumffhf02d0m5et1ud58skw,http://viridianbay.com/cdn/shop/products/deerlantern1_f468a6e3-9bd3-412a-aa0b-91468cbb9795.jpg?v=1704926980&width=2048,1,gallery,DOWNLOADED,image/jpeg,93229,research-assets/viridian-bay/glass-garden-piece-19/img-1.jpg
viridian-bay,cmtumffhf02d0m5et1ud58skw,https://viridianbay.com/cdn/shop/products/deerlantern1_f468a6e3-9bd3-412a-aa0b-91468cbb9795.jpg?v=1704926980&width=1000,2,gallery,DOWNLOADED,image/jpeg,153130,research-assets/viridian-bay/glass-garden-piece-19/img-2.jpg
viridian-bay,cmtumffhf02d0m5et1ud58skw,https://viridianbay.com/cdn/shop/products/vb34527a_b114fa08-7315-4082-9408-2a16404a3b1d.jpg?v=1704926980&width=1000,3,gallery,VALIDATED,image/jpeg,46904,
viridian-bay,cmtumffhf02d0m5et1ud58skw,https://viridianbay.com/cdn/shop/products/vb34527d_3249fc2d-b479-4296-aac1-2626dd3a3273.jpg?v=1704926980&width=1000,4,gallery,VALIDATED,image/jpeg,129738,
viridian-bay,cmtumffhf02d0m5et1ud58skw,https://viridianbay.com/cdn/shop/products/vb34527b_cc84ddcf-6e56-42c4-b905-08e0e460797d.jpg?v=1704926980&width=1000,5,gallery,VALIDATED,image/jpeg,176186,
viridian-bay,cmtumffhf02d0m5et1ud58skw,https://viridianbay.com/cdn/shop/products/vb34527f_8541480b-aed1-49b1-aaa5-4bfaab8e7d30.jpg?v=1704926980&width=1000,6,gallery,VALIDATED,image/jpeg,97129,
viridian-bay,cmtumffhf02d0m5et1ud58skw,https://viridianbay.com/cdn/shop/products/vb34527b_a3d6bb07-f730-4d05-b0ea-c32bd6f1e970.jpg?v=1704926980&width=1000,7,gallery,VALIDATED,image/jpeg,41293,
viridian-bay,cmtumffhf02d0m5et1ud58skw,https://viridianbay.com/cdn/shop/products/vb34527c_0fcd8494-541b-4db2-8d5c-1413e2cb3883.jpg?v=1704926980&width=1000,8,gallery,REJECTED,,,
cozy-garden,cmtumcw4601v2m5et88jihklr,https://thecozygarden.com/cdn/shop/files/SXPQJY550W53242TQV1.jpg?v=1774657331&width=1920,0,primary,DOWNLOADED,image/jpeg,303093,research-assets/cozy-garden/smart-home-device-20/img-0.jpg
cozy-garden,cmtumcw4601v2m5et88jihklr,http://thecozygarden.com/cdn/shop/files/SXPQJY550W53242TQV1.jpg?v=1774657331,1,gallery,DOWNLOADED,image/jpeg,303093,research-assets/cozy-garden/smart-home-device-20/img-1.jpg
cozy-garden,cmtumcw4601v2m5et88jihklr,https://thecozygarden.com/cdn/shop/files/SXPQJY550W53242TQV1.jpg?v=1774657331&width=3840,2,gallery,DOWNLOADED,image/jpeg,303093,research-assets/cozy-garden/smart-home-device-20/img-2.jpg
ferm-living,cmtum70j200lcm5et3ir8l9be,https://fermliving.com/cdn/shop/files/208308_1104271110_1.png?v=1762175255,0,primary,DOWNLOADED,image/png,208356,research-assets/ferm-living/green-travertine-piece-21/img-0.png
ferm-living,cmtum70j200lcm5et3ir8l9be,https://fermliving.com/cdn/shop/files/208308_1104271110_1_x1200.png?v=1762175255,1,gallery,DOWNLOADED,image/png,219279,research-assets/ferm-living/green-travertine-piece-21/img-1.png
lewpe,cmtumb3u1011nm5et4nj778uz,http://www.lewpe.com/cdn/shop/files/bussola-hexagon-mosaic-wall-panel-walnut-brass.jpg?v=1778773898&width=2048,0,primary,DOWNLOADED,image/jpeg,271952,research-assets/lewpe/walnut-hexagon-wall-panel/img-0.jpg
lewpe,cmtumb3u1011nm5et4nj778uz,https://www.lewpe.com/cdn/shop/files/bussola-hexagon-mosaic-wall-panel-walnut-brass.jpg?v=1778773898&width=2000,1,gallery,DOWNLOADED,image/jpeg,253827,research-assets/lewpe/walnut-hexagon-wall-panel/img-1.jpg
lewpe,cmtumb3u1011nm5et4nj778uz,https://www.lewpe.com/cdn/shop/files/bussola-hexagon-mosaic-wall-panel-walnut.png?v=1778773899&width=1000,2,gallery,DOWNLOADED,image/png,1202476,research-assets/lewpe/walnut-hexagon-wall-panel/img-2.png
lewpe,cmtumb3u1011nm5et4nj778uz,https://www.lewpe.com/cdn/shop/files/bussola-hexagon-mosaic-wall-panel-lifestyle-1.png?v=1778773899&width=1000,3,gallery,VALIDATED,image/png,1707942,
lewpe,cmtumb3u1011nm5et4nj778uz,https://www.lewpe.com/cdn/shop/files/bussola-hexagon-mosaic-wall-panel-lifestyle-2.png?v=1778773899&width=1000,4,gallery,VALIDATED,image/png,1641158,
lewpe,cmtumb3u1011nm5et4nj778uz,https://www.lewpe.com/cdn/shop/files/bussola-hexagon-mosaic-wall-panel-lifestyle-3.png?v=1778773899&width=1000,5,gallery,VALIDATED,image/png,1591893,
lewpe,cmtumb3u1011nm5et4nj778uz,https://www.lewpe.com/cdn/shop/files/bussola-hexagon-mosaic-wall-panel-lifestyle-4.png?v=1778773899&width=1000,6,gallery,VALIDATED,image/png,1691485,
lewpe,cmtumb3u1011nm5et4nj778uz,https://www.lewpe.com/cdn/shop/files/bussola-hexagon-mosaic-wall-panel-lifestyle-5.png?v=1778773899&width=1400,7,gallery,VALIDATED,image/png,2310499,
lewpe,cmtumb3u1011nm5et4nj778uz,https://www.lewpe.com/cdn/shop/files/bussola-hexagon-mosaic-wall-panel-lifestyle-6.png?v=1778773899&width=1400,8,gallery,REJECTED,,,
lewpe,cmtumb3u1011nm5et4nj778uz,https://www.lewpe.com/cdn/shop/files/bussola-hexagon-mosaic-wall-panel-walnut-brass.jpg?v=1778773898&width=168,9,gallery,REJECTED,,,
lewpe,cmtumb3u1011nm5et4nj778uz,https://www.lewpe.com/cdn/shop/files/bussola-hexagon-mosaic-wall-panel-walnut.png?v=1778773899&width=168,10,gallery,REJECTED,,,
lewpe,cmtumb3u1011nm5et4nj778uz,https://www.lewpe.com/cdn/shop/files/bussola-hexagon-mosaic-wall-panel-lifestyle-1.png?v=1778773899&width=168,11,gallery,REJECTED,,,
lewpe,cmtumb3u1011nm5et4nj778uz,https://www.lewpe.com/cdn/shop/files/bussola-hexagon-mosaic-wall-panel-lifestyle-2.png?v=1778773899&width=168,12,gallery,REJECTED,,,
lewpe,cmtumb3u1011nm5et4nj778uz,https://www.lewpe.com/cdn/shop/files/bussola-hexagon-mosaic-wall-panel-lifestyle-3.png?v=1778773899&width=168,13,gallery,REJECTED,,,
lewpe,cmtumb3u1011nm5et4nj778uz,https://www.lewpe.com/cdn/shop/files/bussola-hexagon-mosaic-wall-panel-lifestyle-4.png?v=1778773899&width=168,14,gallery,REJECTED,,,
lewpe,cmtumb3u1011nm5et4nj778uz,https://www.lewpe.com/cdn/shop/files/bussola-hexagon-mosaic-wall-panel-lifestyle-5.png?v=1778773899&width=168,15,gallery,REJECTED,,,
lewpe,cmtumb3u1011nm5et4nj778uz,https://www.lewpe.com/cdn/shop/files/bussola-hexagon-mosaic-wall-panel-lifestyle-6.png?v=1778773899&width=168,16,gallery,REJECTED,,,
lewpe,cmtumc18s01jpm5et3aookmp3,http://www.lewpe.com/cdn/shop/files/elvas-art-deco-ribbed-glass-flush-mount-ceiling-light-chrome-beige-product-0.jpg?v=1779140279&width=2048,0,primary,DOWNLOADED,image/jpeg,84778,research-assets/lewpe/glass-red-ambient-lamp-23/img-0.jpg
lewpe,cmtumc18s01jpm5et3aookmp3,https://www.lewpe.com/cdn/shop/files/elvas-art-deco-ribbed-glass-flush-mount-ceiling-light-chrome-beige-product-0.jpg?v=1779140279&width=2000,1,gallery,DOWNLOADED,image/jpeg,77677,research-assets/lewpe/glass-red-ambient-lamp-23/img-1.jpg
lewpe,cmtumc18s01jpm5et3aookmp3,https://www.lewpe.com/cdn/shop/files/elvas-art-deco-ribbed-glass-flush-mount-ceiling-light-gold-beige-product-0.png?v=1779140279&width=1000,2,gallery,DOWNLOADED,image/png,952152,research-assets/lewpe/glass-red-ambient-lamp-23/img-2.png
lewpe,cmtumc18s01jpm5et3aookmp3,https://www.lewpe.com/cdn/shop/files/elvas-art-deco-ribbed-glass-flush-mount-ceiling-light-chrome-white-product-0.png?v=1779140279&width=1000,3,gallery,VALIDATED,image/png,940385,
lewpe,cmtumc18s01jpm5et3aookmp3,https://www.lewpe.com/cdn/shop/files/elvas-art-deco-ribbed-glass-flush-mount-ceiling-light-gold-white-product-0.png?v=1779140279&width=1000,4,gallery,VALIDATED,image/png,936037,
lewpe,cmtumc18s01jpm5et3aookmp3,https://www.lewpe.com/cdn/shop/files/elvas-art-deco-ribbed-glass-flush-mount-ceiling-light-lifestyle-1.jpg?v=1779140279&width=2000,5,gallery,VALIDATED,image/jpeg,554669,
lewpe,cmtumc18s01jpm5et3aookmp3,https://www.lewpe.com/cdn/shop/files/elvas-art-deco-ribbed-glass-flush-mount-ceiling-light-lifestyle-2.jpg?v=1779140279&width=2000,6,gallery,VALIDATED,image/jpeg,475893,
lewpe,cmtumc18s01jpm5et3aookmp3,https://www.lewpe.com/cdn/shop/files/elvas-art-deco-ribbed-glass-flush-mount-ceiling-light-lifestyle-4.jpg?v=1779140279&width=2000,7,gallery,VALIDATED,image/jpeg,247017,
lewpe,cmtumc18s01jpm5et3aookmp3,https://www.lewpe.com/cdn/shop/files/elvas-art-deco-ribbed-glass-flush-mount-ceiling-light-lifestyle-5.jpg?v=1779140502&width=2000,8,gallery,REJECTED,,,
lewpe,cmtumc18s01jpm5et3aookmp3,https://www.lewpe.com/cdn/shop/files/elvas-art-deco-ribbed-glass-flush-mount-ceiling-light-lifestyle-6.jpg?v=1779140502&width=2000,9,gallery,REJECTED,,,
lewpe,cmtumc18s01jpm5et3aookmp3,https://www.lewpe.com/cdn/shop/files/elvas-art-deco-ribbed-glass-flush-mount-ceiling-light-chrome-beige-product-0.jpg?v=1779140279&width=168,10,gallery,REJECTED,,,
lewpe,cmtumc18s01jpm5et3aookmp3,https://www.lewpe.com/cdn/shop/files/elvas-art-deco-ribbed-glass-flush-mount-ceiling-light-gold-beige-product-0.png?v=1779140279&width=168,11,gallery,REJECTED,,,
lewpe,cmtumc18s01jpm5et3aookmp3,https://www.lewpe.com/cdn/shop/files/elvas-art-deco-ribbed-glass-flush-mount-ceiling-light-chrome-white-product-0.png?v=1779140279&width=168,12,gallery,REJECTED,,,
lewpe,cmtumc18s01jpm5et3aookmp3,https://www.lewpe.com/cdn/shop/files/elvas-art-deco-ribbed-glass-flush-mount-ceiling-light-gold-white-product-0.png?v=1779140279&width=168,13,gallery,REJECTED,,,
lewpe,cmtumc18s01jpm5et3aookmp3,https://www.lewpe.com/cdn/shop/files/elvas-art-deco-ribbed-glass-flush-mount-ceiling-light-lifestyle-1.jpg?v=1779140279&width=168,14,gallery,REJECTED,,,
lewpe,cmtumc18s01jpm5et3aookmp3,https://www.lewpe.com/cdn/shop/files/elvas-art-deco-ribbed-glass-flush-mount-ceiling-light-lifestyle-2.jpg?v=1779140279&width=168,15,gallery,REJECTED,,,
lewpe,cmtumc18s01jpm5et3aookmp3,https://www.lewpe.com/cdn/shop/files/elvas-art-deco-ribbed-glass-flush-mount-ceiling-light-lifestyle-4.jpg?v=1779140279&width=168,16,gallery,REJECTED,,,
lewpe,cmtumc18s01jpm5et3aookmp3,https://www.lewpe.com/cdn/shop/files/elvas-art-deco-ribbed-glass-flush-mount-ceiling-light-lifestyle-5.jpg?v=1779140502&width=168,17,gallery,REJECTED,,,
lewpe,cmtumc18s01jpm5et3aookmp3,https://www.lewpe.com/cdn/shop/files/elvas-art-deco-ribbed-glass-flush-mount-ceiling-light-lifestyle-6.jpg?v=1779140502&width=168,18,gallery,REJECTED,,,
lewpe,cmtunas0c0139m50hjnfthpvw,http://www.lewpe.com/cdn/shop/files/valenca-v2-product-photo.png?v=1779220215&width=2048,0,primary,DOWNLOADED,image/png,970513,research-assets/lewpe/glass-ring-wall-sconce/img-0.png
lewpe,cmtunas0c0139m50hjnfthpvw,https://www.lewpe.com/cdn/shop/files/valenca-v2-product-photo.png?v=1779220215&width=1000,1,gallery,DOWNLOADED,image/png,929041,research-assets/lewpe/glass-ring-wall-sconce/img-1.png
lewpe,cmtunas0c0139m50hjnfthpvw,https://www.lewpe.com/cdn/shop/files/valenca-v4-product-photo.png?v=1779220215&width=1000,2,gallery,DOWNLOADED,image/png,939173,research-assets/lewpe/glass-ring-wall-sconce/img-2.png
lewpe,cmtunas0c0139m50hjnfthpvw,https://www.lewpe.com/cdn/shop/files/valenca-v2-lifestyle-2.jpg?v=1779220215&width=2000,3,gallery,VALIDATED,image/jpeg,637311,
lewpe,cmtunas0c0139m50hjnfthpvw,https://www.lewpe.com/cdn/shop/files/valenca-v2-lifestyle-1.jpg?v=1779220215&width=2000,4,gallery,VALIDATED,image/jpeg,397363,
lewpe,cmtunas0c0139m50hjnfthpvw,https://www.lewpe.com/cdn/shop/files/valenca-v4-lifestyle-3.jpg?v=1779220215&width=2000,5,gallery,VALIDATED,image/jpeg,350158,
lewpe,cmtunas0c0139m50hjnfthpvw,https://www.lewpe.com/cdn/shop/files/valenca-v4-lifestyle-1.jpg?v=1779220223&width=2000,6,gallery,VALIDATED,image/jpeg,357327,
lewpe,cmtunas0c0139m50hjnfthpvw,https://www.lewpe.com/cdn/shop/files/valenca-glass-ring-base-product-1.jpg?v=1780192336&width=800,7,gallery,VALIDATED,image/jpeg,48159,
lewpe,cmtunas0c0139m50hjnfthpvw,https://www.lewpe.com/cdn/shop/files/valenca-glass-ring-base-product-2.jpg?v=1780192336&width=600,8,gallery,REJECTED,,,
lewpe,cmtunas0c0139m50hjnfthpvw,https://www.lewpe.com/cdn/shop/files/valenca-v2-product-photo.png?v=1779220215&width=168,9,gallery,REJECTED,,,
lewpe,cmtunas0c0139m50hjnfthpvw,https://www.lewpe.com/cdn/shop/files/valenca-v4-product-photo.png?v=1779220215&width=168,10,gallery,REJECTED,,,
lewpe,cmtunas0c0139m50hjnfthpvw,https://www.lewpe.com/cdn/shop/files/valenca-v2-lifestyle-2.jpg?v=1779220215&width=168,11,gallery,REJECTED,,,
lewpe,cmtunas0c0139m50hjnfthpvw,https://www.lewpe.com/cdn/shop/files/valenca-v2-lifestyle-1.jpg?v=1779220215&width=168,12,gallery,REJECTED,,,
lewpe,cmtunas0c0139m50hjnfthpvw,https://www.lewpe.com/cdn/shop/files/valenca-v4-lifestyle-3.jpg?v=1779220215&width=168,13,gallery,REJECTED,,,
lewpe,cmtunas0c0139m50hjnfthpvw,https://www.lewpe.com/cdn/shop/files/valenca-v4-lifestyle-1.jpg?v=1779220223&width=168,14,gallery,REJECTED,,,
lewpe,cmtunas0c0139m50hjnfthpvw,https://www.lewpe.com/cdn/shop/files/valenca-glass-ring-base-product-1.jpg?v=1780192336&width=168,15,gallery,REJECTED,,,
lewpe,cmtunas0c0139m50hjnfthpvw,https://www.lewpe.com/cdn/shop/files/valenca-glass-ring-base-product-2.jpg?v=1780192336&width=168,16,gallery,REJECTED,,,
lewpe,cmtumc09v01iwm5et3p495mh3,http://www.lewpe.com/cdn/shop/files/mosteiros-polystyrene-cloud-pendant-light-product-1.png?v=1779142479&width=2048,0,primary,DOWNLOADED,image/png,1195303,research-assets/lewpe/wood-cloud-pendant-light-25/img-0.png
lewpe,cmtumc09v01iwm5et3p495mh3,https://www.lewpe.com/cdn/shop/files/mosteiros-polystyrene-cloud-pendant-light-product-1.png?v=1779142479&width=1000,1,gallery,DOWNLOADED,image/png,1137797,research-assets/lewpe/wood-cloud-pendant-light-25/img-1.png
lewpe,cmtumc09v01iwm5et3p495mh3,https://www.lewpe.com/cdn/shop/files/mosteiros-polystyrene-cloud-pendant-light-product-2.png?v=1779142479&width=1000,2,gallery,DOWNLOADED,image/png,1164370,research-assets/lewpe/wood-cloud-pendant-light-25/img-2.png
lewpe,cmtumc09v01iwm5et3p495mh3,https://www.lewpe.com/cdn/shop/files/mosteiros-polystyrene-cloud-pendant-light-product-3.png?v=1779142479&width=1000,3,gallery,VALIDATED,image/png,1280873,
lewpe,cmtumc09v01iwm5et3p495mh3,https://www.lewpe.com/cdn/shop/files/mosteiros-polystyrene-cloud-pendant-light-product-4.jpg?v=1779142479&width=2000,4,gallery,VALIDATED,image/jpeg,228011,
lewpe,cmtumc09v01iwm5et3p495mh3,https://www.lewpe.com/cdn/shop/files/mosteiros-polystyrene-cloud-pendant-light-lifestyle-5.jpg?v=1779142479&width=2000,5,gallery,VALIDATED,image/jpeg,329527,
lewpe,cmtumc09v01iwm5et3p495mh3,https://www.lewpe.com/cdn/shop/files/mosteiros-polystyrene-cloud-pendant-light-lifestyle-6.jpg?v=1779142479&width=2000,6,gallery,VALIDATED,image/jpeg,314482,
lewpe,cmtumc09v01iwm5et3p495mh3,https://www.lewpe.com/cdn/shop/files/mosteiros-polystyrene-cloud-pendant-light-lifestyle-7.jpg?v=1779142479&width=2000,7,gallery,VALIDATED,image/jpeg,436515,
lewpe,cmtumc09v01iwm5et3p495mh3,https://www.lewpe.com/cdn/shop/files/mosteiros-polystyrene-cloud-pendant-light-lifestyle-8.jpg?v=1779142479&width=2000,8,gallery,REJECTED,,,
lewpe,cmtumc09v01iwm5et3p495mh3,https://www.lewpe.com/cdn/shop/files/mosteiros-polystyrene-cloud-pendant-light-lifestyle-9.jpg?v=1779142479&width=2000,9,gallery,REJECTED,,,
lewpe,cmtumc09v01iwm5et3p495mh3,https://www.lewpe.com/cdn/shop/files/mosteiros-polystyrene-cloud-pendant-light-lifestyle-10.jpg?v=1779142479&width=2000,10,gallery,REJECTED,,,
lewpe,cmtumc09v01iwm5et3p495mh3,https://www.lewpe.com/cdn/shop/files/mosteiros-polystyrene-cloud-pendant-light-lifestyle-11.jpg?v=1779142479&width=2000,11,gallery,REJECTED,,,
lewpe,cmtumc09v01iwm5et3p495mh3,https://www.lewpe.com/cdn/shop/files/mosteiros-cloud-pendant-gray.jpg?v=1781539774&width=2600,12,gallery,REJECTED,,,
lewpe,cmtumc09v01iwm5et3p495mh3,https://www.lewpe.com/cdn/shop/files/mosteiros-cloud-pendant-beige.jpg?v=1781539782&width=1800,13,gallery,REJECTED,,,
lewpe,cmtumc09v01iwm5et3p495mh3,https://www.lewpe.com/cdn/shop/files/mosteiros-cloud-pendant-brown.jpg?v=1781539790&width=1400,14,gallery,REJECTED,,,
lewpe,cmtumc09v01iwm5et3p495mh3,https://www.lewpe.com/cdn/shop/files/mosteiros-cloud-pendant-blue.jpg?v=1781539799&width=1400,15,gallery,REJECTED,,,
lewpe,cmtumc09v01iwm5et3p495mh3,https://www.lewpe.com/cdn/shop/files/mosteiros-cloud-pendant-orange.jpg?v=1781539807&width=1400,16,gallery,REJECTED,,,
lewpe,cmtumc09v01iwm5et3p495mh3,https://www.lewpe.com/cdn/shop/files/mosteiros-polystyrene-cloud-pendant-light-product-1.png?v=1779142479&width=168,17,gallery,REJECTED,,,
lewpe,cmtumc09v01iwm5et3p495mh3,https://www.lewpe.com/cdn/shop/files/mosteiros-polystyrene-cloud-pendant-light-product-2.png?v=1779142479&width=168,18,gallery,REJECTED,,,
lewpe,cmtumc09v01iwm5et3p495mh3,https://www.lewpe.com/cdn/shop/files/mosteiros-polystyrene-cloud-pendant-light-product-3.png?v=1779142479&width=168,19,gallery,REJECTED,,,
lewpe,cmtumc09v01iwm5et3p495mh3,https://www.lewpe.com/cdn/shop/files/mosteiros-polystyrene-cloud-pendant-light-product-4.jpg?v=1779142479&width=168,20,gallery,REJECTED,,,
lewpe,cmtumc09v01iwm5et3p495mh3,https://www.lewpe.com/cdn/shop/files/mosteiros-polystyrene-cloud-pendant-light-lifestyle-5.jpg?v=1779142479&width=168,21,gallery,REJECTED,,,
lewpe,cmtumc09v01iwm5et3p495mh3,https://www.lewpe.com/cdn/shop/files/mosteiros-polystyrene-cloud-pendant-light-lifestyle-6.jpg?v=1779142479&width=168,22,gallery,REJECTED,,,
lewpe,cmtumc09v01iwm5et3p495mh3,https://www.lewpe.com/cdn/shop/files/mosteiros-polystyrene-cloud-pendant-light-lifestyle-7.jpg?v=1779142479&width=168,23,gallery,REJECTED,,,
ferm-living,cmtum72u000lum5et2krybi2g,https://fermliving.com/cdn/shop/files/399364_1104271124_1.png?v=1762178650,0,primary,DOWNLOADED,image/png,399412,research-assets/ferm-living/mirror-curve-decorative-accent-26/img-0.png
ferm-living,cmtum72u000lum5et2krybi2g,https://fermliving.com/cdn/shop/files/399364_1104271124_1_x1200.png?v=1762178650,1,gallery,DOWNLOADED,image/png,230476,research-assets/ferm-living/mirror-curve-decorative-accent-26/img-1.png
cozy-garden,cmtumd9yy01xvm5etfn42j6my,https://thecozygarden.com/cdn/shop/files/GRWFP1243582935.jpg?v=1774657399&width=1920,0,primary,DOWNLOADED,image/jpeg,138924,research-assets/cozy-garden/steel-garden-ornament-27/img-0.jpg
cozy-garden,cmtumd9yy01xvm5etfn42j6my,http://thecozygarden.com/cdn/shop/files/GRWFP1243582935.jpg?v=1774657399,1,gallery,DOWNLOADED,image/jpeg,138924,research-assets/cozy-garden/steel-garden-ornament-27/img-1.jpg
cozy-garden,cmtumd9yy01xvm5etfn42j6my,https://thecozygarden.com/cdn/shop/files/GRWFP1243582935.jpg?v=1774657399&width=3840,2,gallery,DOWNLOADED,image/jpeg,138924,research-assets/cozy-garden/steel-garden-ornament-27/img-2.jpg
cozy-garden,cmtumd9yy01xvm5etfn42j6my,https://thecozygarden.com/cdn/shop/files/GRWFP1243582935_75111723.jpg?v=1774657399&width=3840,3,gallery,VALIDATED,image/jpeg,52140,
cozy-garden,cmtumd9yy01xvm5etfn42j6my,https://thecozygarden.com/cdn/shop/files/GRWFP1243582935_75111724.jpg?v=1774657399&width=3840,4,gallery,VALIDATED,image/jpeg,58355,
cozy-garden,cmtumd9yy01xvm5etfn42j6my,https://thecozygarden.com/cdn/shop/files/GRWFP1243582935.jpg?v=1774657399&width=832,5,gallery,VALIDATED,image/jpeg,138924,
cozy-garden,cmtumd9yy01xvm5etfn42j6my,https://thecozygarden.com/cdn/shop/files/GRWFP1243582935_75111723.jpg?v=1774657399&width=832,6,gallery,VALIDATED,image/jpeg,52140,
cozy-garden,cmtumd9yy01xvm5etfn42j6my,https://thecozygarden.com/cdn/shop/files/GRWFP1243582935_75111724.jpg?v=1774657399&width=832,7,gallery,VALIDATED,image/jpeg,58355,
cozy-garden,cmtumdgvd01zam5etwpl13v8a,https://thecozygarden.com/cdn/shop/files/HW70439WH.jpg?v=1774657432&width=1920,0,primary,DOWNLOADED,image/jpeg,25366,research-assets/cozy-garden/white-rattan-storage-28/img-0.jpg
cozy-garden,cmtumdgvd01zam5etwpl13v8a,http://thecozygarden.com/cdn/shop/files/HW70439WH.jpg?v=1774657432,1,gallery,DOWNLOADED,image/jpeg,25366,research-assets/cozy-garden/white-rattan-storage-28/img-1.jpg
cozy-garden,cmtumdgvd01zam5etwpl13v8a,https://thecozygarden.com/cdn/shop/files/HW70439WH.jpg?v=1774657432&width=3840,2,gallery,DOWNLOADED,image/jpeg,25366,research-assets/cozy-garden/white-rattan-storage-28/img-2.jpg
cozy-garden,cmtumdgvd01zam5etwpl13v8a,https://thecozygarden.com/cdn/shop/files/HW70439WH-_56652610.jpg?v=1774657432&width=3840,3,gallery,VALIDATED,image/jpeg,142858,
cozy-garden,cmtumdgvd01zam5etwpl13v8a,https://thecozygarden.com/cdn/shop/files/HW70439WH-_56652611.jpg?v=1774657432&width=3840,4,gallery,VALIDATED,image/jpeg,82519,
cozy-garden,cmtumdgvd01zam5etwpl13v8a,https://thecozygarden.com/cdn/shop/files/HW70439WH-_56652612.jpg?v=1774657432&width=3840,5,gallery,VALIDATED,image/jpeg,38801,
cozy-garden,cmtumdgvd01zam5etwpl13v8a,https://thecozygarden.com/cdn/shop/files/HW70439WH-_56652613.jpg?v=1774657432&width=3840,6,gallery,VALIDATED,image/jpeg,67722,
cozy-garden,cmtumdgvd01zam5etwpl13v8a,https://thecozygarden.com/cdn/shop/files/HW70439WH.jpg?v=1774657432&width=832,7,gallery,VALIDATED,image/jpeg,25366,
cozy-garden,cmtumdgvd01zam5etwpl13v8a,https://thecozygarden.com/cdn/shop/files/HW70439WH-_56652610.jpg?v=1774657432&width=832,8,gallery,REJECTED,,,
cozy-garden,cmtumdgvd01zam5etwpl13v8a,https://thecozygarden.com/cdn/shop/files/HW70439WH-_56652611.jpg?v=1774657432&width=832,9,gallery,REJECTED,,,
cozy-garden,cmtumdgvd01zam5etwpl13v8a,https://thecozygarden.com/cdn/shop/files/HW70439WH-_56652612.jpg?v=1774657432&width=832,10,gallery,REJECTED,,,
cozy-garden,cmtumdgvd01zam5etwpl13v8a,https://thecozygarden.com/cdn/shop/files/HW70439WH-_56652613.jpg?v=1774657432&width=832,11,gallery,REJECTED,,,
cozy-garden,cmtundfrt01ptm50htmpl07oh,https://thecozygarden.com/cdn/shop/files/GDSWBH21438695.jpg?v=1781134112&width=1920,0,primary,DOWNLOADED,image/jpeg,79029,research-assets/cozy-garden/green-iron-wall-panel/img-0.jpg
cozy-garden,cmtundfrt01ptm50htmpl07oh,http://thecozygarden.com/cdn/shop/files/GDSWBH21438695.jpg?v=1781134112,1,gallery,DOWNLOADED,image/jpeg,79029,research-assets/cozy-garden/green-iron-wall-panel/img-1.jpg
cozy-garden,cmtundfrt01ptm50htmpl07oh,https://thecozygarden.com/cdn/shop/files/GDSWBH21438695.jpg?v=1781134112&width=3840,2,gallery,DOWNLOADED,image/jpeg,79029,research-assets/cozy-garden/green-iron-wall-panel/img-2.jpg
cozy-garden,cmtundfrt01ptm50htmpl07oh,https://thecozygarden.com/cdn/shop/files/GDSWBH21438695_73669612.jpg?v=1781134112&width=3840,3,gallery,VALIDATED,image/jpeg,176107,
cozy-garden,cmtundfrt01ptm50htmpl07oh,https://thecozygarden.com/cdn/shop/files/GDSWBH21438695_73669613.jpg?v=1781134112&width=3840,4,gallery,VALIDATED,image/jpeg,182859,
cozy-garden,cmtundfrt01ptm50htmpl07oh,https://thecozygarden.com/cdn/shop/files/GDSWBH21438695.jpg?v=1781134112&width=832,5,gallery,VALIDATED,image/jpeg,66981,
cozy-garden,cmtundfrt01ptm50htmpl07oh,https://thecozygarden.com/cdn/shop/files/GDSWBH21438695_73669612.jpg?v=1781134112&width=832,6,gallery,VALIDATED,image/jpeg,153348,
cozy-garden,cmtundfrt01ptm50htmpl07oh,https://thecozygarden.com/cdn/shop/files/GDSWBH21438695_73669613.jpg?v=1781134112&width=832,7,gallery,VALIDATED,image/jpeg,161141,
lewpe,cmtunaj8500u3m53jx3uwg0qi,http://www.lewpe.com/cdn/shop/files/ancos-strip-led-wall-sconce-with-a-black-band-on-a-frosted-01.jpg?v=1787605629&width=2048,0,primary,DOWNLOADED,image/jpeg,83006,research-assets/lewpe/aluminium-led-wall-sconce/img-0.jpg
lewpe,cmtunaj8500u3m53jx3uwg0qi,https://www.lewpe.com/cdn/shop/files/ancos-strip-led-wall-sconce-with-a-black-band-on-a-frosted-01.jpg?v=1787605629&width=1200,1,gallery,DOWNLOADED,image/jpeg,69820,research-assets/lewpe/aluminium-led-wall-sconce/img-1.jpg
lewpe,cmtunaj8500u3m53jx3uwg0qi,https://www.lewpe.com/cdn/shop/files/ancos-strip-led-wall-sconce-with-a-white-band-on-a-frosted-02.jpg?v=1787605630&width=1200,2,gallery,DOWNLOADED,image/jpeg,121621,research-assets/lewpe/aluminium-led-wall-sconce/img-2.jpg
lewpe,cmtunaj8500u3m53jx3uwg0qi,https://www.lewpe.com/cdn/shop/files/ancos-strip-led-wall-sconce-with-a-black-band-on-a-frosted-03.jpg?v=1787605630&width=1200,3,gallery,VALIDATED,image/jpeg,73204,
lewpe,cmtunaj8500u3m53jx3uwg0qi,https://www.lewpe.com/cdn/shop/files/ancos-strip-led-wall-sconce-with-a-white-band-on-a-frosted-04.jpg?v=1787605629&width=1200,4,gallery,VALIDATED,image/jpeg,83088,
lewpe,cmtunaj8500u3m53jx3uwg0qi,https://www.lewpe.com/cdn/shop/files/ancos-sconce-in-black-with-warm-white-light-beside-a-bed-up-06.jpg?v=1787605630&width=1200,5,gallery,VALIDATED,image/jpeg,167403,
lewpe,cmtunaj8500u3m53jx3uwg0qi,https://www.lewpe.com/cdn/shop/files/ancos-sconce-in-black-with-cool-white-light-above-a-linen-in-01.jpg?v=1788374505&width=1200,6,gallery,VALIDATED,image/jpeg,182408,
lewpe,cmtunaj8500u3m53jx3uwg0qi,https://www.lewpe.com/cdn/shop/files/ancos-sconce-in-white-with-warm-white-light-on-a-plaster-in-08.jpg?v=1787605630&width=1200,7,gallery,VALIDATED,image/jpeg,180510,
lewpe,cmtunaj8500u3m53jx3uwg0qi,https://www.lewpe.com/cdn/shop/files/ancos-sconce-in-white-with-cool-white-light-in-a-gallery-09.jpg?v=1787605630&width=1200,8,gallery,REJECTED,,,
lewpe,cmtunaj8500u3m53jx3uwg0qi,https://www.lewpe.com/cdn/shop/files/ancos-sconce-in-black-with-warm-white-light-as-a-wall-accent-10.jpg?v=1787605630&width=1200,9,gallery,REJECTED,,,
lewpe,cmtunaj8500u3m53jx3uwg0qi,https://www.lewpe.com/cdn/shop/files/ancos-sconce-in-black-with-warm-white-light-above-a-console-11.jpg?v=1787605630&width=1200,10,gallery,REJECTED,,,
lewpe,cmtunaj8500u3m53jx3uwg0qi,https://www.lewpe.com/cdn/shop/files/ancos-strip-led-wall-sconce-with-a-black-band-on-a-frosted-01.jpg?v=1787605629&width=168,11,gallery,REJECTED,,,
lewpe,cmtunaj8500u3m53jx3uwg0qi,https://www.lewpe.com/cdn/shop/files/ancos-strip-led-wall-sconce-with-a-white-band-on-a-frosted-02.jpg?v=1787605630&width=168,12,gallery,REJECTED,,,
lewpe,cmtunaj8500u3m53jx3uwg0qi,https://www.lewpe.com/cdn/shop/files/ancos-strip-led-wall-sconce-with-a-black-band-on-a-frosted-03.jpg?v=1787605630&width=168,13,gallery,REJECTED,,,
lewpe,cmtunaj8500u3m53jx3uwg0qi,https://www.lewpe.com/cdn/shop/files/ancos-strip-led-wall-sconce-with-a-white-band-on-a-frosted-04.jpg?v=1787605629&width=168,14,gallery,REJECTED,,,
lewpe,cmtunaj8500u3m53jx3uwg0qi,https://www.lewpe.com/cdn/shop/files/ancos-sconce-in-black-with-warm-white-light-beside-a-bed-up-06.jpg?v=1787605630&width=168,15,gallery,REJECTED,,,
lewpe,cmtunaj8500u3m53jx3uwg0qi,https://www.lewpe.com/cdn/shop/files/ancos-sconce-in-black-with-cool-white-light-above-a-linen-in-01.jpg?v=1788374505&width=168,16,gallery,REJECTED,,,
lewpe,cmtunaj8500u3m53jx3uwg0qi,https://www.lewpe.com/cdn/shop/files/ancos-sconce-in-white-with-warm-white-light-on-a-plaster-in-08.jpg?v=1787605630&width=168,17,gallery,REJECTED,,,
lewpe,cmtunaj8500u3m53jx3uwg0qi,https://www.lewpe.com/cdn/shop/files/ancos-sconce-in-white-with-cool-white-light-in-a-gallery-09.jpg?v=1787605630&width=168,18,gallery,REJECTED,,,
lewpe,cmtunaj8500u3m53jx3uwg0qi,https://www.lewpe.com/cdn/shop/files/ancos-sconce-in-black-with-warm-white-light-as-a-wall-accent-10.jpg?v=1787605630&width=168,19,gallery,REJECTED,,,
lewpe,cmtunaj8500u3m53jx3uwg0qi,https://www.lewpe.com/cdn/shop/files/ancos-sconce-in-black-with-warm-white-light-above-a-console-11.jpg?v=1787605630&width=168,20,gallery,REJECTED,,,
cozy-garden,cmtume8nq0258m5etkvto8s4f,https://thecozygarden.com/cdn/shop/files/316229.jpg?v=1774657568&width=1920,0,primary,DOWNLOADED,image/jpeg,132510,research-assets/cozy-garden/green-steel-outdoor-piece-31/img-0.jpg
cozy-garden,cmtume8nq0258m5etkvto8s4f,http://thecozygarden.com/cdn/shop/files/316229.jpg?v=1774657568,1,gallery,DOWNLOADED,image/jpeg,132510,research-assets/cozy-garden/green-steel-outdoor-piece-31/img-1.jpg
cozy-garden,cmtume8nq0258m5etkvto8s4f,https://thecozygarden.com/cdn/shop/files/316229.jpg?v=1774657568&width=3840,2,gallery,DOWNLOADED,image/jpeg,132510,research-assets/cozy-garden/green-steel-outdoor-piece-31/img-2.jpg
cozy-garden,cmtume8nq0258m5etkvto8s4f,https://thecozygarden.com/cdn/shop/files/316229_63959621.jpg?v=1774657568&width=3840,3,gallery,VALIDATED,image/jpeg,47760,
cozy-garden,cmtume8nq0258m5etkvto8s4f,https://thecozygarden.com/cdn/shop/files/316229_63959622.jpg?v=1774657568&width=3840,4,gallery,VALIDATED,image/jpeg,44882,
cozy-garden,cmtume8nq0258m5etkvto8s4f,https://thecozygarden.com/cdn/shop/files/316229_63959623.jpg?v=1774657568&width=3840,5,gallery,VALIDATED,image/jpeg,41547,
cozy-garden,cmtume8nq0258m5etkvto8s4f,https://thecozygarden.com/cdn/shop/files/316229_63959624.jpg?v=1774657568&width=3840,6,gallery,VALIDATED,image/jpeg,40695,
cozy-garden,cmtume8nq0258m5etkvto8s4f,https://thecozygarden.com/cdn/shop/files/316229_63959625.jpg?v=1774657568&width=3840,7,gallery,VALIDATED,image/jpeg,48091,
cozy-garden,cmtume8nq0258m5etkvto8s4f,https://thecozygarden.com/cdn/shop/files/316229_63959626.jpg?v=1774657568&width=3840,8,gallery,REJECTED,,,
cozy-garden,cmtume8nq0258m5etkvto8s4f,https://thecozygarden.com/cdn/shop/files/316229.jpg?v=1774657568&width=832,9,gallery,REJECTED,,,
cozy-garden,cmtume8nq0258m5etkvto8s4f,https://thecozygarden.com/cdn/shop/files/316229_63959621.jpg?v=1774657568&width=832,10,gallery,REJECTED,,,
cozy-garden,cmtume8nq0258m5etkvto8s4f,https://thecozygarden.com/cdn/shop/files/316229_63959622.jpg?v=1774657568&width=832,11,gallery,REJECTED,,,
cozy-garden,cmtume8nq0258m5etkvto8s4f,https://thecozygarden.com/cdn/shop/files/316229_63959623.jpg?v=1774657568&width=832,12,gallery,REJECTED,,,
cozy-garden,cmtume8nq0258m5etkvto8s4f,https://thecozygarden.com/cdn/shop/files/316229_63959624.jpg?v=1774657568&width=832,13,gallery,REJECTED,,,
cozy-garden,cmtume8nq0258m5etkvto8s4f,https://thecozygarden.com/cdn/shop/files/316229_63959625.jpg?v=1774657568&width=832,14,gallery,REJECTED,,,
cozy-garden,cmtume8nq0258m5etkvto8s4f,https://thecozygarden.com/cdn/shop/files/316229_63959626.jpg?v=1774657568&width=832,15,gallery,REJECTED,,,
cozy-garden,cmtumea1r025hm5et48iw8cgw,https://thecozygarden.com/cdn/shop/files/47091.jpg?v=1774657574&width=1920,0,primary,DOWNLOADED,image/jpeg,125416,research-assets/cozy-garden/anthracite-steel-wall-panel-32/img-0.jpg
cozy-garden,cmtumea1r025hm5et48iw8cgw,http://thecozygarden.com/cdn/shop/files/47091.jpg?v=1774657574,1,gallery,DOWNLOADED,image/jpeg,125416,research-assets/cozy-garden/anthracite-steel-wall-panel-32/img-1.jpg
cozy-garden,cmtumea1r025hm5et48iw8cgw,https://thecozygarden.com/cdn/shop/files/47091.jpg?v=1774657574&width=3840,2,gallery,DOWNLOADED,image/jpeg,125416,research-assets/cozy-garden/anthracite-steel-wall-panel-32/img-2.jpg
cozy-garden,cmtumea1r025hm5et48iw8cgw,https://thecozygarden.com/cdn/shop/files/47091_64059841.jpg?v=1774657574&width=3840,3,gallery,VALIDATED,image/jpeg,70219,
cozy-garden,cmtumea1r025hm5et48iw8cgw,https://thecozygarden.com/cdn/shop/files/47091_64059842.jpg?v=1774657574&width=3840,4,gallery,VALIDATED,image/jpeg,65663,
cozy-garden,cmtumea1r025hm5et48iw8cgw,https://thecozygarden.com/cdn/shop/files/47091_64059843.jpg?v=1774657574&width=3840,5,gallery,VALIDATED,image/jpeg,24371,
cozy-garden,cmtumea1r025hm5et48iw8cgw,https://thecozygarden.com/cdn/shop/files/47091_64059844.jpg?v=1774657574&width=3840,6,gallery,VALIDATED,image/jpeg,60548,
cozy-garden,cmtumea1r025hm5et48iw8cgw,https://thecozygarden.com/cdn/shop/files/47091_64059845.jpg?v=1774657574&width=3840,7,gallery,VALIDATED,image/jpeg,40887,
cozy-garden,cmtumea1r025hm5et48iw8cgw,https://thecozygarden.com/cdn/shop/files/47091_64059846.jpg?v=1774657574&width=3840,8,gallery,REJECTED,,,
cozy-garden,cmtumea1r025hm5et48iw8cgw,https://thecozygarden.com/cdn/shop/files/47091.jpg?v=1774657574&width=832,9,gallery,REJECTED,,,
cozy-garden,cmtumea1r025hm5et48iw8cgw,https://thecozygarden.com/cdn/shop/files/47091_64059841.jpg?v=1774657574&width=832,10,gallery,REJECTED,,,
cozy-garden,cmtumea1r025hm5et48iw8cgw,https://thecozygarden.com/cdn/shop/files/47091_64059842.jpg?v=1774657574&width=832,11,gallery,REJECTED,,,
cozy-garden,cmtumea1r025hm5et48iw8cgw,https://thecozygarden.com/cdn/shop/files/47091_64059843.jpg?v=1774657574&width=832,12,gallery,REJECTED,,,
cozy-garden,cmtumea1r025hm5et48iw8cgw,https://thecozygarden.com/cdn/shop/files/47091_64059844.jpg?v=1774657574&width=832,13,gallery,REJECTED,,,
cozy-garden,cmtumea1r025hm5et48iw8cgw,https://thecozygarden.com/cdn/shop/files/47091_64059845.jpg?v=1774657574&width=832,14,gallery,REJECTED,,,
cozy-garden,cmtumea1r025hm5et48iw8cgw,https://thecozygarden.com/cdn/shop/files/47091_64059846.jpg?v=1774657574&width=832,15,gallery,REJECTED,,,
ferm-living,cmtum7uh000tvm5et4j05g4fl,https://fermliving.com/cdn/shop/files/604179_1104272018_1.png?v=1762177880,0,primary,DOWNLOADED,image/png,604227,research-assets/ferm-living/black-cotton-cushion-33/img-0.png
ferm-living,cmtum7uh000tvm5et4j05g4fl,https://fermliving.com/cdn/shop/files/604179_1104272018_1_x1200.png?v=1762177880,1,gallery,DOWNLOADED,image/png,259936,research-assets/ferm-living/black-cotton-cushion-33/img-1.png
lewpe,cmtunatgr010hm53jewvy7kz3,http://www.lewpe.com/cdn/shop/files/alvor-v1-product-photo.png?v=1779219757&width=2048,0,primary,DOWNLOADED,image/png,1165246,research-assets/lewpe/up-and-down-plug-in-wall-sconce/img-0.png
lewpe,cmtunatgr010hm53jewvy7kz3,https://www.lewpe.com/cdn/shop/files/alvor-v1-product-photo.png?v=1779219757&width=1000,1,gallery,DOWNLOADED,image/png,1122512,research-assets/lewpe/up-and-down-plug-in-wall-sconce/img-1.png
lewpe,cmtunatgr010hm53jewvy7kz3,https://www.lewpe.com/cdn/shop/files/alvor-v0-product-photo.png?v=1779219757&width=1000,2,gallery,DOWNLOADED,image/png,1169205,research-assets/lewpe/up-and-down-plug-in-wall-sconce/img-2.png
lewpe,cmtunatgr010hm53jewvy7kz3,https://www.lewpe.com/cdn/shop/files/alvor-v0-lifestyle-3-v2.jpg?v=1779219757&width=2000,3,gallery,VALIDATED,image/jpeg,633140,
lewpe,cmtunatgr010hm53jewvy7kz3,https://www.lewpe.com/cdn/shop/files/alvor-v0-lifestyle-2.jpg?v=1779219757&width=2000,4,gallery,VALIDATED,image/jpeg,629223,
lewpe,cmtunatgr010hm53jewvy7kz3,https://www.lewpe.com/cdn/shop/files/alvor-v9-lifestyle-1.jpg?v=1779219757&width=2000,5,gallery,VALIDATED,image/jpeg,653744,
lewpe,cmtunatgr010hm53jewvy7kz3,https://www.lewpe.com/cdn/shop/files/alvor-pink-black-shades-product-9.jpg?v=1780192327&width=800,6,gallery,VALIDATED,image/jpeg,42175,
lewpe,cmtunatgr010hm53jewvy7kz3,https://www.lewpe.com/cdn/shop/files/alvor-pink-shades-product-10.jpg?v=1780192328&width=800,7,gallery,VALIDATED,image/jpeg,38133,
lewpe,cmtunatgr010hm53jewvy7kz3,https://www.lewpe.com/cdn/shop/files/alvor-beige-shades-product-11.jpg?v=1780192328&width=800,8,gallery,REJECTED,,,
lewpe,cmtunatgr010hm53jewvy7kz3,https://www.lewpe.com/cdn/shop/files/alvor-beige-black-shades-product-12.jpg?v=1780192328&width=800,9,gallery,REJECTED,,,
lewpe,cmtunatgr010hm53jewvy7kz3,https://www.lewpe.com/cdn/shop/files/alvor-green-black-shades-product-13.jpg?v=1780192328&width=800,10,gallery,REJECTED,,,
lewpe,cmtunatgr010hm53jewvy7kz3,https://www.lewpe.com/cdn/shop/files/alvor-green-shades-product-14.jpg?v=1780192328&width=800,11,gallery,REJECTED,,,
lewpe,cmtunatgr010hm53jewvy7kz3,https://www.lewpe.com/cdn/shop/files/alvor-green-red-shades-product-15.jpg?v=1780192328&width=800,12,gallery,REJECTED,,,
lewpe,cmtunatgr010hm53jewvy7kz3,https://www.lewpe.com/cdn/shop/files/alvor-beige-green-shades-product-16.jpg?v=1780192328&width=800,13,gallery,REJECTED,,,
lewpe,cmtunatgr010hm53jewvy7kz3,https://www.lewpe.com/cdn/shop/files/alvor-pink-red-shades-product-17.jpg?v=1780192328&width=800,14,gallery,REJECTED,,,
lewpe,cmtunatgr010hm53jewvy7kz3,https://www.lewpe.com/cdn/shop/files/alvor-beige-red-shades-detail-product-18.jpg?v=1780192328&width=1400,15,gallery,REJECTED,,,
lewpe,cmtunatgr010hm53jewvy7kz3,https://www.lewpe.com/cdn/shop/files/alvor-green-pink-shades-product-19.jpg?v=1780192328&width=800,16,gallery,REJECTED,,,
lewpe,cmtunatgr010hm53jewvy7kz3,https://www.lewpe.com/cdn/shop/files/alvor-beige-pink-shades-product-20.png?v=1780192328&width=1000,17,gallery,REJECTED,,,
lewpe,cmtunatgr010hm53jewvy7kz3,https://www.lewpe.com/cdn/shop/files/alvor-black-shades-product-21.jpg?v=1780192328&width=800,18,gallery,REJECTED,,,
lewpe,cmtunatgr010hm53jewvy7kz3,https://www.lewpe.com/cdn/shop/files/alvor-v1-product-photo.png?v=1779219757&width=168,19,gallery,REJECTED,,,
lewpe,cmtunatgr010hm53jewvy7kz3,https://www.lewpe.com/cdn/shop/files/alvor-v0-product-photo.png?v=1779219757&width=168,20,gallery,REJECTED,,,
lewpe,cmtunatgr010hm53jewvy7kz3,https://www.lewpe.com/cdn/shop/files/alvor-v0-lifestyle-3-v2.jpg?v=1779219757&width=168,21,gallery,REJECTED,,,
lewpe,cmtunatgr010hm53jewvy7kz3,https://www.lewpe.com/cdn/shop/files/alvor-v0-lifestyle-2.jpg?v=1779219757&width=168,22,gallery,REJECTED,,,
lewpe,cmtunatgr010hm53jewvy7kz3,https://www.lewpe.com/cdn/shop/files/alvor-v9-lifestyle-1.jpg?v=1779219757&width=168,23,gallery,REJECTED,,,
viridian-bay,cmtumf0hx029gm5et5p68ip2m,http://viridianbay.com/cdn/shop/products/vb34459e_6518e9d4-5421-420b-97f0-a4fd9128701c.jpg?v=1704927199&width=2048,0,primary,DOWNLOADED,image/jpeg,83971,research-assets/viridian-bay/aluminium-garden-stool-35/img-0.jpg
viridian-bay,cmtumf0hx029gm5et5p68ip2m,https://viridianbay.com/cdn/shop/products/vb34459e_6518e9d4-5421-420b-97f0-a4fd9128701c.jpg?v=1704927199&width=1000,1,gallery,DOWNLOADED,image/jpeg,89890,research-assets/viridian-bay/aluminium-garden-stool-35/img-1.jpg
viridian-bay,cmtumf0hx029gm5et5p68ip2m,https://viridianbay.com/cdn/shop/products/VB34611_9316f746-18cc-4357-a1a1-d758bd5e1ce7.jpg?v=1704927199&width=1000,2,gallery,DOWNLOADED,image/jpeg,65296,research-assets/viridian-bay/aluminium-garden-stool-35/img-2.jpg
viridian-bay,cmtumf0hx029gm5et5p68ip2m,https://viridianbay.com/cdn/shop/products/vb34611_2023_97557d76-ff5c-49ef-b869-aae09a64f992.jpg?v=1704927199&width=1000,3,gallery,VALIDATED,image/jpeg,136247,
viridian-bay,cmtumf0hx029gm5et5p68ip2m,https://viridianbay.com/cdn/shop/products/vb34459_2023_833b0718-e13d-4770-a0fa-b76bf69d4f43.jpg?v=1704927199&width=1000,4,gallery,VALIDATED,image/jpeg,174541,
viridian-bay,cmtumf0hx029gm5et5p68ip2m,https://viridianbay.com/cdn/shop/products/vb34459b_d2f15484-565b-47d1-bfd6-dbe408af0639.jpg?v=1704927199&width=1000,5,gallery,VALIDATED,image/jpeg,132034,
viridian-bay,cmtumf0hx029gm5et5p68ip2m,https://viridianbay.com/cdn/shop/products/vb34459c_a33f8c45-747b-4dab-992f-6c1e9f5b4708.jpg?v=1704927199&width=1000,6,gallery,VALIDATED,image/jpeg,142051,
viridian-bay,cmtumf0hx029gm5et5p68ip2m,https://viridianbay.com/cdn/shop/products/VB34611_2_184a4d36-bca6-499b-9274-cafaf47e7418.jpg?v=1704927199&width=1000,7,gallery,VALIDATED,image/jpeg,68660,
viridian-bay,cmtumf0hx029gm5et5p68ip2m,https://viridianbay.com/cdn/shop/products/vb34459d_a546232c-9025-4ff2-89cf-63e12963a6d1.jpg?v=1704927199&width=1000,8,gallery,REJECTED,,,
viridian-bay,cmtumf0hx029gm5et5p68ip2m,https://viridianbay.com/cdn/shop/products/vb34459g_f619c6b0-7498-4a65-8cc6-1088a465aee3.jpg?v=1704927199&width=1000,9,gallery,REJECTED,,,
ferm-living,cmtum80ec00vcm5et72krs0dn,https://fermliving.com/cdn/shop/files/208859_1104272022_1.png?v=1762177939,0,primary,DOWNLOADED,image/png,208907,research-assets/ferm-living/cotton-bolster-cushion-36/img-0.png
ferm-living,cmtum80ec00vcm5et72krs0dn,https://fermliving.com/cdn/shop/files/208859_1104272022_1_x1200.png?v=1762177939,1,gallery,DOWNLOADED,image/png,97533,research-assets/ferm-living/cotton-bolster-cushion-36/img-1.png
viridian-bay,cmtumfeg402crm5etdgyhdhsi,https://viridianbay.com/cdn/shop/products/vb34517a_f165c009-b9e9-45d1-96d9-477c201b9827.jpg?v=1704927929&width=1920,0,primary,DOWNLOADED,image/jpeg,57461,research-assets/viridian-bay/aluminium-garden-piece-37/img-0.jpg
viridian-bay,cmtumfeg402crm5etdgyhdhsi,https://cdn.shopify.com/s/files/1/1141/9284/products/vb34517a_f165c009-b9e9-45d1-96d9-477c201b9827.jpg?v=1704927929,1,gallery,DOWNLOADED,image/jpeg,57461,research-assets/viridian-bay/aluminium-garden-piece-37/img-1.jpg
viridian-bay,cmtumfeg402crm5etdgyhdhsi,http://viridianbay.com/cdn/shop/products/vb34517a_f165c009-b9e9-45d1-96d9-477c201b9827.jpg?v=1704927929&width=2048,2,gallery,DOWNLOADED,image/jpeg,57461,research-assets/viridian-bay/aluminium-garden-piece-37/img-2.jpg
viridian-bay,cmtumfeg402crm5etdgyhdhsi,https://viridianbay.com/cdn/shop/products/vb34517a_f165c009-b9e9-45d1-96d9-477c201b9827.jpg?v=1704927929&width=1000,3,gallery,VALIDATED,image/jpeg,62450,
viridian-bay,cmtumfeg402crm5etdgyhdhsi,https://viridianbay.com/cdn/shop/products/vb34517b_6b0e65f5-44b3-48c7-9774-4d1b355d73ac.jpg?v=1704927929&width=1000,4,gallery,VALIDATED,image/jpeg,310267,
viridian-bay,cmtumfeg402crm5etdgyhdhsi,https://viridianbay.com/cdn/shop/products/vb34517aa_274342c2-ccf1-418f-94b4-ff64b6c264ee.jpg?v=1704927929&width=1000,5,gallery,VALIDATED,image/jpeg,304855,
viridian-bay,cmtumfeg402crm5etdgyhdhsi,https://viridianbay.com/cdn/shop/products/vb34517c_c3312110-d4ca-4b68-b97d-7985d3ea0150.jpg?v=1704927929&width=1000,6,gallery,VALIDATED,image/jpeg,237565,
viridian-bay,cmtumfeg402crm5etdgyhdhsi,https://viridianbay.com/cdn/shop/products/vb34517d_6c58df76-7f6c-4859-872f-d08e595c85c6.jpg?v=1704927929&width=1000,7,gallery,VALIDATED,image/jpeg,136456,
viridian-bay,cmtumfeg402crm5etdgyhdhsi,https://viridianbay.com/cdn/shop/products/vb34517dd_de887be8-fc9f-4f72-aefb-c3a16a3b99df.jpg?v=1704927929&width=1000,8,gallery,REJECTED,,,
viridian-bay,cmtumfeg402crm5etdgyhdhsi,https://viridianbay.com/cdn/shop/files/VB34517_myvbstyle.jpg?v=1719595790&width=1000,9,gallery,REJECTED,,,
ferm-living,cmtun4xie00fjm50hh4q4jwl9,https://fermliving.com/cdn/shop/files/77698_1104272374_1.png?v=1762178122,0,primary,DOWNLOADED,image/png,77746,research-assets/ferm-living/mirror-with-light/img-0.png
ferm-living,cmtun4xie00fjm50hh4q4jwl9,https://fermliving.com/cdn/shop/files/77698_1104272374_1_x1200.png?v=1762178122,1,gallery,DOWNLOADED,image/png,50391,research-assets/ferm-living/mirror-with-light/img-1.png
lewpe,cmtumbprj01ckm5etl7v7ohqi,http://www.lewpe.com/cdn/shop/files/guarda-v1-black-product-photo.png?v=1779219801&width=2048,0,primary,DOWNLOADED,image/png,1302793,research-assets/lewpe/minimalist-aluminum-wall-sconce-39/img-0.png
lewpe,cmtumbprj01ckm5etl7v7ohqi,https://www.lewpe.com/cdn/shop/files/guarda-v1-black-product-photo.png?v=1779219801&width=1000,1,gallery,DOWNLOADED,image/png,1240027,research-assets/lewpe/minimalist-aluminum-wall-sconce-39/img-1.png
lewpe,cmtumbprj01ckm5etl7v7ohqi,https://www.lewpe.com/cdn/shop/files/guarda-v4-product-photo.png?v=1779219801&width=1000,2,gallery,DOWNLOADED,image/png,1148390,research-assets/lewpe/minimalist-aluminum-wall-sconce-39/img-2.png
lewpe,cmtumbprj01ckm5etl7v7ohqi,https://www.lewpe.com/cdn/shop/files/guarda-v2-coffee-product-photo.png?v=1779219801&width=1000,3,gallery,VALIDATED,image/png,1218611,
lewpe,cmtumbprj01ckm5etl7v7ohqi,https://www.lewpe.com/cdn/shop/files/guarda-v1-black-lifestyle-3.jpg?v=1779219801&width=2000,4,gallery,VALIDATED,image/jpeg,602195,
lewpe,cmtumbprj01ckm5etl7v7ohqi,https://www.lewpe.com/cdn/shop/files/guarda-v4-lifestyle-1.jpg?v=1779219801&width=2000,5,gallery,VALIDATED,image/jpeg,605619,
lewpe,cmtumbprj01ckm5etl7v7ohqi,https://www.lewpe.com/cdn/shop/files/guarda-wall-sconce-gray.jpg?v=1781539740&width=600,6,gallery,VALIDATED,image/jpeg,30335,
lewpe,cmtumbprj01ckm5etl7v7ohqi,https://www.lewpe.com/cdn/shop/files/guarda-v1-black-product-photo.png?v=1779219801&width=168,7,gallery,VALIDATED,image/png,33482,
lewpe,cmtumbprj01ckm5etl7v7ohqi,https://www.lewpe.com/cdn/shop/files/guarda-v4-product-photo.png?v=1779219801&width=168,8,gallery,REJECTED,,,
lewpe,cmtumbprj01ckm5etl7v7ohqi,https://www.lewpe.com/cdn/shop/files/guarda-v2-coffee-product-photo.png?v=1779219801&width=168,9,gallery,REJECTED,,,
lewpe,cmtumbprj01ckm5etl7v7ohqi,https://www.lewpe.com/cdn/shop/files/guarda-v1-black-lifestyle-3.jpg?v=1779219801&width=168,10,gallery,REJECTED,,,
lewpe,cmtumbprj01ckm5etl7v7ohqi,https://www.lewpe.com/cdn/shop/files/guarda-v4-lifestyle-1.jpg?v=1779219801&width=168,11,gallery,REJECTED,,,
lewpe,cmtumbprj01ckm5etl7v7ohqi,https://www.lewpe.com/cdn/shop/files/guarda-wall-sconce-gray.jpg?v=1781539740&width=168,12,gallery,REJECTED,,,
lewpe,cmtunakhl00uwm53j8sw4no0m,http://www.lewpe.com/cdn/shop/files/alge-glass-pendant-with-a-matte-black-cap-and-an-amber-glass-01.jpg?v=1787605650&width=2048,0,primary,DOWNLOADED,image/jpeg,100463,research-assets/lewpe/hanging-glass-ceiling-light/img-0.jpg
lewpe,cmtunakhl00uwm53j8sw4no0m,https://www.lewpe.com/cdn/shop/files/alge-glass-pendant-with-a-matte-black-cap-and-an-amber-glass-01.jpg?v=1787605650&width=1200,1,gallery,DOWNLOADED,image/jpeg,88460,research-assets/lewpe/hanging-glass-ceiling-light/img-1.jpg
lewpe,cmtunakhl00uwm53j8sw4no0m,https://www.lewpe.com/cdn/shop/files/alge-glass-pendant-with-a-white-cap-and-an-amber-glass-shade-02.jpg?v=1787605650&width=1200,2,gallery,DOWNLOADED,image/jpeg,75105,research-assets/lewpe/hanging-glass-ceiling-light/img-2.jpg
lewpe,cmtunakhl00uwm53j8sw4no0m,https://www.lewpe.com/cdn/shop/files/alge-glass-pendant-with-a-matte-black-cap-and-a-clear-glass-03.jpg?v=1787605650&width=1200,3,gallery,VALIDATED,image/jpeg,59660,
lewpe,cmtunakhl00uwm53j8sw4no0m,https://www.lewpe.com/cdn/shop/files/alge-glass-pendant-with-a-white-cap-and-a-clear-glass-shade-04.jpg?v=1787605650&width=1200,4,gallery,VALIDATED,image/jpeg,70738,
lewpe,cmtunakhl00uwm53j8sw4no0m,https://www.lewpe.com/cdn/shop/files/alge-glass-pendant-with-a-matte-black-cap-and-an-amber-glass-05.jpg?v=1787605651&width=1200,5,gallery,VALIDATED,image/jpeg,97543,
lewpe,cmtunakhl00uwm53j8sw4no0m,https://www.lewpe.com/cdn/shop/files/alge-glass-pendant-with-a-white-cap-and-an-amber-glass-shade-06.jpg?v=1787605651&width=1200,6,gallery,VALIDATED,image/jpeg,77591,
lewpe,cmtunakhl00uwm53j8sw4no0m,https://www.lewpe.com/cdn/shop/files/alge-glass-pendant-with-a-matte-black-cap-and-a-clear-glass-07.jpg?v=1787605651&width=1200,7,gallery,VALIDATED,image/jpeg,87984,
lewpe,cmtunakhl00uwm53j8sw4no0m,https://www.lewpe.com/cdn/shop/files/alge-glass-pendant-with-a-white-cap-and-a-clear-glass-shade-08.jpg?v=1787605651&width=1200,8,gallery,REJECTED,,,
lewpe,cmtunakhl00uwm53j8sw4no0m,https://www.lewpe.com/cdn/shop/files/alge-glass-pendant-with-a-matte-black-cap-and-an-amber-glass-09.jpg?v=1787605651&width=1200,9,gallery,REJECTED,,,
lewpe,cmtunakhl00uwm53j8sw4no0m,https://www.lewpe.com/cdn/shop/files/alge-glass-pendant-with-a-white-cap-and-an-amber-glass-shade-10.jpg?v=1787605651&width=1200,10,gallery,REJECTED,,,
lewpe,cmtunakhl00uwm53j8sw4no0m,https://www.lewpe.com/cdn/shop/files/alge-glass-pendant-with-a-matte-black-cap-and-a-clear-glass-11.jpg?v=1787605651&width=1200,11,gallery,REJECTED,,,
lewpe,cmtunakhl00uwm53j8sw4no0m,https://www.lewpe.com/cdn/shop/files/alge-glass-pendant-with-a-white-cap-and-a-clear-glass-shade-12.jpg?v=1787605651&width=1200,12,gallery,REJECTED,,,
lewpe,cmtunakhl00uwm53j8sw4no0m,https://www.lewpe.com/cdn/shop/files/alge-glass-pendant-with-a-matte-black-cap-and-an-amber-glass-13.jpg?v=1787605651&width=1200,13,gallery,REJECTED,,,
lewpe,cmtunakhl00uwm53j8sw4no0m,https://www.lewpe.com/cdn/shop/files/alge-glass-pendant-with-a-white-cap-and-an-amber-glass-shade-14.jpg?v=1787605651&width=1200,14,gallery,REJECTED,,,
lewpe,cmtunakhl00uwm53j8sw4no0m,https://www.lewpe.com/cdn/shop/files/alge-glass-pendant-with-a-matte-black-cap-and-a-clear-glass-15.jpg?v=1787605651&width=1200,15,gallery,REJECTED,,,
lewpe,cmtunakhl00uwm53j8sw4no0m,https://www.lewpe.com/cdn/shop/files/alge-glass-pendant-with-a-white-cap-and-a-clear-glass-shade-16.jpg?v=1787605651&width=1200,16,gallery,REJECTED,,,
lewpe,cmtunakhl00uwm53j8sw4no0m,https://www.lewpe.com/cdn/shop/files/alge-pendant-in-black-and-amber-tall-cylinder-shape-above-a-18.jpg?v=1787605651&width=1200,17,gallery,REJECTED,,,
lewpe,cmtunakhl00uwm53j8sw4no0m,https://www.lewpe.com/cdn/shop/files/alge-pendant-in-black-and-amber-upright-cylinder-shape-above-19.jpg?v=1787605651&width=1200,18,gallery,REJECTED,,,
lewpe,cmtunakhl00uwm53j8sw4no0m,https://www.lewpe.com/cdn/shop/files/alge-pendant-in-black-and-amber-globe-shape-beside-the-bed-a-20.jpg?v=1787605651&width=1200,19,gallery,REJECTED,,,
lewpe,cmtunakhl00uwm53j8sw4no0m,https://www.lewpe.com/cdn/shop/files/alge-pendant-in-black-and-amber-wide-drum-shape-above-a-in-a-21.jpg?v=1787605656&width=1200,20,gallery,REJECTED,,,
lewpe,cmtunakhl00uwm53j8sw4no0m,https://www.lewpe.com/cdn/shop/files/alge-pendant-in-white-and-amber-tall-cylinder-shape-above-a-22.jpg?v=1787605657&width=1200,21,gallery,REJECTED,,,
lewpe,cmtunakhl00uwm53j8sw4no0m,https://www.lewpe.com/cdn/shop/files/alge-pendant-in-black-and-clear-tall-cylinder-shape-above-an-23.jpg?v=1787605656&width=1200,22,gallery,REJECTED,,,
lewpe,cmtunakhl00uwm53j8sw4no0m,https://www.lewpe.com/cdn/shop/files/alge-pendant-in-white-and-clear-tall-cylinder-shape-beside-a-01.jpg?v=1788374522&width=1200,23,gallery,REJECTED,,,
cozy-garden,cmtumd6hp01x5m5et02ns5cf1,https://thecozygarden.com/cdn/shop/files/S324bfbe28bc54614950a7923e54de2f4p.webp?v=1774657381&width=1920,0,primary,DOWNLOADED,image/jpeg,272083,research-assets/cozy-garden/green-iron-outdoor-light-41/img-0.jpg
cozy-garden,cmtumd6hp01x5m5et02ns5cf1,http://thecozygarden.com/cdn/shop/files/S324bfbe28bc54614950a7923e54de2f4p.webp?v=1774657381,1,gallery,DOWNLOADED,image/jpeg,272083,research-assets/cozy-garden/green-iron-outdoor-light-41/img-1.jpg
cozy-garden,cmtumd6hp01x5m5et02ns5cf1,https://thecozygarden.com/cdn/shop/files/S324bfbe28bc54614950a7923e54de2f4p.webp?v=1774657381&width=3840,2,gallery,DOWNLOADED,image/jpeg,272083,research-assets/cozy-garden/green-iron-outdoor-light-41/img-2.jpg
cozy-garden,cmtumd6hp01x5m5et02ns5cf1,https://thecozygarden.com/cdn/shop/files/S324bfbe28bc54614950a7923e54de2f4p_7504d1b0-dc34-4b8c-a01b-bf4865ea3332.webp?v=1774657381&width=3840,3,gallery,VALIDATED,image/jpeg,272083,
cozy-garden,cmtumd6hp01x5m5et02ns5cf1,https://thecozygarden.com/cdn/shop/files/Sbcb4d3f8dd534b0fbfffcae6eb89f92dt.webp?v=1774657381&width=3840,4,gallery,VALIDATED,image/jpeg,190759,
cozy-garden,cmtumd6hp01x5m5et02ns5cf1,https://thecozygarden.com/cdn/shop/files/S2361d01de537465681cf0c06ffeac18ai.webp?v=1774657381&width=3840,5,gallery,VALIDATED,image/jpeg,93961,
cozy-garden,cmtumd6hp01x5m5et02ns5cf1,https://thecozygarden.com/cdn/shop/files/S4594fa9af13545878c989f512c8f1726N.webp?v=1774657381&width=3840,6,gallery,VALIDATED,image/jpeg,117590,
cozy-garden,cmtumd6hp01x5m5et02ns5cf1,https://thecozygarden.com/cdn/shop/files/S6e7d1bd7f7d9403d9c3b37ae00db71d8Q.webp?v=1774657381&width=3840,7,gallery,VALIDATED,image/jpeg,140962,
cozy-garden,cmtumd6hp01x5m5et02ns5cf1,https://thecozygarden.com/cdn/shop/files/S17b7464d1218465bbcaec594c7330915T.webp?v=1774657382&width=3840,8,gallery,REJECTED,,,
cozy-garden,cmtumd6hp01x5m5et02ns5cf1,https://thecozygarden.com/cdn/shop/files/S324bfbe28bc54614950a7923e54de2f4p.webp?v=1774657381&width=832,9,gallery,REJECTED,,,
cozy-garden,cmtumd6hp01x5m5et02ns5cf1,https://thecozygarden.com/cdn/shop/files/S324bfbe28bc54614950a7923e54de2f4p_7504d1b0-dc34-4b8c-a01b-bf4865ea3332.webp?v=1774657381&width=832,10,gallery,REJECTED,,,
cozy-garden,cmtumd6hp01x5m5et02ns5cf1,https://thecozygarden.com/cdn/shop/files/Sbcb4d3f8dd534b0fbfffcae6eb89f92dt.webp?v=1774657381&width=832,11,gallery,REJECTED,,,
cozy-garden,cmtumd6hp01x5m5et02ns5cf1,https://thecozygarden.com/cdn/shop/files/S2361d01de537465681cf0c06ffeac18ai.webp?v=1774657381&width=832,12,gallery,REJECTED,,,
cozy-garden,cmtumd6hp01x5m5et02ns5cf1,https://thecozygarden.com/cdn/shop/files/S4594fa9af13545878c989f512c8f1726N.webp?v=1774657381&width=832,13,gallery,REJECTED,,,
cozy-garden,cmtumd6hp01x5m5et02ns5cf1,https://thecozygarden.com/cdn/shop/files/S6e7d1bd7f7d9403d9c3b37ae00db71d8Q.webp?v=1774657381&width=832,14,gallery,REJECTED,,,
cozy-garden,cmtumd6hp01x5m5et02ns5cf1,https://thecozygarden.com/cdn/shop/files/S17b7464d1218465bbcaec594c7330915T.webp?v=1774657382&width=832,15,gallery,REJECTED,,,
viridian-bay,cmtumf9y702bom5etz7v33w7c,http://viridianbay.com/cdn/shop/products/vb34507c_40349f26-a7fe-4c02-a22e-8a2224c3ef1d.jpg?v=1773767975&width=2048,0,primary,DOWNLOADED,image/jpeg,117692,research-assets/viridian-bay/glass-garden-lantern-42/img-0.jpg
viridian-bay,cmtumf9y702bom5etz7v33w7c,https://viridianbay.com/cdn/shop/products/vb34507c_40349f26-a7fe-4c02-a22e-8a2224c3ef1d.jpg?v=1773767975&width=1000,1,gallery,DOWNLOADED,image/jpeg,136280,research-assets/viridian-bay/glass-garden-lantern-42/img-1.jpg
viridian-bay,cmtumf9y702bom5etz7v33w7c,https://viridianbay.com/cdn/shop/files/VB34508_studio_ls.jpg?v=1773767975&width=1000,2,gallery,DOWNLOADED,image/jpeg,45919,research-assets/viridian-bay/glass-garden-lantern-42/img-2.jpg
viridian-bay,cmtumf9y702bom5etz7v33w7c,https://viridianbay.com/cdn/shop/files/VB34507_studio_ls.jpg?v=1773767975&width=1000,3,gallery,VALIDATED,image/jpeg,76660,
viridian-bay,cmtumf9y702bom5etz7v33w7c,https://viridianbay.com/cdn/shop/products/swirling_feathers_tall_short_9ce9e5d3-8709-4872-a7df-2d93c18ad78d.jpg?v=1773767975&width=1000,4,gallery,VALIDATED,image/jpeg,170829,
viridian-bay,cmtumf9y702bom5etz7v33w7c,https://viridianbay.com/cdn/shop/products/vb34508d_83f86d6a-be58-495a-889a-c125af7ad7b5.jpg?v=1773767975&width=1000,5,gallery,VALIDATED,image/jpeg,139100,
viridian-bay,cmtumf9y702bom5etz7v33w7c,https://viridianbay.com/cdn/shop/files/SwirlingFeathers_tall_short.jpg?v=1773767922&width=1000,6,gallery,VALIDATED,image/jpeg,200131,
cozy-garden,cmtumdrbf021hm5etha9a75ro,http://thecozygarden.com/cdn/shop/files/HW74046.jpg?v=1774657482,0,primary,DOWNLOADED,image/jpeg,35225,research-assets/cozy-garden/acacia-wall-panel-43/img-0.jpg
cozy-garden,cmtumdrbf021hm5etha9a75ro,https://thecozygarden.com/cdn/shop/files/HW74046.jpg?v=1774657482&width=3840,1,gallery,DOWNLOADED,image/jpeg,35225,research-assets/cozy-garden/acacia-wall-panel-43/img-1.jpg
cozy-garden,cmtumdrbf021hm5etha9a75ro,https://thecozygarden.com/cdn/shop/files/HW74046_88566861.jpg?v=1774657482&width=3840,2,gallery,DOWNLOADED,image/jpeg,90286,research-assets/cozy-garden/acacia-wall-panel-43/img-2.jpg
cozy-garden,cmtumdrbf021hm5etha9a75ro,https://thecozygarden.com/cdn/shop/files/HW74046_88566862.jpg?v=1774657482&width=3840,3,gallery,VALIDATED,image/jpeg,77543,
cozy-garden,cmtumdrbf021hm5etha9a75ro,https://thecozygarden.com/cdn/shop/files/HW74046_88566863.jpg?v=1774657482&width=3840,4,gallery,VALIDATED,image/jpeg,53656,
cozy-garden,cmtumdrbf021hm5etha9a75ro,https://thecozygarden.com/cdn/shop/files/HW74046_88566864.jpg?v=1774657482&width=3840,5,gallery,VALIDATED,image/jpeg,54817,
cozy-garden,cmtumdrbf021hm5etha9a75ro,https://thecozygarden.com/cdn/shop/files/HW74046.jpg?v=1774657482&width=832,6,gallery,VALIDATED,image/jpeg,35225,
cozy-garden,cmtumdrbf021hm5etha9a75ro,https://thecozygarden.com/cdn/shop/files/HW74046_88566861.jpg?v=1774657482&width=832,7,gallery,VALIDATED,image/jpeg,90286,
cozy-garden,cmtumdrbf021hm5etha9a75ro,https://thecozygarden.com/cdn/shop/files/HW74046_88566862.jpg?v=1774657482&width=832,8,gallery,REJECTED,,,
cozy-garden,cmtumdrbf021hm5etha9a75ro,https://thecozygarden.com/cdn/shop/files/HW74046_88566863.jpg?v=1774657482&width=832,9,gallery,REJECTED,,,
cozy-garden,cmtumdrbf021hm5etha9a75ro,https://thecozygarden.com/cdn/shop/files/HW74046_88566864.jpg?v=1774657482&width=832,10,gallery,REJECTED,,,
viridian-bay,cmtumfd7w02cim5etc6dlsm0n,https://viridianbay.com/cdn/shop/products/vb34501b_66bd45ba-8634-4df0-98f4-7baeef7e4a42.jpg?v=1716245651&width=1920,0,primary,DOWNLOADED,image/jpeg,71543,research-assets/viridian-bay/aluminium-shade-outdoor-piece-44/img-0.jpg
viridian-bay,cmtumfd7w02cim5etc6dlsm0n,http://viridianbay.com/cdn/shop/products/vb34501b_66bd45ba-8634-4df0-98f4-7baeef7e4a42.jpg?v=1716245651&width=2048,1,gallery,DOWNLOADED,image/jpeg,71543,research-assets/viridian-bay/aluminium-shade-outdoor-piece-44/img-1.jpg
viridian-bay,cmtumfd7w02cim5etc6dlsm0n,https://viridianbay.com/cdn/shop/products/vb34501b_66bd45ba-8634-4df0-98f4-7baeef7e4a42.jpg?v=1716245651&width=1000,2,gallery,DOWNLOADED,image/jpeg,72784,research-assets/viridian-bay/aluminium-shade-outdoor-piece-44/img-2.jpg
viridian-bay,cmtumfd7w02cim5etc6dlsm0n,https://viridianbay.com/cdn/shop/files/VB34501_VB35386.jpg?v=1716245651&width=1000,3,gallery,VALIDATED,image/jpeg,151033,
viridian-bay,cmtumfd7w02cim5etc6dlsm0n,https://viridianbay.com/cdn/shop/products/vb34501d_f8e688da-c7ff-4b7b-a0f0-ab27353a0ee5.jpg?v=1716245651&width=1000,4,gallery,VALIDATED,image/jpeg,214281,
viridian-bay,cmtumfd7w02cim5etc6dlsm0n,https://viridianbay.com/cdn/shop/products/vb34501a_7ef9e6a6-1815-44c2-bdcb-7d552f45caba.jpg?v=1716245651&width=1000,5,gallery,VALIDATED,image/jpeg,169360,
viridian-bay,cmtumfd7w02cim5etc6dlsm0n,https://viridianbay.com/cdn/shop/files/VB34501_VB34991.jpg?v=1716245651&width=1000,6,gallery,VALIDATED,image/jpeg,114160,
viridian-bay,cmtumfd7w02cim5etc6dlsm0n,https://viridianbay.com/cdn/shop/products/vb34501c_695ee650-10c0-492a-885c-10e72e5b0a68.jpg?v=1716245651&width=1000,7,gallery,VALIDATED,image/jpeg,145299,
viridian-bay,cmtumfd7w02cim5etc6dlsm0n,https://viridianbay.com/cdn/shop/products/vb34501e_cbf5c11e-c2b6-4626-bda4-c4dcea2b7bdb.jpg?v=1716245648&width=1000,8,gallery,REJECTED,,,
viridian-bay,cmtumfd7w02cim5etc6dlsm0n,https://viridianbay.com/cdn/shop/products/vb34501f_bd3bae93-4c67-427a-938a-39da2b4901b9.jpg?v=1716245648&width=1000,9,gallery,REJECTED,,,
viridian-bay,cmtumey6r028ym5etk8prwhx7,https://viridianbay.com/cdn/shop/products/pb34370-silo-color-corrected_44db4797-80ee-4087-bba9-a21c2856668f.jpg?v=1704929280&width=1920,0,primary,DOWNLOADED,image/jpeg,43328,research-assets/viridian-bay/aluminium-basin-planter-45/img-0.jpg
viridian-bay,cmtumey6r028ym5etk8prwhx7,http://viridianbay.com/cdn/shop/products/pb34370-silo-color-corrected_44db4797-80ee-4087-bba9-a21c2856668f.jpg?v=1704929280&width=2048,1,gallery,DOWNLOADED,image/jpeg,43328,research-assets/viridian-bay/aluminium-basin-planter-45/img-1.jpg
viridian-bay,cmtumey6r028ym5etk8prwhx7,https://viridianbay.com/cdn/shop/products/pb34370-silo-color-corrected_44db4797-80ee-4087-bba9-a21c2856668f.jpg?v=1704929280&width=1000,2,gallery,DOWNLOADED,image/jpeg,44589,research-assets/viridian-bay/aluminium-basin-planter-45/img-2.jpg
viridian-bay,cmtumey6r028ym5etk8prwhx7,https://viridianbay.com/cdn/shop/files/PB34370_2024.jpg?v=1726519509&width=1000,3,gallery,VALIDATED,image/jpeg,233289,
viridian-bay,cmtumey6r028ym5etk8prwhx7,https://viridianbay.com/cdn/shop/files/pb3437_ls.jpg?v=1716319852&width=1000,4,gallery,VALIDATED,image/jpeg,288879,
viridian-bay,cmtumey6r028ym5etk8prwhx7,https://viridianbay.com/cdn/shop/files/pb3437_detail.jpg?v=1716320097&width=1000,5,gallery,VALIDATED,image/jpeg,130945,
viridian-bay,cmtumey6r028ym5etk8prwhx7,https://viridianbay.com/cdn/shop/files/PB34370_2024_2.jpg?v=1726519509&width=1000,6,gallery,VALIDATED,image/jpeg,174209,
cozy-garden,cmtumd5bt01wwm5et23700wtv,https://thecozygarden.com/cdn/shop/files/3228248.jpg?v=1774657376&width=1920,0,primary,DOWNLOADED,image/jpeg,191463,research-assets/cozy-garden/rattan-black-layer-home-accessory-46/img-0.jpg
cozy-garden,cmtumd5bt01wwm5et23700wtv,http://thecozygarden.com/cdn/shop/files/3228248.jpg?v=1774657376,1,gallery,DOWNLOADED,image/jpeg,191463,research-assets/cozy-garden/rattan-black-layer-home-accessory-46/img-1.jpg
cozy-garden,cmtumd5bt01wwm5et23700wtv,https://thecozygarden.com/cdn/shop/files/3228248.jpg?v=1774657376&width=3840,2,gallery,DOWNLOADED,image/jpeg,191463,research-assets/cozy-garden/rattan-black-layer-home-accessory-46/img-2.jpg
cozy-garden,cmtumd5bt01wwm5et23700wtv,https://thecozygarden.com/cdn/shop/files/3228248_78169325.jpg?v=1774657375&width=3840,3,gallery,VALIDATED,image/jpeg,39822,
cozy-garden,cmtumd5bt01wwm5et23700wtv,https://thecozygarden.com/cdn/shop/files/3228248_78169326.jpg?v=1774657376&width=3840,4,gallery,VALIDATED,image/jpeg,76381,
cozy-garden,cmtumd5bt01wwm5et23700wtv,https://thecozygarden.com/cdn/shop/files/3228248_78169327.jpg?v=1774657375&width=3840,5,gallery,VALIDATED,image/jpeg,92505,
cozy-garden,cmtumd5bt01wwm5et23700wtv,https://thecozygarden.com/cdn/shop/files/3228248_78169328.jpg?v=1774657376&width=3840,6,gallery,VALIDATED,image/jpeg,82776,
cozy-garden,cmtumd5bt01wwm5et23700wtv,https://thecozygarden.com/cdn/shop/files/3228248_78169329.jpg?v=1774657376&width=3840,7,gallery,VALIDATED,image/jpeg,75735,
cozy-garden,cmtumd5bt01wwm5et23700wtv,https://thecozygarden.com/cdn/shop/files/3228248_78169330.jpg?v=1774657376&width=3840,8,gallery,REJECTED,,,
cozy-garden,cmtumd5bt01wwm5et23700wtv,https://thecozygarden.com/cdn/shop/files/3228248_78169331.jpg?v=1774657376&width=3840,9,gallery,REJECTED,,,
cozy-garden,cmtumd5bt01wwm5et23700wtv,https://thecozygarden.com/cdn/shop/files/3228248_78169332.jpg?v=1774657376&width=3840,10,gallery,REJECTED,,,
cozy-garden,cmtumd5bt01wwm5et23700wtv,https://thecozygarden.com/cdn/shop/files/3228248_78169333.jpg?v=1774657376&width=3840,11,gallery,REJECTED,,,
cozy-garden,cmtumd5bt01wwm5et23700wtv,https://thecozygarden.com/cdn/shop/files/3228248_78169334.jpg?v=1774657376&width=3840,12,gallery,REJECTED,,,
cozy-garden,cmtumd5bt01wwm5et23700wtv,https://thecozygarden.com/cdn/shop/files/3228248.jpg?v=1774657376&width=832,13,gallery,REJECTED,,,
cozy-garden,cmtumd5bt01wwm5et23700wtv,https://thecozygarden.com/cdn/shop/files/3228248_78169325.jpg?v=1774657375&width=832,14,gallery,REJECTED,,,
cozy-garden,cmtumd5bt01wwm5et23700wtv,https://thecozygarden.com/cdn/shop/files/3228248_78169326.jpg?v=1774657376&width=832,15,gallery,REJECTED,,,
cozy-garden,cmtumd5bt01wwm5et23700wtv,https://thecozygarden.com/cdn/shop/files/3228248_78169327.jpg?v=1774657375&width=832,16,gallery,REJECTED,,,
cozy-garden,cmtumd5bt01wwm5et23700wtv,https://thecozygarden.com/cdn/shop/files/3228248_78169328.jpg?v=1774657376&width=832,17,gallery,REJECTED,,,
cozy-garden,cmtumd5bt01wwm5et23700wtv,https://thecozygarden.com/cdn/shop/files/3228248_78169329.jpg?v=1774657376&width=832,18,gallery,REJECTED,,,
cozy-garden,cmtumd5bt01wwm5et23700wtv,https://thecozygarden.com/cdn/shop/files/3228248_78169330.jpg?v=1774657376&width=832,19,gallery,REJECTED,,,
cozy-garden,cmtumd5bt01wwm5et23700wtv,https://thecozygarden.com/cdn/shop/files/3228248_78169331.jpg?v=1774657376&width=832,20,gallery,REJECTED,,,
cozy-garden,cmtumd5bt01wwm5et23700wtv,https://thecozygarden.com/cdn/shop/files/3228248_78169332.jpg?v=1774657376&width=832,21,gallery,REJECTED,,,
cozy-garden,cmtumd5bt01wwm5et23700wtv,https://thecozygarden.com/cdn/shop/files/3228248_78169333.jpg?v=1774657376&width=832,22,gallery,REJECTED,,,
cozy-garden,cmtumd5bt01wwm5et23700wtv,https://thecozygarden.com/cdn/shop/files/3228248_78169334.jpg?v=1774657376&width=832,23,gallery,REJECTED,,,
ferm-living,cmtun4ha500bxm50hbfnmkcyz,https://fermliving.com/cdn/shop/files/105871_1104272061_1.png?v=1762177913,0,primary,DOWNLOADED,image/png,105919,research-assets/ferm-living/minimalist-home-accessory/img-0.png
ferm-living,cmtun4ha500bxm50hbfnmkcyz,https://fermliving.com/cdn/shop/files/105871_1104272061_1_x1200.png?v=1762177913,1,gallery,DOWNLOADED,image/png,62412,research-assets/ferm-living/minimalist-home-accessory/img-1.png
lewpe,cmtunavqv011um53jvnlacqe7,http://www.lewpe.com/cdn/shop/files/mirandela-v10-product-photo.jpg?v=1779220046&width=2048,0,primary,DOWNLOADED,image/jpeg,111600,research-assets/lewpe/walnut-globe-wall-sconce/img-0.jpg
lewpe,cmtunavqv011um53jvnlacqe7,https://www.lewpe.com/cdn/shop/files/mirandela-v10-product-photo.jpg?v=1779220046&width=2000,1,gallery,DOWNLOADED,image/jpeg,105161,research-assets/lewpe/walnut-globe-wall-sconce/img-1.jpg
lewpe,cmtunavqv011um53jvnlacqe7,https://www.lewpe.com/cdn/shop/files/mirandela-v21-product-photo.jpg?v=1779220046&width=2000,2,gallery,DOWNLOADED,image/jpeg,136439,research-assets/lewpe/walnut-globe-wall-sconce/img-2.jpg
lewpe,cmtunavqv011um53jvnlacqe7,https://www.lewpe.com/cdn/shop/files/mirandela-v30-product-photo.jpg?v=1779220046&width=2000,3,gallery,VALIDATED,image/jpeg,125017,
lewpe,cmtunavqv011um53jvnlacqe7,https://www.lewpe.com/cdn/shop/files/mirandela-v1-product-photo.jpg?v=1779220046&width=2000,4,gallery,VALIDATED,image/jpeg,167499,
lewpe,cmtunavqv011um53jvnlacqe7,https://www.lewpe.com/cdn/shop/files/mirandela-v1-lifestyle-1.jpg?v=1779220046&width=2000,5,gallery,VALIDATED,image/jpeg,530134,
lewpe,cmtunavqv011um53jvnlacqe7,https://www.lewpe.com/cdn/shop/files/mirandela-v21-lifestyle-1.jpg?v=1779220060&width=2000,6,gallery,VALIDATED,image/jpeg,324180,
lewpe,cmtunavqv011um53jvnlacqe7,https://www.lewpe.com/cdn/shop/files/mirandela-v21-lifestyle-3.jpg?v=1779220060&width=2000,7,gallery,VALIDATED,image/jpeg,377652,
lewpe,cmtunavqv011um53jvnlacqe7,https://www.lewpe.com/cdn/shop/files/mirandela-v30-lifestyle-1.jpg?v=1779220060&width=2000,8,gallery,REJECTED,,,
lewpe,cmtunavqv011um53jvnlacqe7,https://www.lewpe.com/cdn/shop/files/mirandela-v30-lifestyle-2.jpg?v=1779220060&width=2000,9,gallery,REJECTED,,,
lewpe,cmtunavqv011um53jvnlacqe7,https://www.lewpe.com/cdn/shop/files/mirandela-v10-product-photo.jpg?v=1779220046&width=168,10,gallery,REJECTED,,,
lewpe,cmtunavqv011um53jvnlacqe7,https://www.lewpe.com/cdn/shop/files/mirandela-v21-product-photo.jpg?v=1779220046&width=168,11,gallery,REJECTED,,,
lewpe,cmtunavqv011um53jvnlacqe7,https://www.lewpe.com/cdn/shop/files/mirandela-v30-product-photo.jpg?v=1779220046&width=168,12,gallery,REJECTED,,,
lewpe,cmtunavqv011um53jvnlacqe7,https://www.lewpe.com/cdn/shop/files/mirandela-v1-product-photo.jpg?v=1779220046&width=168,13,gallery,REJECTED,,,
lewpe,cmtunavqv011um53jvnlacqe7,https://www.lewpe.com/cdn/shop/files/mirandela-v1-lifestyle-1.jpg?v=1779220046&width=168,14,gallery,REJECTED,,,
lewpe,cmtunavqv011um53jvnlacqe7,https://www.lewpe.com/cdn/shop/files/mirandela-v21-lifestyle-1.jpg?v=1779220060&width=168,15,gallery,REJECTED,,,
lewpe,cmtunavqv011um53jvnlacqe7,https://www.lewpe.com/cdn/shop/files/mirandela-v21-lifestyle-3.jpg?v=1779220060&width=168,16,gallery,REJECTED,,,
lewpe,cmtunavqv011um53jvnlacqe7,https://www.lewpe.com/cdn/shop/files/mirandela-v30-lifestyle-1.jpg?v=1779220060&width=168,17,gallery,REJECTED,,,
lewpe,cmtunavqv011um53jvnlacqe7,https://www.lewpe.com/cdn/shop/files/mirandela-v30-lifestyle-2.jpg?v=1779220060&width=168,18,gallery,REJECTED,,,
ferm-living,cmtun4kp4008vm53j8aaplpxr,https://fermliving.com/cdn/shop/files/444935_1104272073_1.png?v=1762177968,0,primary,DOWNLOADED,image/png,444983,research-assets/ferm-living/natural-cotton-home-accessory/img-0.png
ferm-living,cmtun4kp4008vm53j8aaplpxr,https://fermliving.com/cdn/shop/files/444935_1104272073_1_x1200.png?v=1762177968,1,gallery,DOWNLOADED,image/png,246174,research-assets/ferm-living/natural-cotton-home-accessory/img-1.png
cozy-garden,cmtume0q3023hm5etwtwtmh41,https://thecozygarden.com/cdn/shop/files/319760.jpg?v=1774657528&width=1920,0,primary,DOWNLOADED,image/jpeg,209094,research-assets/cozy-garden/rattan-brown-terrace-outdoor-piece-50/img-0.jpg
cozy-garden,cmtume0q3023hm5etwtwtmh41,http://thecozygarden.com/cdn/shop/files/319760.jpg?v=1774657528,1,gallery,DOWNLOADED,image/jpeg,209094,research-assets/cozy-garden/rattan-brown-terrace-outdoor-piece-50/img-1.jpg
cozy-garden,cmtume0q3023hm5etwtwtmh41,https://thecozygarden.com/cdn/shop/files/319760.jpg?v=1774657528&width=3840,2,gallery,DOWNLOADED,image/jpeg,209094,research-assets/cozy-garden/rattan-brown-terrace-outdoor-piece-50/img-2.jpg
cozy-garden,cmtume0q3023hm5etwtwtmh41,https://thecozygarden.com/cdn/shop/files/319760_64106021.jpg?v=1774657528&width=3840,3,gallery,VALIDATED,image/jpeg,118602,
cozy-garden,cmtume0q3023hm5etwtwtmh41,https://thecozygarden.com/cdn/shop/files/319760_64106022.jpg?v=1774657528&width=3840,4,gallery,VALIDATED,image/jpeg,106047,
cozy-garden,cmtume0q3023hm5etwtwtmh41,https://thecozygarden.com/cdn/shop/files/319760_64106023.jpg?v=1774657529&width=3840,5,gallery,VALIDATED,image/jpeg,119597,
cozy-garden,cmtume0q3023hm5etwtwtmh41,https://thecozygarden.com/cdn/shop/files/319760_64106024.jpg?v=1774657528&width=3840,6,gallery,VALIDATED,image/jpeg,99468,
cozy-garden,cmtume0q3023hm5etwtwtmh41,https://thecozygarden.com/cdn/shop/files/319760_64106025.jpg?v=1774657544&width=3840,7,gallery,VALIDATED,image/jpeg,87795,
cozy-garden,cmtume0q3023hm5etwtwtmh41,https://thecozygarden.com/cdn/shop/files/319760_64106026.jpg?v=1774657528&width=3840,8,gallery,REJECTED,,,
cozy-garden,cmtume0q3023hm5etwtwtmh41,https://thecozygarden.com/cdn/shop/files/319760_64106027.jpg?v=1774657529&width=3840,9,gallery,REJECTED,,,
cozy-garden,cmtume0q3023hm5etwtwtmh41,https://thecozygarden.com/cdn/shop/files/319760_64106028.jpg?v=1774657528&width=3840,10,gallery,REJECTED,,,
cozy-garden,cmtume0q3023hm5etwtwtmh41,https://thecozygarden.com/cdn/shop/files/319760_64106029.jpg?v=1774657528&width=3840,11,gallery,REJECTED,,,
cozy-garden,cmtume0q3023hm5etwtwtmh41,https://thecozygarden.com/cdn/shop/files/319760_64106030.jpg?v=1774657528&width=3840,12,gallery,REJECTED,,,
cozy-garden,cmtume0q3023hm5etwtwtmh41,https://thecozygarden.com/cdn/shop/files/319760.jpg?v=1774657528&width=832,13,gallery,REJECTED,,,
cozy-garden,cmtume0q3023hm5etwtwtmh41,https://thecozygarden.com/cdn/shop/files/319760_64106021.jpg?v=1774657528&width=832,14,gallery,REJECTED,,,
cozy-garden,cmtume0q3023hm5etwtwtmh41,https://thecozygarden.com/cdn/shop/files/319760_64106022.jpg?v=1774657528&width=832,15,gallery,REJECTED,,,
cozy-garden,cmtume0q3023hm5etwtwtmh41,https://thecozygarden.com/cdn/shop/files/319760_64106023.jpg?v=1774657529&width=832,16,gallery,REJECTED,,,
cozy-garden,cmtume0q3023hm5etwtwtmh41,https://thecozygarden.com/cdn/shop/files/319760_64106024.jpg?v=1774657528&width=832,17,gallery,REJECTED,,,
cozy-garden,cmtume0q3023hm5etwtwtmh41,https://thecozygarden.com/cdn/shop/files/319760_64106025.jpg?v=1774657544&width=832,18,gallery,REJECTED,,,
cozy-garden,cmtume0q3023hm5etwtwtmh41,https://thecozygarden.com/cdn/shop/files/319760_64106026.jpg?v=1774657528&width=832,19,gallery,REJECTED,,,
cozy-garden,cmtume0q3023hm5etwtwtmh41,https://thecozygarden.com/cdn/shop/files/319760_64106027.jpg?v=1774657529&width=832,20,gallery,REJECTED,,,
cozy-garden,cmtume0q3023hm5etwtwtmh41,https://thecozygarden.com/cdn/shop/files/319760_64106028.jpg?v=1774657528&width=832,21,gallery,REJECTED,,,
cozy-garden,cmtume0q3023hm5etwtwtmh41,https://thecozygarden.com/cdn/shop/files/319760_64106029.jpg?v=1774657528&width=832,22,gallery,REJECTED,,,
cozy-garden,cmtume0q3023hm5etwtwtmh41,https://thecozygarden.com/cdn/shop/files/319760_64106030.jpg?v=1774657528&width=832,23,gallery,REJECTED,,,
lewpe,cmtunb0cu017nm50hagayqxo9,http://www.lewpe.com/cdn/shop/files/arribada-round-tier-shoe-storage-white-5tier-entryway-01.png?v=1779982959&width=2048,0,primary,DOWNLOADED,image/png,2490807,research-assets/lewpe/round-tier-shoe-storage/img-0.png
lewpe,cmtunb0cu017nm50hagayqxo9,https://www.lewpe.com/cdn/shop/files/arribada-round-tier-shoe-storage-white-5tier-entryway-01.png?v=1779982959&width=1200,1,gallery,DOWNLOADED,image/png,2303882,research-assets/lewpe/round-tier-shoe-storage/img-1.png
lewpe,cmtunb0cu017nm50hagayqxo9,https://www.lewpe.com/cdn/shop/files/arribada-round-tier-shoe-storage-white-6tier-entryway-02.png?v=1779982959&width=1200,2,gallery,DOWNLOADED,image/png,2335346,research-assets/lewpe/round-tier-shoe-storage/img-2.png
lewpe,cmtunb0cu017nm50hagayqxo9,https://www.lewpe.com/cdn/shop/files/arribada-round-tier-shoe-storage-white-8tier-entryway-03.png?v=1779982959&width=1200,3,gallery,VALIDATED,image/png,2320526,
lewpe,cmtunb0cu017nm50hagayqxo9,https://www.lewpe.com/cdn/shop/files/arribada-round-tier-shoe-storage-white-7tier-entryway-04.png?v=1779982959&width=1200,4,gallery,VALIDATED,image/png,2203134,
lewpe,cmtunb0cu017nm50hagayqxo9,https://www.lewpe.com/cdn/shop/files/arribada-round-tier-shoe-storage-gold-5tier-entryway-05.png?v=1779982959&width=1200,5,gallery,VALIDATED,image/png,2317869,
lewpe,cmtunb0cu017nm50hagayqxo9,https://www.lewpe.com/cdn/shop/files/arribada-round-tier-shoe-storage-gold-6tier-entryway-06.png?v=1779982959&width=1200,6,gallery,VALIDATED,image/png,2295403,
lewpe,cmtunb0cu017nm50hagayqxo9,https://www.lewpe.com/cdn/shop/files/arribada-round-tier-shoe-storage-gold-8tier-living-room-07.png?v=1779982959&width=1400,7,gallery,VALIDATED,image/png,2219195,
lewpe,cmtunb0cu017nm50hagayqxo9,https://www.lewpe.com/cdn/shop/files/arribada-round-tier-shoe-storage-gold-7tier-entryway-08.png?v=1779982959&width=1200,8,gallery,REJECTED,,,
lewpe,cmtunb0cu017nm50hagayqxo9,https://www.lewpe.com/cdn/shop/files/arribada-round-tier-shoe-storage-black-5tier-entryway-09.png?v=1779982959&width=1200,9,gallery,REJECTED,,,
lewpe,cmtunb0cu017nm50hagayqxo9,https://www.lewpe.com/cdn/shop/files/arribada-round-tier-shoe-storage-black-6tier-entryway-10.png?v=1779982959&width=1200,10,gallery,REJECTED,,,
lewpe,cmtunb0cu017nm50hagayqxo9,https://www.lewpe.com/cdn/shop/files/arribada-round-tier-shoe-storage-black-8tier-living-room-11.png?v=1779982959&width=1400,11,gallery,REJECTED,,,
lewpe,cmtunb0cu017nm50hagayqxo9,https://www.lewpe.com/cdn/shop/files/arribada-round-tier-shoe-storage-black-7tier-entryway-12.png?v=1779982959&width=1200,12,gallery,REJECTED,,,
lewpe,cmtunb0cu017nm50hagayqxo9,https://www.lewpe.com/cdn/shop/files/arribada-round-tier-shoe-storage-white-5tier-entryway-01.png?v=1779982959&width=168,13,gallery,REJECTED,,,
lewpe,cmtunb0cu017nm50hagayqxo9,https://www.lewpe.com/cdn/shop/files/arribada-round-tier-shoe-storage-white-6tier-entryway-02.png?v=1779982959&width=168,14,gallery,REJECTED,,,
lewpe,cmtunb0cu017nm50hagayqxo9,https://www.lewpe.com/cdn/shop/files/arribada-round-tier-shoe-storage-white-8tier-entryway-03.png?v=1779982959&width=168,15,gallery,REJECTED,,,
lewpe,cmtunb0cu017nm50hagayqxo9,https://www.lewpe.com/cdn/shop/files/arribada-round-tier-shoe-storage-white-7tier-entryway-04.png?v=1779982959&width=168,16,gallery,REJECTED,,,
lewpe,cmtunb0cu017nm50hagayqxo9,https://www.lewpe.com/cdn/shop/files/arribada-round-tier-shoe-storage-gold-5tier-entryway-05.png?v=1779982959&width=168,17,gallery,REJECTED,,,
lewpe,cmtunb0cu017nm50hagayqxo9,https://www.lewpe.com/cdn/shop/files/arribada-round-tier-shoe-storage-gold-6tier-entryway-06.png?v=1779982959&width=168,18,gallery,REJECTED,,,
lewpe,cmtunb0cu017nm50hagayqxo9,https://www.lewpe.com/cdn/shop/files/arribada-round-tier-shoe-storage-gold-8tier-living-room-07.png?v=1779982959&width=168,19,gallery,REJECTED,,,
lewpe,cmtunb0cu017nm50hagayqxo9,https://www.lewpe.com/cdn/shop/files/arribada-round-tier-shoe-storage-gold-7tier-entryway-08.png?v=1779982959&width=168,20,gallery,REJECTED,,,
lewpe,cmtunb0cu017nm50hagayqxo9,https://www.lewpe.com/cdn/shop/files/arribada-round-tier-shoe-storage-black-5tier-entryway-09.png?v=1779982959&width=168,21,gallery,REJECTED,,,
lewpe,cmtunb0cu017nm50hagayqxo9,https://www.lewpe.com/cdn/shop/files/arribada-round-tier-shoe-storage-black-6tier-entryway-10.png?v=1779982959&width=168,22,gallery,REJECTED,,,
lewpe,cmtunb0cu017nm50hagayqxo9,https://www.lewpe.com/cdn/shop/files/arribada-round-tier-shoe-storage-black-8tier-living-room-11.png?v=1779982959&width=168,23,gallery,REJECTED,,,
lewpe,cmtumc82l01npm5et6xow9czd,http://www.lewpe.com/cdn/shop/files/tavira-modern-wooden-table-lamp-beige.png?v=1779128446&width=2048,0,primary,DOWNLOADED,image/png,1079607,research-assets/lewpe/walnut-ambient-lamp-52/img-0.png
lewpe,cmtumc82l01npm5et6xow9czd,https://www.lewpe.com/cdn/shop/files/tavira-modern-wooden-table-lamp-beige.png?v=1779128446&width=1000,1,gallery,DOWNLOADED,image/png,1047971,research-assets/lewpe/walnut-ambient-lamp-52/img-1.png
lewpe,cmtumc82l01npm5et6xow9czd,https://www.lewpe.com/cdn/shop/files/tavira-modern-wooden-table-lamp-tan.png?v=1779128446&width=1000,2,gallery,DOWNLOADED,image/png,1020120,research-assets/lewpe/walnut-ambient-lamp-52/img-2.png
lewpe,cmtumc82l01npm5et6xow9czd,https://www.lewpe.com/cdn/shop/files/tavira-modern-wooden-table-lamp-green.png?v=1779128446&width=1000,3,gallery,VALIDATED,image/png,1008749,
lewpe,cmtumc82l01npm5et6xow9czd,https://www.lewpe.com/cdn/shop/files/tavira-modern-wooden-table-lamp-beige-cottage.jpg?v=1779128446&width=2000,4,gallery,VALIDATED,image/jpeg,512352,
lewpe,cmtumc82l01npm5et6xow9czd,https://www.lewpe.com/cdn/shop/files/tavira-modern-wooden-table-lamp-beige-living.jpg?v=1779128446&width=2000,5,gallery,VALIDATED,image/jpeg,379661,
lewpe,cmtumc82l01npm5et6xow9czd,https://www.lewpe.com/cdn/shop/files/tavira-modern-wooden-table-lamp-beige-library.jpg?v=1779128446&width=2000,6,gallery,VALIDATED,image/jpeg,488098,
lewpe,cmtumc82l01npm5et6xow9czd,https://www.lewpe.com/cdn/shop/files/tavira-modern-wooden-table-lamp-beige-bedroom-desk.jpg?v=1779128446&width=2000,7,gallery,VALIDATED,image/jpeg,395430,
lewpe,cmtumc82l01npm5et6xow9czd,https://www.lewpe.com/cdn/shop/files/tavira-modern-wooden-table-lamp-green-walnut-desk.jpg?v=1779128446&width=2000,8,gallery,REJECTED,,,
lewpe,cmtumc82l01npm5et6xow9czd,https://www.lewpe.com/cdn/shop/files/tavira-modern-wooden-table-lamp-beige.png?v=1779128446&width=168,9,gallery,REJECTED,,,
lewpe,cmtumc82l01npm5et6xow9czd,https://www.lewpe.com/cdn/shop/files/tavira-modern-wooden-table-lamp-tan.png?v=1779128446&width=168,10,gallery,REJECTED,,,
lewpe,cmtumc82l01npm5et6xow9czd,https://www.lewpe.com/cdn/shop/files/tavira-modern-wooden-table-lamp-green.png?v=1779128446&width=168,11,gallery,REJECTED,,,
lewpe,cmtumc82l01npm5et6xow9czd,https://www.lewpe.com/cdn/shop/files/tavira-modern-wooden-table-lamp-beige-cottage.jpg?v=1779128446&width=168,12,gallery,REJECTED,,,
lewpe,cmtumc82l01npm5et6xow9czd,https://www.lewpe.com/cdn/shop/files/tavira-modern-wooden-table-lamp-beige-living.jpg?v=1779128446&width=168,13,gallery,REJECTED,,,
lewpe,cmtumc82l01npm5et6xow9czd,https://www.lewpe.com/cdn/shop/files/tavira-modern-wooden-table-lamp-beige-library.jpg?v=1779128446&width=168,14,gallery,REJECTED,,,
lewpe,cmtumc82l01npm5et6xow9czd,https://www.lewpe.com/cdn/shop/files/tavira-modern-wooden-table-lamp-beige-bedroom-desk.jpg?v=1779128446&width=168,15,gallery,REJECTED,,,
lewpe,cmtumc82l01npm5et6xow9czd,https://www.lewpe.com/cdn/shop/files/tavira-modern-wooden-table-lamp-green-walnut-desk.jpg?v=1779128446&width=168,16,gallery,REJECTED,,,
viridian-bay,cmtumg1i102hrm5etrgov1kyr,https://viridianbay.com/cdn/shop/products/VB34727_outdoor_61d80062-6430-4657-9803-c9bd1954c581.jpg?v=1713303294&width=1920,0,primary,DOWNLOADED,image/jpeg,221357,research-assets/viridian-bay/glass-garden-piece-53/img-0.jpg
viridian-bay,cmtumg1i102hrm5etrgov1kyr,http://viridianbay.com/cdn/shop/products/VB34727_outdoor_61d80062-6430-4657-9803-c9bd1954c581.jpg?v=1713303294&width=2048,1,gallery,DOWNLOADED,image/jpeg,221357,research-assets/viridian-bay/glass-garden-piece-53/img-1.jpg
viridian-bay,cmtumg1i102hrm5etrgov1kyr,https://viridianbay.com/cdn/shop/products/VB34727_outdoor_61d80062-6430-4657-9803-c9bd1954c581.jpg?v=1713303294&width=1000,2,gallery,DOWNLOADED,image/jpeg,285087,research-assets/viridian-bay/glass-garden-piece-53/img-2.jpg
viridian-bay,cmtumg1i102hrm5etrgov1kyr,https://viridianbay.com/cdn/shop/files/vb34727_pillow.jpg?v=1713303294&width=1000,3,gallery,VALIDATED,image/jpeg,156336,
viridian-bay,cmtumg1i102hrm5etrgov1kyr,https://viridianbay.com/cdn/shop/products/vb34727a_82607d7a-df0c-4550-9270-8eb0d428c890.jpg?v=1713303294&width=1000,4,gallery,VALIDATED,image/jpeg,49796,
viridian-bay,cmtumg1i102hrm5etrgov1kyr,https://viridianbay.com/cdn/shop/products/VB34727_lifestyle_554e9a08-c95f-4130-804e-684605bd13c6.jpg?v=1713303294&width=1000,5,gallery,VALIDATED,image/jpeg,148964,
viridian-bay,cmtumg1i102hrm5etrgov1kyr,https://viridianbay.com/cdn/shop/products/vb34727_8cc8c1b4-f424-4e29-b006-09dab48ac91c.jpg?v=1713303294&width=1000,6,gallery,VALIDATED,image/jpeg,123682,
cozy-garden,cmtumdeme01ytm5et4pl8tzdq,https://thecozygarden.com/cdn/shop/files/S324bfbe28bc54614950a7923e54de2f4p_badded7f-3ae8-4898-be06-1515fc6b6f08.webp?v=1774657420&width=1920,0,primary,DOWNLOADED,image/jpeg,272083,research-assets/cozy-garden/iron-blue-halo-lamp-54/img-0.jpg
cozy-garden,cmtumdeme01ytm5et4pl8tzdq,http://thecozygarden.com/cdn/shop/files/S324bfbe28bc54614950a7923e54de2f4p_badded7f-3ae8-4898-be06-1515fc6b6f08.webp?v=1774657420,1,gallery,DOWNLOADED,image/jpeg,272083,research-assets/cozy-garden/iron-blue-halo-lamp-54/img-1.jpg
cozy-garden,cmtumdeme01ytm5et4pl8tzdq,https://thecozygarden.com/cdn/shop/files/S324bfbe28bc54614950a7923e54de2f4p_badded7f-3ae8-4898-be06-1515fc6b6f08.webp?v=1774657420&width=3840,2,gallery,DOWNLOADED,image/jpeg,272083,research-assets/cozy-garden/iron-blue-halo-lamp-54/img-2.jpg
cozy-garden,cmtumdeme01ytm5et4pl8tzdq,https://thecozygarden.com/cdn/shop/files/S324bfbe28bc54614950a7923e54de2f4p_38e0da36-df18-4f73-bf89-cb9f065cdffc.webp?v=1774657420&width=3840,3,gallery,VALIDATED,image/jpeg,272083,
cozy-garden,cmtumdeme01ytm5et4pl8tzdq,https://thecozygarden.com/cdn/shop/files/Sbcb4d3f8dd534b0fbfffcae6eb89f92dt_48296177-ee76-41eb-85e7-fcf57de66ae7.webp?v=1774657420&width=3840,4,gallery,VALIDATED,image/jpeg,190759,
cozy-garden,cmtumdeme01ytm5et4pl8tzdq,https://thecozygarden.com/cdn/shop/files/S2361d01de537465681cf0c06ffeac18ai_833c937b-bb8a-45f4-94a3-8fa6d5f9add9.webp?v=1774657420&width=3840,5,gallery,VALIDATED,image/jpeg,93961,
cozy-garden,cmtumdeme01ytm5et4pl8tzdq,https://thecozygarden.com/cdn/shop/files/S4594fa9af13545878c989f512c8f1726N_9ddd2cd7-19c0-4491-8fa3-c1a15143dded.webp?v=1774657420&width=3840,6,gallery,VALIDATED,image/jpeg,117590,
cozy-garden,cmtumdeme01ytm5et4pl8tzdq,https://thecozygarden.com/cdn/shop/files/S6e7d1bd7f7d9403d9c3b37ae00db71d8Q_4853032a-e136-4988-8e36-5e78952de865.webp?v=1774657420&width=3840,7,gallery,VALIDATED,image/jpeg,140962,
cozy-garden,cmtumdeme01ytm5et4pl8tzdq,https://thecozygarden.com/cdn/shop/files/S17b7464d1218465bbcaec594c7330915T_08ffa94d-95b9-4f98-a730-bc4fb2fef346.webp?v=1774657420&width=3840,8,gallery,REJECTED,,,
cozy-garden,cmtumdeme01ytm5et4pl8tzdq,https://thecozygarden.com/cdn/shop/files/S324bfbe28bc54614950a7923e54de2f4p_badded7f-3ae8-4898-be06-1515fc6b6f08.webp?v=1774657420&width=832,9,gallery,REJECTED,,,
cozy-garden,cmtumdeme01ytm5et4pl8tzdq,https://thecozygarden.com/cdn/shop/files/S324bfbe28bc54614950a7923e54de2f4p_38e0da36-df18-4f73-bf89-cb9f065cdffc.webp?v=1774657420&width=832,10,gallery,REJECTED,,,
cozy-garden,cmtumdeme01ytm5et4pl8tzdq,https://thecozygarden.com/cdn/shop/files/Sbcb4d3f8dd534b0fbfffcae6eb89f92dt_48296177-ee76-41eb-85e7-fcf57de66ae7.webp?v=1774657420&width=832,11,gallery,REJECTED,,,
cozy-garden,cmtumdeme01ytm5et4pl8tzdq,https://thecozygarden.com/cdn/shop/files/S2361d01de537465681cf0c06ffeac18ai_833c937b-bb8a-45f4-94a3-8fa6d5f9add9.webp?v=1774657420&width=832,12,gallery,REJECTED,,,
cozy-garden,cmtumdeme01ytm5et4pl8tzdq,https://thecozygarden.com/cdn/shop/files/S4594fa9af13545878c989f512c8f1726N_9ddd2cd7-19c0-4491-8fa3-c1a15143dded.webp?v=1774657420&width=832,13,gallery,REJECTED,,,
cozy-garden,cmtumdeme01ytm5et4pl8tzdq,https://thecozygarden.com/cdn/shop/files/S6e7d1bd7f7d9403d9c3b37ae00db71d8Q_4853032a-e136-4988-8e36-5e78952de865.webp?v=1774657420&width=832,14,gallery,REJECTED,,,
cozy-garden,cmtumdeme01ytm5et4pl8tzdq,https://thecozygarden.com/cdn/shop/files/S17b7464d1218465bbcaec594c7330915T_08ffa94d-95b9-4f98-a730-bc4fb2fef346.webp?v=1774657420&width=832,15,gallery,REJECTED,,,
ferm-living,cmtun4zi400g1m50hkjxqkqab,https://fermliving.com/cdn/shop/files/371494_1104272412_1.png?v=1762177764,0,primary,DOWNLOADED,image/png,371542,research-assets/ferm-living/natural-mirror/img-0.png
ferm-living,cmtun4zi400g1m50hkjxqkqab,https://fermliving.com/cdn/shop/files/371494_1104272412_1_x1200.png?v=1762177764,1,gallery,DOWNLOADED,image/png,205402,research-assets/ferm-living/natural-mirror/img-1.png
ferm-living,cmtun4rk100eam50hhoq2xyxz,https://fermliving.com/cdn/shop/files/1104272326_1_6e5ee8f9-134b-46de-9f87-45a5de982520.png?v=1762245374,0,primary,DOWNLOADED,image/png,172193,research-assets/ferm-living/minimalist-home-accessory-56/img-0.png
ferm-living,cmtun4rk100eam50hhoq2xyxz,https://fermliving.com/cdn/shop/files/1104272326_1_6e5ee8f9-134b-46de-9f87-45a5de982520_x1200.png?v=1762245374,1,gallery,DOWNLOADED,image/png,112701,research-assets/ferm-living/minimalist-home-accessory-56/img-1.png
cozy-garden,cmtumdi5u01zjm5etjdf3ggee,https://thecozygarden.com/cdn/shop/files/GRPEFG65921.jpg?v=1774657437&width=1920,0,primary,DOWNLOADED,image/jpeg,57120,research-assets/cozy-garden/plastic-grey-stack-storage-piece-57/img-0.jpg
cozy-garden,cmtumdi5u01zjm5etjdf3ggee,http://thecozygarden.com/cdn/shop/files/GRPEFG65921.jpg?v=1774657437,1,gallery,DOWNLOADED,image/jpeg,57120,research-assets/cozy-garden/plastic-grey-stack-storage-piece-57/img-1.jpg
cozy-garden,cmtumdi5u01zjm5etjdf3ggee,https://thecozygarden.com/cdn/shop/files/GRPEFG65921.jpg?v=1774657437&width=3840,2,gallery,DOWNLOADED,image/jpeg,57120,research-assets/cozy-garden/plastic-grey-stack-storage-piece-57/img-2.jpg
cozy-garden,cmtumdi5u01zjm5etjdf3ggee,https://thecozygarden.com/cdn/shop/files/GRPEFG65921_91346503.jpg?v=1774657438&width=3840,3,gallery,VALIDATED,image/jpeg,60142,
cozy-garden,cmtumdi5u01zjm5etjdf3ggee,https://thecozygarden.com/cdn/shop/files/GRPEFG65921_91346504.jpg?v=1774657438&width=3840,4,gallery,VALIDATED,image/jpeg,193680,
cozy-garden,cmtumdi5u01zjm5etjdf3ggee,https://thecozygarden.com/cdn/shop/files/GRPEFG65921.jpg?v=1774657437&width=832,5,gallery,VALIDATED,image/jpeg,57120,
cozy-garden,cmtumdi5u01zjm5etjdf3ggee,https://thecozygarden.com/cdn/shop/files/GRPEFG65921_91346503.jpg?v=1774657438&width=832,6,gallery,VALIDATED,image/jpeg,60142,
cozy-garden,cmtumdi5u01zjm5etjdf3ggee,https://thecozygarden.com/cdn/shop/files/GRPEFG65921_91346504.jpg?v=1774657438&width=832,7,gallery,VALIDATED,image/jpeg,193680,
viridian-bay,cmtumf41v02aam5etztoudqn7,https://viridianbay.com/cdn/shop/products/vb34473a_fc5d063f-6f90-4745-9f73-ffd5cfa850f0.jpg?v=1704928089&width=1920,0,primary,DOWNLOADED,image/jpeg,152331,research-assets/viridian-bay/glass-rhythm-wall-panel-58/img-0.jpg
viridian-bay,cmtumf41v02aam5etztoudqn7,http://viridianbay.com/cdn/shop/products/vb34473a_fc5d063f-6f90-4745-9f73-ffd5cfa850f0.jpg?v=1704928089&width=2048,1,gallery,DOWNLOADED,image/jpeg,152331,research-assets/viridian-bay/glass-rhythm-wall-panel-58/img-1.jpg
viridian-bay,cmtumf41v02aam5etztoudqn7,https://viridianbay.com/cdn/shop/products/vb34473a_fc5d063f-6f90-4745-9f73-ffd5cfa850f0.jpg?v=1704928089&width=1000,2,gallery,DOWNLOADED,image/jpeg,173917,research-assets/viridian-bay/glass-rhythm-wall-panel-58/img-2.jpg
viridian-bay,cmtumf41v02aam5etztoudqn7,https://viridianbay.com/cdn/shop/products/vb34473b_ae1d1208-32a0-4653-a6ee-5dbb485c940a.jpg?v=1704928089&width=1000,3,gallery,VALIDATED,image/jpeg,36385,
viridian-bay,cmtumf41v02aam5etztoudqn7,https://viridianbay.com/cdn/shop/products/vb34473c_291477bc-b4e5-4449-9d21-766d89750e12.jpg?v=1704928089&width=1000,4,gallery,VALIDATED,image/jpeg,173974,
viridian-bay,cmtumf41v02aam5etztoudqn7,https://viridianbay.com/cdn/shop/products/vb34473d_6d9d5c64-61b0-49f3-a863-a24e71f03b0e.jpg?v=1704928089&width=1000,5,gallery,VALIDATED,image/jpeg,36217,
viridian-bay,cmtumf41v02aam5etztoudqn7,https://viridianbay.com/cdn/shop/products/vb34473e_59066136-badc-4c2b-a33d-c20a523846ec.jpg?v=1704928089&width=1000,6,gallery,VALIDATED,image/jpeg,104205,
viridian-bay,cmtumf41v02aam5etztoudqn7,https://viridianbay.com/cdn/shop/files/VB34473_scale.jpg?v=1722025311&width=1000,7,gallery,VALIDATED,image/jpeg,103690,
ferm-living,cmtun526u00cpm53jesmu9gne,https://fermliving.com/cdn/shop/files/269576_1104272396_1.png?v=1762177766,0,primary,DOWNLOADED,image/png,269624,research-assets/ferm-living/folia-mirror-medium/img-0.png
ferm-living,cmtun526u00cpm53jesmu9gne,https://fermliving.com/cdn/shop/files/269576_1104272396_1_x1200.png?v=1762177766,1,gallery,DOWNLOADED,image/png,179615,research-assets/ferm-living/folia-mirror-medium/img-1.png
ferm-living,cmtun55u600dkm53jhg6uxxnu,https://fermliving.com/cdn/shop/files/997012_1104269276_1.png?v=1762179581,0,primary,DOWNLOADED,image/png,997060,research-assets/ferm-living/oak-lighting-piece/img-0.png
ferm-living,cmtun55u600dkm53jhg6uxxnu,https://fermliving.com/cdn/shop/files/997012_1104269276_1_x1200.png?v=1762179581,1,gallery,DOWNLOADED,image/png,473669,research-assets/ferm-living/oak-lighting-piece/img-1.png
ferm-living,cmtun56z700dtm53jmcdqu4we,https://fermliving.com/cdn/shop/files/429013_1104269278_1.png?v=1762180132,0,primary,DOWNLOADED,image/png,429061,research-assets/ferm-living/oak-lighting-piece-61/img-0.png
ferm-living,cmtun56z700dtm53jmcdqu4we,https://fermliving.com/cdn/shop/files/429013_1104269278_1_x1200.png?v=1762180132,1,gallery,DOWNLOADED,image/png,197103,research-assets/ferm-living/oak-lighting-piece-61/img-1.png
lewpe,cmtunaniw010dm50hw4i4f3j9,http://www.lewpe.com/cdn/shop/files/balsemao-curved-arm-chandelier-in-polished-gold-with-6-arms-01_d0fd7f0d-3aad-41ca-9f4f-6c5e024a6ef3.jpg?v=1787793573&width=2048,0,primary,DOWNLOADED,image/jpeg,122668,research-assets/lewpe/curved-arm-ceiling-light/img-0.jpg
lewpe,cmtunaniw010dm50hw4i4f3j9,https://www.lewpe.com/cdn/shop/files/balsemao-curved-arm-chandelier-in-polished-gold-with-6-arms-01_d0fd7f0d-3aad-41ca-9f4f-6c5e024a6ef3.jpg?v=1787793573&width=1200,1,gallery,DOWNLOADED,image/jpeg,109493,research-assets/lewpe/curved-arm-ceiling-light/img-1.jpg
lewpe,cmtunaniw010dm50hw4i4f3j9,https://www.lewpe.com/cdn/shop/files/balsemao-curved-arm-chandelier-in-matte-black-with-6-arms-02_9ef90347-40b6-4ca2-827f-67f119d14a2d.jpg?v=1787793571&width=1200,2,gallery,DOWNLOADED,image/jpeg,87823,research-assets/lewpe/curved-arm-ceiling-light/img-2.jpg
lewpe,cmtunaniw010dm50hw4i4f3j9,https://www.lewpe.com/cdn/shop/files/balsemao-curved-arm-chandelier-in-polished-gold-with-9-arms-03_869340bd-ba63-494a-b629-92be44bcb8fd.jpg?v=1787793572&width=1200,3,gallery,VALIDATED,image/jpeg,123931,
lewpe,cmtunaniw010dm50hw4i4f3j9,https://www.lewpe.com/cdn/shop/files/balsemao-curved-arm-chandelier-in-matte-black-with-9-arms-04_7eeee2c5-9543-4d80-8b41-f17d8d8d2ac4.jpg?v=1787793572&width=1200,4,gallery,VALIDATED,image/jpeg,120757,
lewpe,cmtunaniw010dm50hw4i4f3j9,https://www.lewpe.com/cdn/shop/files/balsemao-curved-arm-chandelier-in-polished-gold-with-12-arms-05_d6452198-ff3f-47ff-b027-dde74e74a0ca.jpg?v=1787793572&width=1200,5,gallery,VALIDATED,image/jpeg,161139,
lewpe,cmtunaniw010dm50hw4i4f3j9,https://www.lewpe.com/cdn/shop/files/balsemao-curved-arm-chandelier-in-matte-black-with-12-arms-06_a5277104-49d3-4bee-8799-2a3d82cf4cc4.jpg?v=1787793572&width=1200,6,gallery,VALIDATED,image/jpeg,130841,
lewpe,cmtunaniw010dm50hw4i4f3j9,https://www.lewpe.com/cdn/shop/files/balsemao-curved-arm-chandelier-in-polished-gold-with-6-arms-08_ad5e30b7-1e22-4164-80f5-33ce5b0f3a0b.jpg?v=1787793572&width=1200,7,gallery,VALIDATED,image/jpeg,229151,
lewpe,cmtunaniw010dm50hw4i4f3j9,https://www.lewpe.com/cdn/shop/files/balsemao-curved-arm-chandelier-in-matte-black-with-6-arms-in-09_ca94a332-4b82-4a21-b29b-d57e5ca9cea6.jpg?v=1787793573&width=1200,8,gallery,REJECTED,,,
lewpe,cmtunaniw010dm50hw4i4f3j9,https://www.lewpe.com/cdn/shop/files/balsemao-curved-arm-chandelier-in-polished-gold-with-9-arms-10_af57cf1a-2359-4c0a-ba6a-a9143373fa83.jpg?v=1787793572&width=1200,9,gallery,REJECTED,,,
lewpe,cmtunaniw010dm50hw4i4f3j9,https://www.lewpe.com/cdn/shop/files/balsemao-curved-arm-chandelier-in-matte-black-with-9-arms-in-11_fb9c95f2-ae2d-4788-93e0-9ac607d0b192.jpg?v=1787793573&width=1200,10,gallery,REJECTED,,,
lewpe,cmtunaniw010dm50hw4i4f3j9,https://www.lewpe.com/cdn/shop/files/balsemao-curved-arm-chandelier-in-polished-gold-with-12-arms-12_4d5d4cca-3478-498c-8d0d-6f307d30926d.jpg?v=1787793572&width=1200,11,gallery,REJECTED,,,
lewpe,cmtunaniw010dm50hw4i4f3j9,https://www.lewpe.com/cdn/shop/files/balsemao-curved-arm-chandelier-in-matte-black-with-12-arms-a-13_74a84463-9d11-4ad1-92bc-730f858dcfcc.jpg?v=1787793573&width=1200,12,gallery,REJECTED,,,
lewpe,cmtunaniw010dm50hw4i4f3j9,https://www.lewpe.com/cdn/shop/files/balsemao-curved-arm-chandelier-in-polished-gold-with-6-arms-01_d0fd7f0d-3aad-41ca-9f4f-6c5e024a6ef3.jpg?v=1787793573&width=168,13,gallery,REJECTED,,,
lewpe,cmtunaniw010dm50hw4i4f3j9,https://www.lewpe.com/cdn/shop/files/balsemao-curved-arm-chandelier-in-matte-black-with-6-arms-02_9ef90347-40b6-4ca2-827f-67f119d14a2d.jpg?v=1787793571&width=168,14,gallery,REJECTED,,,
lewpe,cmtunaniw010dm50hw4i4f3j9,https://www.lewpe.com/cdn/shop/files/balsemao-curved-arm-chandelier-in-polished-gold-with-9-arms-03_869340bd-ba63-494a-b629-92be44bcb8fd.jpg?v=1787793572&width=168,15,gallery,REJECTED,,,
lewpe,cmtunaniw010dm50hw4i4f3j9,https://www.lewpe.com/cdn/shop/files/balsemao-curved-arm-chandelier-in-matte-black-with-9-arms-04_7eeee2c5-9543-4d80-8b41-f17d8d8d2ac4.jpg?v=1787793572&width=168,16,gallery,REJECTED,,,
lewpe,cmtunaniw010dm50hw4i4f3j9,https://www.lewpe.com/cdn/shop/files/balsemao-curved-arm-chandelier-in-polished-gold-with-12-arms-05_d6452198-ff3f-47ff-b027-dde74e74a0ca.jpg?v=1787793572&width=168,17,gallery,REJECTED,,,
lewpe,cmtunaniw010dm50hw4i4f3j9,https://www.lewpe.com/cdn/shop/files/balsemao-curved-arm-chandelier-in-matte-black-with-12-arms-06_a5277104-49d3-4bee-8799-2a3d82cf4cc4.jpg?v=1787793572&width=168,18,gallery,REJECTED,,,
lewpe,cmtunaniw010dm50hw4i4f3j9,https://www.lewpe.com/cdn/shop/files/balsemao-curved-arm-chandelier-in-polished-gold-with-6-arms-08_ad5e30b7-1e22-4164-80f5-33ce5b0f3a0b.jpg?v=1787793572&width=168,19,gallery,REJECTED,,,
lewpe,cmtunaniw010dm50hw4i4f3j9,https://www.lewpe.com/cdn/shop/files/balsemao-curved-arm-chandelier-in-matte-black-with-6-arms-in-09_ca94a332-4b82-4a21-b29b-d57e5ca9cea6.jpg?v=1787793573&width=168,20,gallery,REJECTED,,,
lewpe,cmtunaniw010dm50hw4i4f3j9,https://www.lewpe.com/cdn/shop/files/balsemao-curved-arm-chandelier-in-polished-gold-with-9-arms-10_af57cf1a-2359-4c0a-ba6a-a9143373fa83.jpg?v=1787793572&width=168,21,gallery,REJECTED,,,
lewpe,cmtunaniw010dm50hw4i4f3j9,https://www.lewpe.com/cdn/shop/files/balsemao-curved-arm-chandelier-in-matte-black-with-9-arms-in-11_fb9c95f2-ae2d-4788-93e0-9ac607d0b192.jpg?v=1787793573&width=168,22,gallery,REJECTED,,,
lewpe,cmtunaniw010dm50hw4i4f3j9,https://www.lewpe.com/cdn/shop/files/balsemao-curved-arm-chandelier-in-polished-gold-with-12-arms-12_4d5d4cca-3478-498c-8d0d-6f307d30926d.jpg?v=1787793572&width=168,23,gallery,REJECTED,,,
cozy-garden,cmtunbn860184m53jbi3013zh,https://thecozygarden.com/cdn/shop/files/S240c28e1568a44b9aa3f07b18f688d58Q_78c0ae91-e4b1-4674-93c7-463dd50c5107.webp?v=1774657668&width=1920,0,primary,DOWNLOADED,image/jpeg,133555,research-assets/cozy-garden/blue-outdoor-garden-light/img-0.jpg
cozy-garden,cmtunbn860184m53jbi3013zh,http://thecozygarden.com/cdn/shop/files/S240c28e1568a44b9aa3f07b18f688d58Q_78c0ae91-e4b1-4674-93c7-463dd50c5107.webp?v=1774657668,1,gallery,DOWNLOADED,image/jpeg,133555,research-assets/cozy-garden/blue-outdoor-garden-light/img-1.jpg
cozy-garden,cmtunbn860184m53jbi3013zh,https://thecozygarden.com/cdn/shop/files/S240c28e1568a44b9aa3f07b18f688d58Q_78c0ae91-e4b1-4674-93c7-463dd50c5107.webp?v=1774657668&width=3840,2,gallery,DOWNLOADED,image/jpeg,133555,research-assets/cozy-garden/blue-outdoor-garden-light/img-2.jpg
cozy-garden,cmtunbn860184m53jbi3013zh,https://thecozygarden.com/cdn/shop/files/S240c28e1568a44b9aa3f07b18f688d58Q.webp?v=1774657668&width=3840,3,gallery,VALIDATED,image/jpeg,133555,
cozy-garden,cmtunbn860184m53jbi3013zh,https://thecozygarden.com/cdn/shop/files/S350b8417d7b64c31b276883e71cce384G.webp?v=1774657668&width=3840,4,gallery,VALIDATED,image/jpeg,201943,
cozy-garden,cmtunbn860184m53jbi3013zh,https://thecozygarden.com/cdn/shop/files/Sc1157ddee0014370a6bf02d92219149bz.webp?v=1774657668&width=3840,5,gallery,VALIDATED,image/jpeg,155895,
cozy-garden,cmtunbn860184m53jbi3013zh,https://thecozygarden.com/cdn/shop/files/S34b36c4678ed4cf29cab7d9d7d20d4778.webp?v=1774657668&width=3840,6,gallery,VALIDATED,image/jpeg,147155,
cozy-garden,cmtunbn860184m53jbi3013zh,https://thecozygarden.com/cdn/shop/files/S96509955e9b1483a805fbbad57d280aaW.webp?v=1774657669&width=3840,7,gallery,VALIDATED,image/jpeg,157249,
cozy-garden,cmtunbn860184m53jbi3013zh,https://thecozygarden.com/cdn/shop/files/S416473e9f7364f298679deeda1e4766fa.webp?v=1774657668&width=3840,8,gallery,REJECTED,,,
cozy-garden,cmtunbn860184m53jbi3013zh,https://thecozygarden.com/cdn/shop/files/S240c28e1568a44b9aa3f07b18f688d58Q_78c0ae91-e4b1-4674-93c7-463dd50c5107.webp?v=1774657668&width=832,9,gallery,REJECTED,,,
cozy-garden,cmtunbn860184m53jbi3013zh,https://thecozygarden.com/cdn/shop/files/S240c28e1568a44b9aa3f07b18f688d58Q.webp?v=1774657668&width=832,10,gallery,REJECTED,,,
cozy-garden,cmtunbn860184m53jbi3013zh,https://thecozygarden.com/cdn/shop/files/S350b8417d7b64c31b276883e71cce384G.webp?v=1774657668&width=832,11,gallery,REJECTED,,,
cozy-garden,cmtunbn860184m53jbi3013zh,https://thecozygarden.com/cdn/shop/files/Sc1157ddee0014370a6bf02d92219149bz.webp?v=1774657668&width=832,12,gallery,REJECTED,,,
cozy-garden,cmtunbn860184m53jbi3013zh,https://thecozygarden.com/cdn/shop/files/S34b36c4678ed4cf29cab7d9d7d20d4778.webp?v=1774657668&width=832,13,gallery,REJECTED,,,
cozy-garden,cmtunbn860184m53jbi3013zh,https://thecozygarden.com/cdn/shop/files/S96509955e9b1483a805fbbad57d280aaW.webp?v=1774657669&width=832,14,gallery,REJECTED,,,
cozy-garden,cmtunbn860184m53jbi3013zh,https://thecozygarden.com/cdn/shop/files/S416473e9f7364f298679deeda1e4766fa.webp?v=1774657668&width=832,15,gallery,REJECTED,,,
cozy-garden,cmtunbpiv018lm53jwqhdfl4j,https://thecozygarden.com/cdn/shop/files/44722796921105.jpg?v=1774657680&width=1920,0,primary,DOWNLOADED,image/jpeg,43836,research-assets/cozy-garden/white-outdoor-light/img-0.jpg
cozy-garden,cmtunbpiv018lm53jwqhdfl4j,http://thecozygarden.com/cdn/shop/files/44722796921105.jpg?v=1774657680,1,gallery,DOWNLOADED,image/jpeg,43836,research-assets/cozy-garden/white-outdoor-light/img-1.jpg
cozy-garden,cmtunbpiv018lm53jwqhdfl4j,https://thecozygarden.com/cdn/shop/files/44722796921105.jpg?v=1774657680&width=3840,2,gallery,DOWNLOADED,image/jpeg,43836,research-assets/cozy-garden/white-outdoor-light/img-2.jpg
cozy-garden,cmtunc0ty01epm50hmjeunt4u,http://thecozygarden.com/cdn/shop/files/GT4324-2.jpg?v=1777617334,0,primary,DOWNLOADED,image/jpeg,101088,research-assets/cozy-garden/rust-rattan-garden-lighting/img-0.jpg
cozy-garden,cmtunc0ty01epm50hmjeunt4u,https://thecozygarden.com/cdn/shop/files/GT4324-2.jpg?v=1777617334&width=3840,1,gallery,DOWNLOADED,image/jpeg,101088,research-assets/cozy-garden/rust-rattan-garden-lighting/img-1.jpg
cozy-garden,cmtunc0ty01epm50hmjeunt4u,https://thecozygarden.com/cdn/shop/files/GT4324-2_101705947.jpg?v=1777617334&width=3840,2,gallery,DOWNLOADED,image/jpeg,69947,research-assets/cozy-garden/rust-rattan-garden-lighting/img-2.jpg
cozy-garden,cmtunc0ty01epm50hmjeunt4u,https://thecozygarden.com/cdn/shop/files/GT4324-2_101705948.jpg?v=1777617334&width=3840,3,gallery,VALIDATED,image/jpeg,124976,
cozy-garden,cmtunc0ty01epm50hmjeunt4u,https://thecozygarden.com/cdn/shop/files/GT4324-2_101705949.jpg?v=1777617334&width=3840,4,gallery,VALIDATED,image/jpeg,145087,
cozy-garden,cmtunc0ty01epm50hmjeunt4u,https://thecozygarden.com/cdn/shop/files/GT4324-2_101705950.jpg?v=1777617334&width=3840,5,gallery,VALIDATED,image/jpeg,104774,
cozy-garden,cmtunc0ty01epm50hmjeunt4u,https://thecozygarden.com/cdn/shop/files/GT4324-2.jpg?v=1777617334&width=832,6,gallery,VALIDATED,image/jpeg,101088,
cozy-garden,cmtunc0ty01epm50hmjeunt4u,https://thecozygarden.com/cdn/shop/files/GT4324-2_101705947.jpg?v=1777617334&width=832,7,gallery,VALIDATED,image/jpeg,69947,
cozy-garden,cmtunc0ty01epm50hmjeunt4u,https://thecozygarden.com/cdn/shop/files/GT4324-2_101705948.jpg?v=1777617334&width=832,8,gallery,REJECTED,,,
cozy-garden,cmtunc0ty01epm50hmjeunt4u,https://thecozygarden.com/cdn/shop/files/GT4324-2_101705949.jpg?v=1777617334&width=832,9,gallery,REJECTED,,,
cozy-garden,cmtunc0ty01epm50hmjeunt4u,https://thecozygarden.com/cdn/shop/files/GT4324-2_101705950.jpg?v=1777617334&width=832,10,gallery,REJECTED,,,
cozy-garden,cmtunc7rj01g9m50h51pbvw83,https://thecozygarden.com/cdn/shop/files/GT4441NA.jpg?v=1778092129&width=1920,0,primary,DOWNLOADED,image/jpeg,71208,research-assets/cozy-garden/natural-iron-wall-panel/img-0.jpg
cozy-garden,cmtunc7rj01g9m50h51pbvw83,http://thecozygarden.com/cdn/shop/files/GT4441NA.jpg?v=1778092129,1,gallery,DOWNLOADED,image/jpeg,71208,research-assets/cozy-garden/natural-iron-wall-panel/img-1.jpg
cozy-garden,cmtunc7rj01g9m50h51pbvw83,https://thecozygarden.com/cdn/shop/files/GT4441NA.jpg?v=1778092129&width=3840,2,gallery,DOWNLOADED,image/jpeg,71208,research-assets/cozy-garden/natural-iron-wall-panel/img-2.jpg
cozy-garden,cmtunc7rj01g9m50h51pbvw83,https://thecozygarden.com/cdn/shop/files/GT4441NA_87244563.jpg?v=1778092129&width=3840,3,gallery,VALIDATED,image/jpeg,117335,
cozy-garden,cmtunc7rj01g9m50h51pbvw83,https://thecozygarden.com/cdn/shop/files/GT4441NA_87244564.jpg?v=1778092129&width=3840,4,gallery,VALIDATED,image/jpeg,132757,
cozy-garden,cmtunc7rj01g9m50h51pbvw83,https://thecozygarden.com/cdn/shop/files/GT4441NA_87244565.jpg?v=1778092129&width=3840,5,gallery,VALIDATED,image/jpeg,72375,
cozy-garden,cmtunc7rj01g9m50h51pbvw83,https://thecozygarden.com/cdn/shop/files/GT4441NA_87244566.jpg?v=1778092129&width=3840,6,gallery,VALIDATED,image/jpeg,64286,
cozy-garden,cmtunc7rj01g9m50h51pbvw83,https://thecozygarden.com/cdn/shop/files/GT4441NA.jpg?v=1778092129&width=832,7,gallery,VALIDATED,image/jpeg,71208,
cozy-garden,cmtunc7rj01g9m50h51pbvw83,https://thecozygarden.com/cdn/shop/files/GT4441NA_87244563.jpg?v=1778092129&width=832,8,gallery,REJECTED,,,
cozy-garden,cmtunc7rj01g9m50h51pbvw83,https://thecozygarden.com/cdn/shop/files/GT4441NA_87244564.jpg?v=1778092129&width=832,9,gallery,REJECTED,,,
cozy-garden,cmtunc7rj01g9m50h51pbvw83,https://thecozygarden.com/cdn/shop/files/GT4441NA_87244565.jpg?v=1778092129&width=832,10,gallery,REJECTED,,,
cozy-garden,cmtunc7rj01g9m50h51pbvw83,https://thecozygarden.com/cdn/shop/files/GT4441NA_87244566.jpg?v=1778092129&width=832,11,gallery,REJECTED,,,
cozy-garden,cmtuncbiv01dem53jz6qy7pyd,http://thecozygarden.com/cdn/shop/files/GT3958.png?v=1778092155,0,primary,DOWNLOADED,image/png,208617,research-assets/cozy-garden/green-metal-lean-to-greenhouse/img-0.png
cozy-garden,cmtuncbiv01dem53jz6qy7pyd,https://thecozygarden.com/cdn/shop/files/GT3958.png?v=1778092155&width=3840,1,gallery,DOWNLOADED,image/png,208617,research-assets/cozy-garden/green-metal-lean-to-greenhouse/img-1.png
cozy-garden,cmtuncbiv01dem53jz6qy7pyd,https://thecozygarden.com/cdn/shop/files/GT3958_56739419.png?v=1778092154&width=3840,2,gallery,DOWNLOADED,image/png,460338,research-assets/cozy-garden/green-metal-lean-to-greenhouse/img-2.png
cozy-garden,cmtuncbiv01dem53jz6qy7pyd,https://thecozygarden.com/cdn/shop/files/GT3958_56739420.png?v=1778092155&width=3840,3,gallery,VALIDATED,image/png,547467,
cozy-garden,cmtuncbiv01dem53jz6qy7pyd,https://thecozygarden.com/cdn/shop/files/GT3958.png?v=1778092155&width=832,4,gallery,VALIDATED,image/png,208617,
cozy-garden,cmtuncbiv01dem53jz6qy7pyd,https://thecozygarden.com/cdn/shop/files/GT3958_56739419.png?v=1778092154&width=832,5,gallery,VALIDATED,image/png,460338,
cozy-garden,cmtuncbiv01dem53jz6qy7pyd,https://thecozygarden.com/cdn/shop/files/GT3958_56739420.png?v=1778092155&width=832,6,gallery,VALIDATED,image/png,547467,
cozy-garden,cmtuncg0801i3m50h6aotf97a,https://thecozygarden.com/cdn/shop/files/151946.jpg?v=1778092829&width=1920,0,primary,DOWNLOADED,image/jpeg,214651,research-assets/cozy-garden/rust-steel-garden-piece/img-0.jpg
cozy-garden,cmtuncg0801i3m50h6aotf97a,http://thecozygarden.com/cdn/shop/files/151946.jpg?v=1778092829,1,gallery,DOWNLOADED,image/jpeg,214651,research-assets/cozy-garden/rust-steel-garden-piece/img-1.jpg
cozy-garden,cmtuncg0801i3m50h6aotf97a,https://thecozygarden.com/cdn/shop/files/151946.jpg?v=1778092829&width=3840,2,gallery,DOWNLOADED,image/jpeg,214651,research-assets/cozy-garden/rust-steel-garden-piece/img-2.jpg
cozy-garden,cmtuncg0801i3m50h6aotf97a,https://thecozygarden.com/cdn/shop/files/151946_86799190.jpg?v=1778092829&width=3840,3,gallery,VALIDATED,image/jpeg,58556,
cozy-garden,cmtuncg0801i3m50h6aotf97a,https://thecozygarden.com/cdn/shop/files/151946_86799191.jpg?v=1778092830&width=3840,4,gallery,VALIDATED,image/jpeg,37583,
cozy-garden,cmtuncg0801i3m50h6aotf97a,https://thecozygarden.com/cdn/shop/files/151946_86799192.jpg?v=1778092829&width=3840,5,gallery,VALIDATED,image/jpeg,55222,
cozy-garden,cmtuncg0801i3m50h6aotf97a,https://thecozygarden.com/cdn/shop/files/151946_86799193.jpg?v=1778092829&width=3840,6,gallery,VALIDATED,image/jpeg,100675,
cozy-garden,cmtuncg0801i3m50h6aotf97a,https://thecozygarden.com/cdn/shop/files/151946_86799194.jpg?v=1778092829&width=3840,7,gallery,VALIDATED,image/jpeg,92772,
cozy-garden,cmtuncg0801i3m50h6aotf97a,https://thecozygarden.com/cdn/shop/files/151946_86799195.jpg?v=1778092829&width=3840,8,gallery,REJECTED,,,
cozy-garden,cmtuncg0801i3m50h6aotf97a,https://thecozygarden.com/cdn/shop/files/151946.jpg?v=1778092829&width=832,9,gallery,REJECTED,,,
cozy-garden,cmtuncg0801i3m50h6aotf97a,https://thecozygarden.com/cdn/shop/files/151946_86799190.jpg?v=1778092829&width=832,10,gallery,REJECTED,,,
cozy-garden,cmtuncg0801i3m50h6aotf97a,https://thecozygarden.com/cdn/shop/files/151946_86799191.jpg?v=1778092830&width=832,11,gallery,REJECTED,,,
cozy-garden,cmtuncg0801i3m50h6aotf97a,https://thecozygarden.com/cdn/shop/files/151946_86799192.jpg?v=1778092829&width=832,12,gallery,REJECTED,,,
cozy-garden,cmtuncg0801i3m50h6aotf97a,https://thecozygarden.com/cdn/shop/files/151946_86799193.jpg?v=1778092829&width=832,13,gallery,REJECTED,,,
cozy-garden,cmtuncg0801i3m50h6aotf97a,https://thecozygarden.com/cdn/shop/files/151946_86799194.jpg?v=1778092829&width=832,14,gallery,REJECTED,,,
cozy-garden,cmtuncg0801i3m50h6aotf97a,https://thecozygarden.com/cdn/shop/files/151946_86799195.jpg?v=1778092829&width=832,15,gallery,REJECTED,,,
cozy-garden,cmtunch1801icm50htwp0idmo,https://thecozygarden.com/cdn/shop/files/837483.jpg?v=1778092835&width=1920,0,primary,DOWNLOADED,image/jpeg,201365,research-assets/cozy-garden/pine-planter/img-0.jpg
cozy-garden,cmtunch1801icm50htwp0idmo,http://thecozygarden.com/cdn/shop/files/837483.jpg?v=1778092835,1,gallery,DOWNLOADED,image/jpeg,201365,research-assets/cozy-garden/pine-planter/img-1.jpg
cozy-garden,cmtunch1801icm50htwp0idmo,https://thecozygarden.com/cdn/shop/files/837483.jpg?v=1778092835&width=3840,2,gallery,DOWNLOADED,image/jpeg,201365,research-assets/cozy-garden/pine-planter/img-2.jpg
cozy-garden,cmtunch1801icm50htwp0idmo,https://thecozygarden.com/cdn/shop/files/837483_77364348.jpg?v=1778092836&width=3840,3,gallery,VALIDATED,image/jpeg,26847,
cozy-garden,cmtunch1801icm50htwp0idmo,https://thecozygarden.com/cdn/shop/files/837483_77364349.jpg?v=1778092836&width=3840,4,gallery,VALIDATED,image/jpeg,85894,
cozy-garden,cmtunch1801icm50htwp0idmo,https://thecozygarden.com/cdn/shop/files/837483_77364350.jpg?v=1778092835&width=3840,5,gallery,VALIDATED,image/jpeg,36445,
cozy-garden,cmtunch1801icm50htwp0idmo,https://thecozygarden.com/cdn/shop/files/837483_77364351.jpg?v=1778092835&width=3840,6,gallery,VALIDATED,image/jpeg,29340,
cozy-garden,cmtunch1801icm50htwp0idmo,https://thecozygarden.com/cdn/shop/files/837483_77364352.jpg?v=1778092835&width=3840,7,gallery,VALIDATED,image/jpeg,68093,
cozy-garden,cmtunch1801icm50htwp0idmo,https://thecozygarden.com/cdn/shop/files/837483_77364353.jpg?v=1778092835&width=3840,8,gallery,REJECTED,,,
cozy-garden,cmtunch1801icm50htwp0idmo,https://thecozygarden.com/cdn/shop/files/837483_77364354.jpg?v=1778092835&width=3840,9,gallery,REJECTED,,,
cozy-garden,cmtunch1801icm50htwp0idmo,https://thecozygarden.com/cdn/shop/files/837483_77364355.jpg?v=1778092836&width=3840,10,gallery,REJECTED,,,
cozy-garden,cmtunch1801icm50htwp0idmo,https://thecozygarden.com/cdn/shop/files/837483_77364356.jpg?v=1778092835&width=3840,11,gallery,REJECTED,,,
cozy-garden,cmtunch1801icm50htwp0idmo,https://thecozygarden.com/cdn/shop/files/837483_77364357.jpg?v=1778092836&width=3840,12,gallery,REJECTED,,,
cozy-garden,cmtunch1801icm50htwp0idmo,https://thecozygarden.com/cdn/shop/files/837483.jpg?v=1778092835&width=832,13,gallery,REJECTED,,,
cozy-garden,cmtunch1801icm50htwp0idmo,https://thecozygarden.com/cdn/shop/files/837483_77364348.jpg?v=1778092836&width=832,14,gallery,REJECTED,,,
cozy-garden,cmtunch1801icm50htwp0idmo,https://thecozygarden.com/cdn/shop/files/837483_77364349.jpg?v=1778092836&width=832,15,gallery,REJECTED,,,
cozy-garden,cmtunch1801icm50htwp0idmo,https://thecozygarden.com/cdn/shop/files/837483_77364350.jpg?v=1778092835&width=832,16,gallery,REJECTED,,,
cozy-garden,cmtunch1801icm50htwp0idmo,https://thecozygarden.com/cdn/shop/files/837483_77364351.jpg?v=1778092835&width=832,17,gallery,REJECTED,,,
cozy-garden,cmtunch1801icm50htwp0idmo,https://thecozygarden.com/cdn/shop/files/837483_77364352.jpg?v=1778092835&width=832,18,gallery,REJECTED,,,
cozy-garden,cmtunch1801icm50htwp0idmo,https://thecozygarden.com/cdn/shop/files/837483_77364353.jpg?v=1778092835&width=832,19,gallery,REJECTED,,,
cozy-garden,cmtunch1801icm50htwp0idmo,https://thecozygarden.com/cdn/shop/files/837483_77364354.jpg?v=1778092835&width=832,20,gallery,REJECTED,,,
cozy-garden,cmtunch1801icm50htwp0idmo,https://thecozygarden.com/cdn/shop/files/837483_77364355.jpg?v=1778092836&width=832,21,gallery,REJECTED,,,
cozy-garden,cmtunch1801icm50htwp0idmo,https://thecozygarden.com/cdn/shop/files/837483_77364356.jpg?v=1778092835&width=832,22,gallery,REJECTED,,,
cozy-garden,cmtunch1801icm50htwp0idmo,https://thecozygarden.com/cdn/shop/files/837483_77364357.jpg?v=1778092836&width=832,23,gallery,REJECTED,,,
cozy-garden,cmtuncxjf01i6m53j81e8l2o4,https://thecozygarden.com/cdn/shop/files/150909.jpg?v=1780468131&width=1920,0,primary,DOWNLOADED,image/jpeg,126921,research-assets/cozy-garden/anthracite-steel-storage/img-0.jpg
cozy-garden,cmtuncxjf01i6m53j81e8l2o4,http://thecozygarden.com/cdn/shop/files/150909.jpg?v=1780468131,1,gallery,DOWNLOADED,image/jpeg,126921,research-assets/cozy-garden/anthracite-steel-storage/img-1.jpg
cozy-garden,cmtuncxjf01i6m53j81e8l2o4,https://thecozygarden.com/cdn/shop/files/150909.jpg?v=1780468131&width=3840,2,gallery,DOWNLOADED,image/jpeg,126921,research-assets/cozy-garden/anthracite-steel-storage/img-2.jpg
cozy-garden,cmtuncxjf01i6m53j81e8l2o4,https://thecozygarden.com/cdn/shop/files/150909_86204746.jpg?v=1780468131&width=3840,3,gallery,VALIDATED,image/jpeg,43810,
cozy-garden,cmtuncxjf01i6m53j81e8l2o4,https://thecozygarden.com/cdn/shop/files/150909_86204747.jpg?v=1780468131&width=3840,4,gallery,VALIDATED,image/jpeg,53967,
cozy-garden,cmtuncxjf01i6m53j81e8l2o4,https://thecozygarden.com/cdn/shop/files/150909_86204748.jpg?v=1780468131&width=3840,5,gallery,VALIDATED,image/jpeg,46472,
cozy-garden,cmtuncxjf01i6m53j81e8l2o4,https://thecozygarden.com/cdn/shop/files/150909_86204749.jpg?v=1780468131&width=3840,6,gallery,VALIDATED,image/jpeg,34259,
cozy-garden,cmtuncxjf01i6m53j81e8l2o4,https://thecozygarden.com/cdn/shop/files/150909_86204750.jpg?v=1780468131&width=3840,7,gallery,VALIDATED,image/jpeg,30198,
cozy-garden,cmtuncxjf01i6m53j81e8l2o4,https://thecozygarden.com/cdn/shop/files/150909_86204751.jpg?v=1780468131&width=3840,8,gallery,REJECTED,,,
cozy-garden,cmtuncxjf01i6m53j81e8l2o4,https://thecozygarden.com/cdn/shop/files/150909_86204752.jpg?v=1780468131&width=3840,9,gallery,REJECTED,,,
cozy-garden,cmtuncxjf01i6m53j81e8l2o4,https://thecozygarden.com/cdn/shop/files/150909_86204753.jpg?v=1780468131&width=3840,10,gallery,REJECTED,,,
cozy-garden,cmtuncxjf01i6m53j81e8l2o4,https://thecozygarden.com/cdn/shop/files/150909.jpg?v=1780468131&width=832,11,gallery,REJECTED,,,
cozy-garden,cmtuncxjf01i6m53j81e8l2o4,https://thecozygarden.com/cdn/shop/files/150909_86204746.jpg?v=1780468131&width=832,12,gallery,REJECTED,,,
cozy-garden,cmtuncxjf01i6m53j81e8l2o4,https://thecozygarden.com/cdn/shop/files/150909_86204747.jpg?v=1780468131&width=832,13,gallery,REJECTED,,,
cozy-garden,cmtuncxjf01i6m53j81e8l2o4,https://thecozygarden.com/cdn/shop/files/150909_86204748.jpg?v=1780468131&width=832,14,gallery,REJECTED,,,
cozy-garden,cmtuncxjf01i6m53j81e8l2o4,https://thecozygarden.com/cdn/shop/files/150909_86204749.jpg?v=1780468131&width=832,15,gallery,REJECTED,,,
cozy-garden,cmtuncxjf01i6m53j81e8l2o4,https://thecozygarden.com/cdn/shop/files/150909_86204750.jpg?v=1780468131&width=832,16,gallery,REJECTED,,,
cozy-garden,cmtuncxjf01i6m53j81e8l2o4,https://thecozygarden.com/cdn/shop/files/150909_86204751.jpg?v=1780468131&width=832,17,gallery,REJECTED,,,
cozy-garden,cmtuncxjf01i6m53j81e8l2o4,https://thecozygarden.com/cdn/shop/files/150909_86204752.jpg?v=1780468131&width=832,18,gallery,REJECTED,,,
cozy-garden,cmtuncxjf01i6m53j81e8l2o4,https://thecozygarden.com/cdn/shop/files/150909_86204753.jpg?v=1780468131&width=832,19,gallery,REJECTED,,,
cozy-garden,cmtund25801j7m53jfyyff1v0,https://thecozygarden.com/cdn/shop/files/NP11847BN.jpg?v=1780468156&width=1920,0,primary,DOWNLOADED,image/jpeg,48059,research-assets/cozy-garden/red-rattan-lighting-piece/img-0.jpg
cozy-garden,cmtund25801j7m53jfyyff1v0,http://thecozygarden.com/cdn/shop/files/NP11847BN.jpg?v=1780468156,1,gallery,DOWNLOADED,image/jpeg,48059,research-assets/cozy-garden/red-rattan-lighting-piece/img-1.jpg
cozy-garden,cmtund25801j7m53jfyyff1v0,https://thecozygarden.com/cdn/shop/files/NP11847BN.jpg?v=1780468156&width=3840,2,gallery,DOWNLOADED,image/jpeg,48059,research-assets/cozy-garden/red-rattan-lighting-piece/img-2.jpg
cozy-garden,cmtund25801j7m53jfyyff1v0,https://thecozygarden.com/cdn/shop/files/NP11847BN_76438919.jpg?v=1780468156&width=3840,3,gallery,VALIDATED,image/jpeg,97980,
cozy-garden,cmtund25801j7m53jfyyff1v0,https://thecozygarden.com/cdn/shop/files/NP11847BN_76438920.jpg?v=1780468157&width=3840,4,gallery,VALIDATED,image/jpeg,119217,
cozy-garden,cmtund25801j7m53jfyyff1v0,https://thecozygarden.com/cdn/shop/files/NP11847BN_76438921.jpg?v=1780468157&width=3840,5,gallery,VALIDATED,image/jpeg,60595,
cozy-garden,cmtund25801j7m53jfyyff1v0,https://thecozygarden.com/cdn/shop/files/NP11847BN_76438922.jpg?v=1780468157&width=3840,6,gallery,VALIDATED,image/jpeg,94974,
cozy-garden,cmtund25801j7m53jfyyff1v0,https://thecozygarden.com/cdn/shop/files/NP11847BN.jpg?v=1780468156&width=832,7,gallery,VALIDATED,image/jpeg,48059,
cozy-garden,cmtund25801j7m53jfyyff1v0,https://thecozygarden.com/cdn/shop/files/NP11847BN_76438919.jpg?v=1780468156&width=832,8,gallery,REJECTED,,,
cozy-garden,cmtund25801j7m53jfyyff1v0,https://thecozygarden.com/cdn/shop/files/NP11847BN_76438920.jpg?v=1780468157&width=832,9,gallery,REJECTED,,,
cozy-garden,cmtund25801j7m53jfyyff1v0,https://thecozygarden.com/cdn/shop/files/NP11847BN_76438921.jpg?v=1780468157&width=832,10,gallery,REJECTED,,,
cozy-garden,cmtund25801j7m53jfyyff1v0,https://thecozygarden.com/cdn/shop/files/NP11847BN_76438922.jpg?v=1780468157&width=832,11,gallery,REJECTED,,,
cozy-garden,cmtunddvi01lom53jati5qcwa,https://thecozygarden.com/cdn/shop/files/GWDBHF45136825.jpg?v=1781134105&width=1920,0,primary,DOWNLOADED,image/jpeg,75664,research-assets/cozy-garden/green-jute-garden-piece/img-0.jpg
cozy-garden,cmtunddvi01lom53jati5qcwa,http://thecozygarden.com/cdn/shop/files/GWDBHF45136825.jpg?v=1781134105,1,gallery,DOWNLOADED,image/jpeg,75664,research-assets/cozy-garden/green-jute-garden-piece/img-1.jpg
cozy-garden,cmtunddvi01lom53jati5qcwa,https://thecozygarden.com/cdn/shop/files/GWDBHF45136825.jpg?v=1781134105&width=3840,2,gallery,DOWNLOADED,image/jpeg,75664,research-assets/cozy-garden/green-jute-garden-piece/img-2.jpg
cozy-garden,cmtunddvi01lom53jati5qcwa,https://thecozygarden.com/cdn/shop/files/GWDBHF45136825_73669610.jpg?v=1781134106&width=3840,3,gallery,VALIDATED,image/jpeg,240017,
cozy-garden,cmtunddvi01lom53jati5qcwa,https://thecozygarden.com/cdn/shop/files/GWDBHF45136825_73669611.jpg?v=1781134105&width=3840,4,gallery,VALIDATED,image/jpeg,78416,
cozy-garden,cmtunddvi01lom53jati5qcwa,https://thecozygarden.com/cdn/shop/files/GWDBHF45136825.jpg?v=1781134105&width=832,5,gallery,VALIDATED,image/jpeg,67847,
cozy-garden,cmtunddvi01lom53jati5qcwa,https://thecozygarden.com/cdn/shop/files/GWDBHF45136825_73669610.jpg?v=1781134106&width=832,6,gallery,VALIDATED,image/jpeg,209895,
cozy-garden,cmtunddvi01lom53jati5qcwa,https://thecozygarden.com/cdn/shop/files/GWDBHF45136825_73669611.jpg?v=1781134105&width=832,7,gallery,VALIDATED,image/jpeg,63831,
cozy-garden,cmtundo5j01nxm53jg9wrodzj,https://thecozygarden.com/cdn/shop/files/EHWRDSWB239858147.jpg?v=1781134165&width=1920,0,primary,DOWNLOADED,image/jpeg,96435,research-assets/cozy-garden/red-iron-garden-ornament/img-0.jpg
cozy-garden,cmtundo5j01nxm53jg9wrodzj,http://thecozygarden.com/cdn/shop/files/EHWRDSWB239858147.jpg?v=1781134165,1,gallery,DOWNLOADED,image/jpeg,96435,research-assets/cozy-garden/red-iron-garden-ornament/img-1.jpg
cozy-garden,cmtundo5j01nxm53jg9wrodzj,https://thecozygarden.com/cdn/shop/files/EHWRDSWB239858147.jpg?v=1781134165&width=3840,2,gallery,DOWNLOADED,image/jpeg,96435,research-assets/cozy-garden/red-iron-garden-ornament/img-2.jpg
cozy-garden,cmtundo5j01nxm53jg9wrodzj,https://thecozygarden.com/cdn/shop/files/EHWRDSWB239858147_73669482.jpg?v=1781134165&width=3840,3,gallery,VALIDATED,image/jpeg,157869,
cozy-garden,cmtundo5j01nxm53jg9wrodzj,https://thecozygarden.com/cdn/shop/files/EHWRDSWB239858147_73669483.jpg?v=1781134165&width=3840,4,gallery,VALIDATED,image/jpeg,134241,
cozy-garden,cmtundo5j01nxm53jg9wrodzj,https://thecozygarden.com/cdn/shop/files/EHWRDSWB239858147.jpg?v=1781134165&width=832,5,gallery,VALIDATED,image/jpeg,78062,
cozy-garden,cmtundo5j01nxm53jg9wrodzj,https://thecozygarden.com/cdn/shop/files/EHWRDSWB239858147_73669482.jpg?v=1781134165&width=832,6,gallery,VALIDATED,image/jpeg,139805,
cozy-garden,cmtundo5j01nxm53jg9wrodzj,https://thecozygarden.com/cdn/shop/files/EHWRDSWB239858147_73669483.jpg?v=1781134165&width=832,7,gallery,VALIDATED,image/jpeg,119903,
viridian-bay,cmtunev0c01vcm53jjhd62oej,https://viridianbay.com/cdn/shop/products/vb34847_8e000075-089d-4a1b-97c5-c5611b493801.jpg?v=1704924709&width=1920,0,primary,DOWNLOADED,image/jpeg,112000,research-assets/viridian-bay/aluminium-shade-outdoor-piece-74/img-0.jpg
viridian-bay,cmtunev0c01vcm53jjhd62oej,http://viridianbay.com/cdn/shop/products/vb34847_8e000075-089d-4a1b-97c5-c5611b493801.jpg?v=1704924709&width=2048,1,gallery,DOWNLOADED,image/jpeg,112000,research-assets/viridian-bay/aluminium-shade-outdoor-piece-74/img-1.jpg
viridian-bay,cmtunev0c01vcm53jjhd62oej,https://viridianbay.com/cdn/shop/products/vb34847_8e000075-089d-4a1b-97c5-c5611b493801.jpg?v=1704924709&width=1000,2,gallery,DOWNLOADED,image/jpeg,107670,research-assets/viridian-bay/aluminium-shade-outdoor-piece-74/img-2.jpg
viridian-bay,cmtunev0c01vcm53jjhd62oej,https://viridianbay.com/cdn/shop/files/VB34847-edit-flowers.jpg?v=1729886356&width=1000,3,gallery,VALIDATED,image/jpeg,241788,
viridian-bay,cmtunev0c01vcm53jjhd62oej,https://viridianbay.com/cdn/shop/products/vb34847e_e4c4be81-bc75-4a0c-b7fd-4975b40d2618.jpg?v=1704924709&width=1000,4,gallery,VALIDATED,image/jpeg,89345,
viridian-bay,cmtunev0c01vcm53jjhd62oej,https://viridianbay.com/cdn/shop/products/VB34847-top-view_4be91df1-b175-4cc7-9b83-6eaccf40e500.jpg?v=1704924709&width=1000,5,gallery,VALIDATED,image/jpeg,234299,
viridian-bay,cmtunev0c01vcm53jjhd62oej,https://viridianbay.com/cdn/shop/products/vb34847a_8d219667-2e4b-4d45-b15b-c45bb8ef564d.jpg?v=1704924709&width=1000,6,gallery,VALIDATED,image/jpeg,272866,
viridian-bay,cmtunev0c01vcm53jjhd62oej,https://viridianbay.com/cdn/shop/products/vb34847f_8541de47-3771-40cb-8c9a-e9d2241d3005.jpg?v=1704924709&width=1000,7,gallery,VALIDATED,image/jpeg,235420,
viridian-bay,cmtunftfr026gm50h9jvbnstb,https://viridianbay.com/cdn/shop/products/VB35036_1_b321a583-0583-4812-8a81-6e78a14d97cf.jpg?v=1707932180&width=1920,0,primary,DOWNLOADED,image/jpeg,49984,research-assets/viridian-bay/aluminium-basin-planter-75/img-0.jpg
viridian-bay,cmtunftfr026gm50h9jvbnstb,http://viridianbay.com/cdn/shop/products/VB35036_1_b321a583-0583-4812-8a81-6e78a14d97cf.jpg?v=1707932180&width=2048,1,gallery,DOWNLOADED,image/jpeg,49984,research-assets/viridian-bay/aluminium-basin-planter-75/img-1.jpg
viridian-bay,cmtunftfr026gm50h9jvbnstb,https://viridianbay.com/cdn/shop/products/VB35036_1_b321a583-0583-4812-8a81-6e78a14d97cf.jpg?v=1707932180&width=1000,2,gallery,DOWNLOADED,image/jpeg,48255,research-assets/viridian-bay/aluminium-basin-planter-75/img-2.jpg
viridian-bay,cmtunftfr026gm50h9jvbnstb,https://viridianbay.com/cdn/shop/products/VB35036_f_121f563a-ff52-4fc4-be0c-bf5830e4d674.jpg?v=1707932180&width=1000,3,gallery,VALIDATED,image/jpeg,199156,
viridian-bay,cmtunftfr026gm50h9jvbnstb,https://viridianbay.com/cdn/shop/products/vb35036.jpg?v=1707932180&width=1000,4,gallery,VALIDATED,image/jpeg,196616,
viridian-bay,cmtunftfr026gm50h9jvbnstb,https://viridianbay.com/cdn/shop/products/vb35036-scale.jpg?v=1707932180&width=1000,5,gallery,VALIDATED,image/jpeg,222058,
viridian-bay,cmtunftfr026gm50h9jvbnstb,https://viridianbay.com/cdn/shop/products/VB35036_4_c04f14a8-b82c-4a48-9ac4-8ece154fd6b0.jpg?v=1707932180&width=1000,6,gallery,VALIDATED,image/jpeg,28757,
viridian-bay,cmtunftfr026gm50h9jvbnstb,https://viridianbay.com/cdn/shop/products/VB35036_8_46b5ef7a-ca45-4a6b-aeea-aa6de9daf581.jpg?v=1707932180&width=1000,7,gallery,VALIDATED,image/jpeg,51431,
viridian-bay,cmtunftfr026gm50h9jvbnstb,https://viridianbay.com/cdn/shop/products/vb35036-scale2.jpg?v=1707932180&width=1000,8,gallery,REJECTED,,,
viridian-bay,cmtung1jd0287m50hvcaqwojk,https://viridianbay.com/cdn/shop/products/VB35035_c_9a0be44e-e0f1-4336-b8ac-11938bb6fecb.jpg?v=1711756225&width=1920,0,primary,DOWNLOADED,image/jpeg,132264,research-assets/viridian-bay/aluminium-garden-planter/img-0.jpg
viridian-bay,cmtung1jd0287m50hvcaqwojk,https://cdn.shopify.com/s/files/1/1141/9284/products/VB35035_c_9a0be44e-e0f1-4336-b8ac-11938bb6fecb.jpg?v=1711756225,1,gallery,DOWNLOADED,image/jpeg,132264,research-assets/viridian-bay/aluminium-garden-planter/img-1.jpg
viridian-bay,cmtung1jd0287m50hvcaqwojk,http://viridianbay.com/cdn/shop/products/VB35035_c_9a0be44e-e0f1-4336-b8ac-11938bb6fecb.jpg?v=1711756225&width=2048,2,gallery,DOWNLOADED,image/jpeg,132264,research-assets/viridian-bay/aluminium-garden-planter/img-2.jpg
viridian-bay,cmtung1jd0287m50hvcaqwojk,https://viridianbay.com/cdn/shop/products/VB35035_c_9a0be44e-e0f1-4336-b8ac-11938bb6fecb.jpg?v=1711756225&width=1000,3,gallery,VALIDATED,image/jpeg,130486,
viridian-bay,cmtung1jd0287m50hvcaqwojk,https://viridianbay.com/cdn/shop/products/VB35035_4_9793e5b7-ce4e-4e72-9449-303ded4151a0.jpg?v=1711756225&width=1000,4,gallery,VALIDATED,image/jpeg,15416,
viridian-bay,cmtung1jd0287m50hvcaqwojk,https://viridianbay.com/cdn/shop/products/VB35035_3_0cdc2063-e176-4d15-bcfb-09939a0dc4d0.jpg?v=1711756225&width=1000,5,gallery,VALIDATED,image/jpeg,129894,
viridian-bay,cmtung1jd0287m50hvcaqwojk,https://viridianbay.com/cdn/shop/products/VB35035_e_ab6d83df-a077-4909-9f6f-28e9f111cc0b.jpg?v=1704923689&width=1000,6,gallery,VALIDATED,image/jpeg,185531,
viridian-bay,cmtung2op028gm50hii8bko18,https://viridianbay.com/cdn/shop/products/VB35037_1_d4851046-ccd1-4e4c-b473-4d2c6ac23511.jpg?v=1704923876&width=1920,0,primary,DOWNLOADED,image/jpeg,50546,research-assets/viridian-bay/aluminium-garden-accessory/img-0.jpg
viridian-bay,cmtung2op028gm50hii8bko18,https://cdn.shopify.com/s/files/1/1141/9284/products/VB35037_1_d4851046-ccd1-4e4c-b473-4d2c6ac23511.jpg?v=1704923876,1,gallery,DOWNLOADED,image/jpeg,50546,research-assets/viridian-bay/aluminium-garden-accessory/img-1.jpg
viridian-bay,cmtung2op028gm50hii8bko18,http://viridianbay.com/cdn/shop/products/VB35037_1_d4851046-ccd1-4e4c-b473-4d2c6ac23511.jpg?v=1704923876&width=2048,2,gallery,DOWNLOADED,image/jpeg,50546,research-assets/viridian-bay/aluminium-garden-accessory/img-2.jpg
viridian-bay,cmtung2op028gm50hii8bko18,https://viridianbay.com/cdn/shop/products/VB35037_1_d4851046-ccd1-4e4c-b473-4d2c6ac23511.jpg?v=1704923876&width=1000,3,gallery,VALIDATED,image/jpeg,48248,
viridian-bay,cmtung2op028gm50hii8bko18,https://viridianbay.com/cdn/shop/products/VB35037_a_dadf1ce5-d583-4936-b864-3c53028517e9.jpg?v=1704923876&width=1000,4,gallery,VALIDATED,image/jpeg,113871,
viridian-bay,cmtung2op028gm50hii8bko18,https://viridianbay.com/cdn/shop/products/VB35037_9_f4001646-31a2-48cb-9573-12c924a0e261.jpg?v=1704923876&width=1000,5,gallery,VALIDATED,image/jpeg,102511,
viridian-bay,cmtung2op028gm50hii8bko18,https://viridianbay.com/cdn/shop/files/VB35037_indoors.jpg?v=1776974975&width=1000,6,gallery,VALIDATED,image/jpeg,73325,
viridian-bay,cmtung7bo029gm50hwpabm1r8,https://viridianbay.com/cdn/shop/products/VB35044_6_dd8c6f1e-a067-4b10-871e-63128fd056d8.jpg?v=1704923094&width=1920,0,primary,DOWNLOADED,image/jpeg,125575,research-assets/viridian-bay/aluminium-echo-decorative-accent/img-0.jpg
viridian-bay,cmtung7bo029gm50hwpabm1r8,http://viridianbay.com/cdn/shop/products/VB35044_6_dd8c6f1e-a067-4b10-871e-63128fd056d8.jpg?v=1704923094&width=2048,1,gallery,DOWNLOADED,image/jpeg,125575,research-assets/viridian-bay/aluminium-echo-decorative-accent/img-1.jpg
viridian-bay,cmtung7bo029gm50hwpabm1r8,https://viridianbay.com/cdn/shop/products/VB35044_6_dd8c6f1e-a067-4b10-871e-63128fd056d8.jpg?v=1704923094&width=1000,2,gallery,DOWNLOADED,image/jpeg,121304,research-assets/viridian-bay/aluminium-echo-decorative-accent/img-2.jpg
viridian-bay,cmtung7bo029gm50hwpabm1r8,https://viridianbay.com/cdn/shop/files/VB35044.jpg?v=1710878612&width=1000,3,gallery,VALIDATED,image/jpeg,279383,
viridian-bay,cmtung7bo029gm50hwpabm1r8,https://viridianbay.com/cdn/shop/products/VB35044_1_280409c2-8c03-455d-add9-62de0f74698c.jpg?v=1710878612&width=1000,4,gallery,VALIDATED,image/jpeg,108474,
viridian-bay,cmtung7bo029gm50hwpabm1r8,https://viridianbay.com/cdn/shop/products/VB35044_b_e91e75cd-84c4-4c44-a21e-0f4a86af708b.jpg?v=1710878612&width=1000,5,gallery,VALIDATED,image/jpeg,142594,
viridian-bay,cmtung7bo029gm50hwpabm1r8,https://viridianbay.com/cdn/shop/products/VB35044_4_febcb0d2-d303-413d-9a2c-d0fef449efa3.jpg?v=1710878610&width=1000,6,gallery,VALIDATED,image/jpeg,97538,
viridian-bay,cmtung7bo029gm50hwpabm1r8,https://viridianbay.com/cdn/shop/products/VB35044_i_98c05664-ed77-46a7-afe3-7491d9f9b9ec.jpg?v=1710878610&width=1000,7,gallery,VALIDATED,image/jpeg,282707,
viridian-bay,cmtungfqi027gm53jej067gr2,https://viridianbay.com/cdn/shop/files/vb53045_ls.jpg?v=1709749640&width=1920,0,primary,DOWNLOADED,image/jpeg,119765,research-assets/viridian-bay/aluminium-garden-accessory-79/img-0.jpg
viridian-bay,cmtungfqi027gm53jej067gr2,http://viridianbay.com/cdn/shop/files/vb53045_ls.jpg?v=1709749640&width=2048,1,gallery,DOWNLOADED,image/jpeg,119765,research-assets/viridian-bay/aluminium-garden-accessory-79/img-1.jpg
viridian-bay,cmtungfqi027gm53jej067gr2,https://viridianbay.com/cdn/shop/files/vb53045_ls.jpg?v=1709749640&width=1000,2,gallery,DOWNLOADED,image/jpeg,120229,research-assets/viridian-bay/aluminium-garden-accessory-79/img-2.jpg
viridian-bay,cmtungfqi027gm53jej067gr2,https://viridianbay.com/cdn/shop/products/vb53045_1_4617ec52-3607-429a-b1d0-b29f32e97999.jpg?v=1709749640&width=1000,3,gallery,VALIDATED,image/jpeg,53108,
viridian-bay,cmtungfqi027gm53jej067gr2,https://viridianbay.com/cdn/shop/products/vb53045_42550b81-9be0-4500-932c-b63b74cd3722.jpg?v=1709749640&width=1000,4,gallery,VALIDATED,image/jpeg,51077,
viridian-bay,cmtungfqi027gm53jej067gr2,https://viridianbay.com/cdn/shop/files/vb53045_closeup.jpg?v=1709749640&width=1000,5,gallery,VALIDATED,image/jpeg,154241,
viridian-bay,cmtungfqi027gm53jej067gr2,https://viridianbay.com/cdn/shop/files/VB53045_ls2.jpg?v=1709749640&width=1000,6,gallery,VALIDATED,image/jpeg,94706,
viridian-bay,cmtungntm0296m53ja2pywngb,https://viridianbay.com/cdn/shop/products/vb23242-silo-b_b3e955df-439f-4e4a-a7b2-c9d6b7c22a37.jpg?v=1704921794&width=1920,0,primary,DOWNLOADED,image/jpeg,105107,research-assets/viridian-bay/ceramic-pot-planter/img-0.jpg
viridian-bay,cmtungntm0296m53ja2pywngb,http://viridianbay.com/cdn/shop/products/vb23242-silo-b_b3e955df-439f-4e4a-a7b2-c9d6b7c22a37.jpg?v=1704921794&width=2048,1,gallery,DOWNLOADED,image/jpeg,105107,research-assets/viridian-bay/ceramic-pot-planter/img-1.jpg
viridian-bay,cmtungntm0296m53ja2pywngb,https://viridianbay.com/cdn/shop/products/vb23242-silo-b_b3e955df-439f-4e4a-a7b2-c9d6b7c22a37.jpg?v=1704921794&width=1000,2,gallery,DOWNLOADED,image/jpeg,118629,research-assets/viridian-bay/ceramic-pot-planter/img-2.jpg
viridian-bay,cmtungntm0296m53ja2pywngb,https://viridianbay.com/cdn/shop/products/vb23242-zoom_120e11d8-2917-430c-9f8d-f8f5d3cedcaa.jpg?v=1710878404&width=1000,3,gallery,VALIDATED,image/jpeg,229314,
viridian-bay,cmtungntm0296m53ja2pywngb,https://viridianbay.com/cdn/shop/products/vb23242_vb23244-recolor_9a6243c6-ca25-40f8-a061-d18772dd77d0.jpg?v=1710878404&width=1000,4,gallery,VALIDATED,image/jpeg,225937,
viridian-bay,cmtungntm0296m53ja2pywngb,https://viridianbay.com/cdn/shop/products/vb23242-silo-a_b4e02b24-62a7-4d00-8d35-0f297bd49923.jpg?v=1710878404&width=1000,5,gallery,VALIDATED,image/jpeg,124471,
viridian-bay,cmtungntm0296m53ja2pywngb,https://viridianbay.com/cdn/shop/products/vb23242_2_recolor_c0321aaa-c447-47a6-bdb2-cde1e5113189.jpg?v=1704921794&width=1000,6,gallery,VALIDATED,image/jpeg,164307,
viridian-bay,cmtungozd029fm53jpbmi24lu,https://viridianbay.com/cdn/shop/products/vb23243-1_c9cd78eb-7499-453e-a692-f739b3ecda8f.jpg?v=1704921874&width=1920,0,primary,DOWNLOADED,image/jpeg,155441,research-assets/viridian-bay/ceramic-pot-planter-81/img-0.jpg
viridian-bay,cmtungozd029fm53jpbmi24lu,http://viridianbay.com/cdn/shop/products/vb23243-1_c9cd78eb-7499-453e-a692-f739b3ecda8f.jpg?v=1704921874&width=2048,1,gallery,DOWNLOADED,image/jpeg,155441,research-assets/viridian-bay/ceramic-pot-planter-81/img-1.jpg
viridian-bay,cmtungozd029fm53jpbmi24lu,https://viridianbay.com/cdn/shop/products/vb23243-1_c9cd78eb-7499-453e-a692-f739b3ecda8f.jpg?v=1704921874&width=1000,2,gallery,DOWNLOADED,image/jpeg,171425,research-assets/viridian-bay/ceramic-pot-planter-81/img-2.jpg
viridian-bay,cmtungozd029fm53jpbmi24lu,https://viridianbay.com/cdn/shop/products/vb23243-lifestyle_52486345-9dfb-41fb-b772-1f9d35d949ed.jpg?v=1704921874&width=1000,3,gallery,VALIDATED,image/jpeg,276524,
viridian-bay,cmtungozd029fm53jpbmi24lu,https://viridianbay.com/cdn/shop/products/vb23243-2_a5221792-b31b-4cf7-b698-386f4075bc8b.jpg?v=1704921874&width=1000,4,gallery,VALIDATED,image/jpeg,116796,
viridian-bay,cmtungozd029fm53jpbmi24lu,https://viridianbay.com/cdn/shop/products/vb23243-3_eca7dd59-c420-4a26-b5bb-3ab5bd32ac60.jpg?v=1704921874&width=1000,5,gallery,VALIDATED,image/jpeg,263145,
viridian-bay,cmtungozd029fm53jpbmi24lu,https://viridianbay.com/cdn/shop/products/vb23243-vb23245-lifestyle_e9ba27c7-7e1f-46b9-ae8b-e6b219427a9e.jpg?v=1704921874&width=1000,6,gallery,VALIDATED,image/jpeg,218440,
viridian-bay,cmtungqaw029om53j9i0v8yi9,https://viridianbay.com/cdn/shop/products/vb35074_4_3c2688a0-8643-4e7d-a0d1-1ce281d00b7f.jpg?v=1704922663&width=1920,0,primary,DOWNLOADED,image/jpeg,180246,research-assets/viridian-bay/aluminium-garden-planter-82/img-0.jpg
viridian-bay,cmtungqaw029om53j9i0v8yi9,http://viridianbay.com/cdn/shop/products/vb35074_4_3c2688a0-8643-4e7d-a0d1-1ce281d00b7f.jpg?v=1704922663&width=2048,1,gallery,DOWNLOADED,image/jpeg,180246,research-assets/viridian-bay/aluminium-garden-planter-82/img-1.jpg
viridian-bay,cmtungqaw029om53j9i0v8yi9,https://viridianbay.com/cdn/shop/products/vb35074_4_3c2688a0-8643-4e7d-a0d1-1ce281d00b7f.jpg?v=1704922663&width=1000,2,gallery,DOWNLOADED,image/jpeg,177177,research-assets/viridian-bay/aluminium-garden-planter-82/img-2.jpg
viridian-bay,cmtungqaw029om53j9i0v8yi9,https://viridianbay.com/cdn/shop/products/vb35074_2_11ce6af2-f826-42a5-91c2-c532a2ad6a7e.jpg?v=1725404868&width=1000,3,gallery,VALIDATED,image/jpeg,146019,
viridian-bay,cmtungqaw029om53j9i0v8yi9,https://viridianbay.com/cdn/shop/products/vb35074_3_1aafd0ea-5d52-4278-8cf0-2c9e2d267a98.jpg?v=1725404868&width=1000,4,gallery,VALIDATED,image/jpeg,155039,
viridian-bay,cmtungqaw029om53j9i0v8yi9,https://viridianbay.com/cdn/shop/products/vb35074_4a555718-c8d0-4c49-9823-6747c49fea8e.jpg?v=1725404868&width=1000,5,gallery,VALIDATED,image/jpeg,29247,
viridian-bay,cmtungqaw029om53j9i0v8yi9,https://viridianbay.com/cdn/shop/products/vb35074_1_987f9b59-1de5-4101-90b6-a782fed9076e.jpg?v=1725404868&width=1000,6,gallery,VALIDATED,image/jpeg,55498,
viridian-bay,cmtunh1qu02c6m53j1bnueu5o,https://viridianbay.com/cdn/shop/products/vb35076_3_30240dac-a387-487f-83dd-b53d9e7674b2.jpg?v=1768855727&width=1920,0,primary,DOWNLOADED,image/jpeg,169760,research-assets/viridian-bay/aluminium-gather-table-essential/img-0.jpg
viridian-bay,cmtunh1qu02c6m53j1bnueu5o,https://cdn.shopify.com/s/files/1/1141/9284/products/vb35076_3_30240dac-a387-487f-83dd-b53d9e7674b2.jpg?v=1768855727,1,gallery,DOWNLOADED,image/jpeg,169760,research-assets/viridian-bay/aluminium-gather-table-essential/img-1.jpg
viridian-bay,cmtunh1qu02c6m53j1bnueu5o,http://viridianbay.com/cdn/shop/products/vb35076_3_30240dac-a387-487f-83dd-b53d9e7674b2.jpg?v=1768855727&width=2048,2,gallery,DOWNLOADED,image/jpeg,169760,research-assets/viridian-bay/aluminium-gather-table-essential/img-2.jpg
viridian-bay,cmtunh1qu02c6m53j1bnueu5o,https://viridianbay.com/cdn/shop/products/vb35076_3_30240dac-a387-487f-83dd-b53d9e7674b2.jpg?v=1768855727&width=1000,3,gallery,VALIDATED,image/jpeg,165071,
viridian-bay,cmtunh1qu02c6m53j1bnueu5o,https://viridianbay.com/cdn/shop/products/vb35076_c8c7207a-3dea-419d-b700-f33a04ea5d91.jpg?v=1768855727&width=1000,4,gallery,VALIDATED,image/jpeg,106616,
viridian-bay,cmtunh1qu02c6m53j1bnueu5o,https://viridianbay.com/cdn/shop/products/vb35076_1_3107dde6-9882-4013-befc-4a940df422ff.jpg?v=1762283900&width=1000,5,gallery,VALIDATED,image/jpeg,103140,
viridian-bay,cmtunh1qu02c6m53j1bnueu5o,https://viridianbay.com/cdn/shop/products/vb35076_4_e035772f-d004-497b-b6f5-8098c98fa2c3.jpg?v=1762283900&width=1000,6,gallery,VALIDATED,image/jpeg,225703,
viridian-bay,cmtunh1qu02c6m53j1bnueu5o,https://viridianbay.com/cdn/shop/products/vb35076_5_20155c7a-1fef-4dd2-addb-136393bfb34b.jpg?v=1762283900&width=1000,7,gallery,VALIDATED,image/jpeg,190349,
viridian-bay,cmtunh1qu02c6m53j1bnueu5o,https://viridianbay.com/cdn/shop/products/vb35076_2_4588cb14-0df3-4fa7-a54e-203bbc5a5b86.jpg?v=1704921849&width=1000,8,gallery,REJECTED,,,
viridian-bay,cmtunh2y402cfm53jftysn6t8,https://viridianbay.com/cdn/shop/products/vb35094_6fd6956c-a310-4873-96a7-e609d614894b.jpg?v=1704921636&width=1920,0,primary,DOWNLOADED,image/jpeg,96262,research-assets/viridian-bay/aluminium-shade-outdoor-piece-84/img-0.jpg
viridian-bay,cmtunh2y402cfm53jftysn6t8,http://viridianbay.com/cdn/shop/products/vb35094_6fd6956c-a310-4873-96a7-e609d614894b.jpg?v=1704921636&width=2048,1,gallery,DOWNLOADED,image/jpeg,96262,research-assets/viridian-bay/aluminium-shade-outdoor-piece-84/img-1.jpg
viridian-bay,cmtunh2y402cfm53jftysn6t8,https://viridianbay.com/cdn/shop/products/vb35094_6fd6956c-a310-4873-96a7-e609d614894b.jpg?v=1704921636&width=1000,2,gallery,DOWNLOADED,image/jpeg,92298,research-assets/viridian-bay/aluminium-shade-outdoor-piece-84/img-2.jpg
viridian-bay,cmtunh2y402cfm53jftysn6t8,https://viridianbay.com/cdn/shop/products/vb35094_3_2939935e-9776-468f-818f-7abad8956638.jpg?v=1704921636&width=1000,3,gallery,VALIDATED,image/jpeg,217125,
viridian-bay,cmtunh2y402cfm53jftysn6t8,https://viridianbay.com/cdn/shop/products/vb35094_2_709cbe8d-116e-4460-9289-8eb8cff28eef.jpg?v=1704921636&width=1000,4,gallery,VALIDATED,image/jpeg,90593,
viridian-bay,cmtunh2y402cfm53jftysn6t8,https://viridianbay.com/cdn/shop/products/vb35094_1_25215ee8-b6c5-415a-8889-3b997aeab3a2.jpg?v=1704921636&width=1000,5,gallery,VALIDATED,image/jpeg,83142,
viridian-bay,cmtunh6e702d6m53j1udycha3,https://viridianbay.com/cdn/shop/products/VB35106_edcda0ae-a00e-427f-9311-e6364ecb3a53.jpg?v=1724456650&width=1920,0,primary,DOWNLOADED,image/jpeg,122590,research-assets/viridian-bay/aluminium-gather-table-essential-85/img-0.jpg
viridian-bay,cmtunh6e702d6m53j1udycha3,http://viridianbay.com/cdn/shop/products/VB35106_edcda0ae-a00e-427f-9311-e6364ecb3a53.jpg?v=1724456650&width=2048,1,gallery,DOWNLOADED,image/jpeg,122590,research-assets/viridian-bay/aluminium-gather-table-essential-85/img-1.jpg
viridian-bay,cmtunh6e702d6m53j1udycha3,https://viridianbay.com/cdn/shop/products/VB35106_edcda0ae-a00e-427f-9311-e6364ecb3a53.jpg?v=1724456650&width=1000,2,gallery,DOWNLOADED,image/jpeg,119381,research-assets/viridian-bay/aluminium-gather-table-essential-85/img-2.jpg
viridian-bay,cmtunh6e702d6m53j1udycha3,https://viridianbay.com/cdn/shop/products/vb35106_b_716deafe-fdd5-4f72-a071-00dbcb0e6c07.jpg?v=1724456650&width=1000,3,gallery,VALIDATED,image/jpeg,253289,
viridian-bay,cmtunh6e702d6m53j1udycha3,https://viridianbay.com/cdn/shop/products/VB35106_1_cce4a814-38e9-4688-8e0f-8f279be9c07e.jpg?v=1704921273&width=1000,4,gallery,VALIDATED,image/jpeg,110869,
viridian-bay,cmtunh6e702d6m53j1udycha3,https://viridianbay.com/cdn/shop/products/VB35106_2_6ad82b96-564e-4551-bd3c-5f4862d1353f.jpg?v=1704921273&width=1000,5,gallery,VALIDATED,image/jpeg,142751,
viridian-bay,cmtunh6e702d6m53j1udycha3,https://viridianbay.com/cdn/shop/products/VB35106_3_0d402971-05ad-472f-8213-778e771e0a1f.jpg?v=1704921273&width=1000,6,gallery,VALIDATED,image/jpeg,208492,
viridian-bay,cmtunh6e702d6m53j1udycha3,https://viridianbay.com/cdn/shop/products/VB35106_4_a8b5522e-fec0-41eb-94d7-c2bd80c64c8f.jpg?v=1704921273&width=1000,7,gallery,VALIDATED,image/jpeg,154966,
viridian-bay,cmtunh6e702d6m53j1udycha3,https://viridianbay.com/cdn/shop/products/vb35106_c_7434a450-9562-45af-9d7f-f4e222079929.jpg?v=1704921273&width=1000,8,gallery,REJECTED,,,
viridian-bay,cmtunh6e702d6m53j1udycha3,https://viridianbay.com/cdn/shop/products/vb35106_a_3b2b7fb7-2b84-48f0-8804-d75272af822d.jpg?v=1704921273&width=1000,9,gallery,REJECTED,,,
viridian-bay,cmtunhazu02e6m53jbnd356ba,https://viridianbay.com/cdn/shop/products/vb35131-a_2fcc0386-a1d0-417f-a23d-3acf3156ba6f.jpg?v=1704921321&width=1920,0,primary,DOWNLOADED,image/jpeg,166542,research-assets/viridian-bay/aluminium-echo-decorative-accent-86/img-0.jpg
viridian-bay,cmtunhazu02e6m53jbnd356ba,http://viridianbay.com/cdn/shop/products/vb35131-a_2fcc0386-a1d0-417f-a23d-3acf3156ba6f.jpg?v=1704921321&width=2048,1,gallery,DOWNLOADED,image/jpeg,166542,research-assets/viridian-bay/aluminium-echo-decorative-accent-86/img-1.jpg
viridian-bay,cmtunhazu02e6m53jbnd356ba,https://viridianbay.com/cdn/shop/products/vb35131-a_2fcc0386-a1d0-417f-a23d-3acf3156ba6f.jpg?v=1704921321&width=1000,2,gallery,DOWNLOADED,image/jpeg,177629,research-assets/viridian-bay/aluminium-echo-decorative-accent-86/img-2.jpg
viridian-bay,cmtunhazu02e6m53jbnd356ba,https://viridianbay.com/cdn/shop/products/vb35131_d7da549f-08af-4d59-ae78-342fb98eaeb1.jpg?v=1704921321&width=1000,3,gallery,VALIDATED,image/jpeg,95117,
viridian-bay,cmtunhazu02e6m53jbnd356ba,https://viridianbay.com/cdn/shop/products/vb35131_4_9828f1a3-3d07-4bb1-b1f0-b18f78a2f58c.jpg?v=1704921321&width=1000,4,gallery,VALIDATED,image/jpeg,115046,
viridian-bay,cmtunhazu02e6m53jbnd356ba,https://viridianbay.com/cdn/shop/products/vb35131_1_1a7d4fab-fefe-46b0-8d4b-ffe80d567b51.jpg?v=1704921321&width=1000,5,gallery,VALIDATED,image/jpeg,86273,
viridian-bay,cmtunhazu02e6m53jbnd356ba,https://viridianbay.com/cdn/shop/products/vb35131_2_62d5edad-38b5-41ab-827e-b1f5f6fa1da5.jpg?v=1704921321&width=1000,6,gallery,VALIDATED,image/jpeg,93580,
viridian-bay,cmtunhazu02e6m53jbnd356ba,https://viridianbay.com/cdn/shop/products/vb35131_3_eb74e98e-df25-4be5-b813-d64a82261a41.jpg?v=1704921321&width=1000,7,gallery,VALIDATED,image/jpeg,90790,
viridian-bay,cmtunhmki02gmm53j5o16dghk,https://viridianbay.com/cdn/shop/products/VB35149_f916e6a5-56fc-4393-9a40-22a7d6d0eac7.jpg?v=1704921589&width=1920,0,primary,DOWNLOADED,image/jpeg,38168,research-assets/viridian-bay/mirror-curve-decorative-accent-87/img-0.jpg
viridian-bay,cmtunhmki02gmm53j5o16dghk,http://viridianbay.com/cdn/shop/products/VB35149_f916e6a5-56fc-4393-9a40-22a7d6d0eac7.jpg?v=1704921589&width=2048,1,gallery,DOWNLOADED,image/jpeg,38168,research-assets/viridian-bay/mirror-curve-decorative-accent-87/img-1.jpg
viridian-bay,cmtunhmki02gmm53j5o16dghk,https://viridianbay.com/cdn/shop/products/VB35149_f916e6a5-56fc-4393-9a40-22a7d6d0eac7.jpg?v=1704921589&width=1000,2,gallery,DOWNLOADED,image/jpeg,36986,research-assets/viridian-bay/mirror-curve-decorative-accent-87/img-2.jpg
viridian-bay,cmtunhmki02gmm53j5o16dghk,https://viridianbay.com/cdn/shop/products/VB35149_1_5e90a657-0a57-40c2-9aec-3248fadfd89c.jpg?v=1704921589&width=1000,3,gallery,VALIDATED,image/jpeg,31056,
viridian-bay,cmtunhmki02gmm53j5o16dghk,https://viridianbay.com/cdn/shop/products/VB35149_2_838dd9f6-0163-4a6b-ad4b-8a79410b144c.jpg?v=1704921589&width=1000,4,gallery,VALIDATED,image/jpeg,86900,
viridian-bay,cmtunhmki02gmm53j5o16dghk,https://viridianbay.com/cdn/shop/products/VB35149-VB35148_567652d9-b267-4c24-87bd-0a855644de9a.jpg?v=1704921589&width=1000,5,gallery,VALIDATED,image/jpeg,125409,
viridian-bay,cmtunhmki02gmm53j5o16dghk,https://cdn.shopify.com/s/files/1/1141/9284/files/vb35148-hummer-jewelry-holder_240x240.jpg?v=1668182894,6,gallery,VALIDATED,image/jpeg,10924,
viridian-bay,cmtunhq3402hdm53jda6fsprg,https://viridianbay.com/cdn/shop/products/VB35155_4_0e9e6218-0a89-4004-9e88-bdac709ce2c1.jpg?v=1709772881&width=1920,0,primary,DOWNLOADED,image/jpeg,183950,research-assets/viridian-bay/aluminium-garden-accessory-88/img-0.jpg
viridian-bay,cmtunhq3402hdm53jda6fsprg,http://viridianbay.com/cdn/shop/products/VB35155_4_0e9e6218-0a89-4004-9e88-bdac709ce2c1.jpg?v=1709772881&width=2048,1,gallery,DOWNLOADED,image/jpeg,183950,research-assets/viridian-bay/aluminium-garden-accessory-88/img-1.jpg
viridian-bay,cmtunhq3402hdm53jda6fsprg,https://viridianbay.com/cdn/shop/products/VB35155_4_0e9e6218-0a89-4004-9e88-bdac709ce2c1.jpg?v=1709772881&width=1000,2,gallery,DOWNLOADED,image/jpeg,182240,research-assets/viridian-bay/aluminium-garden-accessory-88/img-2.jpg
viridian-bay,cmtunhq3402hdm53jda6fsprg,https://viridianbay.com/cdn/shop/products/VB35155_1_0e07fd4b-b8be-44a4-b3cf-11cd541c78d9.jpg?v=1709772881&width=1000,3,gallery,VALIDATED,image/jpeg,171891,
viridian-bay,cmtunhq3402hdm53jda6fsprg,https://viridianbay.com/cdn/shop/products/VB35155_5_f3479fae-0060-4ddb-95f8-2ea87d956bce.jpg?v=1709772881&width=1000,4,gallery,VALIDATED,image/jpeg,169813,
viridian-bay,cmtunhq3402hdm53jda6fsprg,https://viridianbay.com/cdn/shop/products/VB35155_2_35064b01-da3b-436d-915c-e7711c397b8e.jpg?v=1709772878&width=1000,5,gallery,VALIDATED,image/jpeg,172660,
viridian-bay,cmtunhq3402hdm53jda6fsprg,https://viridianbay.com/cdn/shop/products/VB35155_3_ab1359bf-7f4c-40ff-b915-d5f43caa6351.jpg?v=1704922753&width=1000,6,gallery,VALIDATED,image/jpeg,168524,
viridian-bay,cmtunhq3402hdm53jda6fsprg,https://viridianbay.com/cdn/shop/products/VB35155_94272709-ebc1-48a0-8cd9-b66e128c5228.jpg?v=1704922753&width=1000,7,gallery,VALIDATED,image/jpeg,139260,
ferm-living,cmtun4q11009xm53joj4crjdy,https://fermliving.com/cdn/shop/files/246240_1104272241_1.png?v=1762178074,0,primary,DOWNLOADED,image/png,246288,research-assets/ferm-living/cotton-touch-home-accessory/img-0.png
ferm-living,cmtun4q11009xm53joj4crjdy,https://fermliving.com/cdn/shop/files/246240_1104272241_1_x1200.png?v=1762178074,1,gallery,DOWNLOADED,image/png,126273,research-assets/ferm-living/cotton-touch-home-accessory/img-1.png
ferm-living,cmtun4qn400a6m53j4clcqh7t,https://fermliving.com/cdn/shop/files/1104272315_1.png?v=1762246014,0,primary,DOWNLOADED,image/png,150097,research-assets/ferm-living/glow-lamp/img-0.png
ferm-living,cmtun4qn400a6m53j4clcqh7t,https://fermliving.com/cdn/shop/files/1104272315_1_x1200.png?v=1762246014,1,gallery,DOWNLOADED,image/png,67218,research-assets/ferm-living/glow-lamp/img-1.png
ferm-living,cmtun4sx100amm53jweo30aid,https://fermliving.com/cdn/shop/files/1104272321_1_db164993-52a5-4481-b6e5-c02f45f72a7b.png?v=1762245634,0,primary,DOWNLOADED,image/png,137282,research-assets/ferm-living/minimalist-home-accessory-91/img-0.png
ferm-living,cmtun4sx100amm53jweo30aid,https://fermliving.com/cdn/shop/files/1104272321_1_db164993-52a5-4481-b6e5-c02f45f72a7b_x1200.png?v=1762245634,1,gallery,DOWNLOADED,image/png,72340,research-assets/ferm-living/minimalist-home-accessory-91/img-1.png
ferm-living,cmtun4u3100aum53jptifyi2d,https://fermliving.com/cdn/shop/files/529654_1104272378_1.png?v=1762178106,0,primary,DOWNLOADED,image/png,529702,research-assets/ferm-living/cotton-touch-home-accessory-92/img-0.png
ferm-living,cmtun4u3100aum53jptifyi2d,https://fermliving.com/cdn/shop/files/529654_1104272378_1_x1200.png?v=1762178106,1,gallery,DOWNLOADED,image/png,276078,research-assets/ferm-living/cotton-touch-home-accessory-92/img-1.png
lewpe,cmtunasjd0101m53jpq4mb69a,http://www.lewpe.com/cdn/shop/files/setubal-v0-product-photo.png?v=1779220127&width=2048,0,primary,DOWNLOADED,image/png,1348573,research-assets/lewpe/glass-glow-lamp/img-0.png
lewpe,cmtunasjd0101m53jpq4mb69a,https://www.lewpe.com/cdn/shop/files/setubal-v0-product-photo.png?v=1779220127&width=1000,1,gallery,DOWNLOADED,image/png,1283233,research-assets/lewpe/glass-glow-lamp/img-1.png
lewpe,cmtunasjd0101m53jpq4mb69a,https://www.lewpe.com/cdn/shop/files/setubal-v1-brass-amber-globe-product-photo.png?v=1779220127&width=1000,2,gallery,DOWNLOADED,image/png,1281950,research-assets/lewpe/glass-glow-lamp/img-2.png
lewpe,cmtunasjd0101m53jpq4mb69a,https://www.lewpe.com/cdn/shop/files/setubal-v3-chrome-white-globe-product-photo.png?v=1779220127&width=1000,3,gallery,VALIDATED,image/png,1243251,
lewpe,cmtunasjd0101m53jpq4mb69a,https://www.lewpe.com/cdn/shop/files/setubal-v2-chrome-amber-globe-product-photo.png?v=1779220127&width=1000,4,gallery,VALIDATED,image/png,1265443,
lewpe,cmtunasjd0101m53jpq4mb69a,https://www.lewpe.com/cdn/shop/files/setubal-front-view-lit-product-1.png?v=1780192328&width=800,5,gallery,VALIDATED,image/png,1085858,
lewpe,cmtunasjd0101m53jpq4mb69a,https://www.lewpe.com/cdn/shop/files/setubal-side-angle-iron-arm-product-2.png?v=1780192328&width=800,6,gallery,VALIDATED,image/png,1088464,
lewpe,cmtunasjd0101m53jpq4mb69a,https://www.lewpe.com/cdn/shop/files/setubal-globe-fitting-detail-product-3.png?v=1780192328&width=800,7,gallery,VALIDATED,image/png,963157,
lewpe,cmtunasjd0101m53jpq4mb69a,https://www.lewpe.com/cdn/shop/files/setubal-wall-mounted-room-lifestyle-1.png?v=1780192336&width=800,8,gallery,REJECTED,,,
lewpe,cmtunasjd0101m53jpq4mb69a,https://www.lewpe.com/cdn/shop/files/setubal-v0-product-photo.png?v=1779220127&width=168,9,gallery,REJECTED,,,
lewpe,cmtunasjd0101m53jpq4mb69a,https://www.lewpe.com/cdn/shop/files/setubal-v1-brass-amber-globe-product-photo.png?v=1779220127&width=168,10,gallery,REJECTED,,,
lewpe,cmtunasjd0101m53jpq4mb69a,https://www.lewpe.com/cdn/shop/files/setubal-v3-chrome-white-globe-product-photo.png?v=1779220127&width=168,11,gallery,REJECTED,,,
lewpe,cmtunasjd0101m53jpq4mb69a,https://www.lewpe.com/cdn/shop/files/setubal-v2-chrome-amber-globe-product-photo.png?v=1779220127&width=168,12,gallery,REJECTED,,,
lewpe,cmtunasjd0101m53jpq4mb69a,https://www.lewpe.com/cdn/shop/files/setubal-front-view-lit-product-1.png?v=1780192328&width=168,13,gallery,REJECTED,,,
lewpe,cmtunasjd0101m53jpq4mb69a,https://www.lewpe.com/cdn/shop/files/setubal-side-angle-iron-arm-product-2.png?v=1780192328&width=168,14,gallery,REJECTED,,,
lewpe,cmtunasjd0101m53jpq4mb69a,https://www.lewpe.com/cdn/shop/files/setubal-globe-fitting-detail-product-3.png?v=1780192328&width=168,15,gallery,REJECTED,,,
lewpe,cmtunasjd0101m53jpq4mb69a,https://www.lewpe.com/cdn/shop/files/setubal-wall-mounted-room-lifestyle-1.png?v=1780192336&width=168,16,gallery,REJECTED,,,
cozy-garden,cmtunc4ld01bum53jpqszia1a,https://thecozygarden.com/cdn/shop/files/45919.jpg?v=1778092116&width=1920,0,primary,DOWNLOADED,image/jpeg,41893,research-assets/cozy-garden/acacia-rhythm-wall-panel/img-0.jpg
cozy-garden,cmtunc4ld01bum53jpqszia1a,http://thecozygarden.com/cdn/shop/files/45919.jpg?v=1778092116,1,gallery,DOWNLOADED,image/jpeg,41893,research-assets/cozy-garden/acacia-rhythm-wall-panel/img-1.jpg
cozy-garden,cmtunc4ld01bum53jpqszia1a,https://thecozygarden.com/cdn/shop/files/45919.jpg?v=1778092116&width=3840,2,gallery,DOWNLOADED,image/jpeg,41893,research-assets/cozy-garden/acacia-rhythm-wall-panel/img-2.jpg
cozy-garden,cmtunc4ld01bum53jpqszia1a,https://thecozygarden.com/cdn/shop/files/45919_64031558.jpg?v=1778092116&width=3840,3,gallery,VALIDATED,image/jpeg,37915,
cozy-garden,cmtunc4ld01bum53jpqszia1a,https://thecozygarden.com/cdn/shop/files/45919_64031559.jpg?v=1778092116&width=3840,4,gallery,VALIDATED,image/jpeg,61701,
cozy-garden,cmtunc4ld01bum53jpqszia1a,https://thecozygarden.com/cdn/shop/files/45919_64031560.jpg?v=1778092116&width=3840,5,gallery,VALIDATED,image/jpeg,66655,
cozy-garden,cmtunc4ld01bum53jpqszia1a,https://thecozygarden.com/cdn/shop/files/45919_64031561.jpg?v=1778092116&width=3840,6,gallery,VALIDATED,image/jpeg,100477,
cozy-garden,cmtunc4ld01bum53jpqszia1a,https://thecozygarden.com/cdn/shop/files/45919_64031562.jpg?v=1778092116&width=3840,7,gallery,VALIDATED,image/jpeg,63714,
cozy-garden,cmtunc4ld01bum53jpqszia1a,https://thecozygarden.com/cdn/shop/files/45919.jpg?v=1778092116&width=832,8,gallery,REJECTED,,,
cozy-garden,cmtunc4ld01bum53jpqszia1a,https://thecozygarden.com/cdn/shop/files/45919_64031558.jpg?v=1778092116&width=832,9,gallery,REJECTED,,,
cozy-garden,cmtunc4ld01bum53jpqszia1a,https://thecozygarden.com/cdn/shop/files/45919_64031559.jpg?v=1778092116&width=832,10,gallery,REJECTED,,,
cozy-garden,cmtunc4ld01bum53jpqszia1a,https://thecozygarden.com/cdn/shop/files/45919_64031560.jpg?v=1778092116&width=832,11,gallery,REJECTED,,,
cozy-garden,cmtunc4ld01bum53jpqszia1a,https://thecozygarden.com/cdn/shop/files/45919_64031561.jpg?v=1778092116&width=832,12,gallery,REJECTED,,,
cozy-garden,cmtunc4ld01bum53jpqszia1a,https://thecozygarden.com/cdn/shop/files/45919_64031562.jpg?v=1778092116&width=832,13,gallery,REJECTED,,,
cozy-garden,cmtundjnx01mxm53j8cx1jz05,https://thecozygarden.com/cdn/shop/files/GWRBH3150692871.jpg?v=1781134137&width=1920,0,primary,DOWNLOADED,image/jpeg,89727,research-assets/cozy-garden/iron-red-ambient-lamp/img-0.jpg
cozy-garden,cmtundjnx01mxm53j8cx1jz05,http://thecozygarden.com/cdn/shop/files/GWRBH3150692871.jpg?v=1781134137,1,gallery,DOWNLOADED,image/jpeg,89727,research-assets/cozy-garden/iron-red-ambient-lamp/img-1.jpg
cozy-garden,cmtundjnx01mxm53j8cx1jz05,https://thecozygarden.com/cdn/shop/files/GWRBH3150692871.jpg?v=1781134137&width=3840,2,gallery,DOWNLOADED,image/jpeg,89727,research-assets/cozy-garden/iron-red-ambient-lamp/img-2.jpg
cozy-garden,cmtundjnx01mxm53j8cx1jz05,https://thecozygarden.com/cdn/shop/files/GWRBH3150692871_73669470.jpg?v=1781134137&width=3840,3,gallery,VALIDATED,image/jpeg,165153,
cozy-garden,cmtundjnx01mxm53j8cx1jz05,https://thecozygarden.com/cdn/shop/files/GWRBH3150692871_73669471.jpg?v=1781134137&width=3840,4,gallery,VALIDATED,image/jpeg,74800,
cozy-garden,cmtundjnx01mxm53j8cx1jz05,https://thecozygarden.com/cdn/shop/files/GWRBH3150692871.jpg?v=1781134137&width=832,5,gallery,VALIDATED,image/jpeg,77755,
cozy-garden,cmtundjnx01mxm53j8cx1jz05,https://thecozygarden.com/cdn/shop/files/GWRBH3150692871_73669470.jpg?v=1781134137&width=832,6,gallery,VALIDATED,image/jpeg,144932,
cozy-garden,cmtundjnx01mxm53j8cx1jz05,https://thecozygarden.com/cdn/shop/files/GWRBH3150692871_73669471.jpg?v=1781134137&width=832,7,gallery,VALIDATED,image/jpeg,65751,
cozy-garden,cmtunechn01tbm53ju50j98vi,https://thecozygarden.com/cdn/shop/files/MLWRGBN14583917.jpg?v=1781134625&width=1920,0,primary,DOWNLOADED,image/jpeg,81733,research-assets/cozy-garden/wood-natural-vessel-planter/img-0.jpg
cozy-garden,cmtunechn01tbm53ju50j98vi,http://thecozygarden.com/cdn/shop/files/MLWRGBN14583917.jpg?v=1781134625,1,gallery,DOWNLOADED,image/jpeg,81733,research-assets/cozy-garden/wood-natural-vessel-planter/img-1.jpg
cozy-garden,cmtunechn01tbm53ju50j98vi,https://thecozygarden.com/cdn/shop/files/MLWRGBN14583917.jpg?v=1781134625&width=3840,2,gallery,DOWNLOADED,image/jpeg,81733,research-assets/cozy-garden/wood-natural-vessel-planter/img-2.jpg
cozy-garden,cmtunechn01tbm53ju50j98vi,https://thecozygarden.com/cdn/shop/files/MLWRGBN14583917_73669446.jpg?v=1781134626&width=3840,3,gallery,VALIDATED,image/jpeg,114157,
cozy-garden,cmtunechn01tbm53ju50j98vi,https://thecozygarden.com/cdn/shop/files/MLWRGBN14583917_73669447.jpg?v=1781134626&width=3840,4,gallery,VALIDATED,image/jpeg,149755,
cozy-garden,cmtunechn01tbm53ju50j98vi,https://thecozygarden.com/cdn/shop/files/MLWRGBN14583917.jpg?v=1781134625&width=832,5,gallery,VALIDATED,image/jpeg,71330,
cozy-garden,cmtunechn01tbm53ju50j98vi,https://thecozygarden.com/cdn/shop/files/MLWRGBN14583917_73669446.jpg?v=1781134626&width=832,6,gallery,VALIDATED,image/jpeg,103365,
cozy-garden,cmtunechn01tbm53ju50j98vi,https://thecozygarden.com/cdn/shop/files/MLWRGBN14583917_73669447.jpg?v=1781134626&width=832,7,gallery,VALIDATED,image/jpeg,125639,
viridian-bay,cmtunf8w701ycm53j3tfr8l6i,https://viridianbay.com/cdn/shop/files/VB34544_ls.jpg?v=1709751108&width=1920,0,primary,DOWNLOADED,image/jpeg,115310,research-assets/viridian-bay/pine-soft-home-accessory/img-0.jpg
viridian-bay,cmtunf8w701ycm53j3tfr8l6i,http://viridianbay.com/cdn/shop/files/VB34544_ls.jpg?v=1709751108&width=2048,1,gallery,DOWNLOADED,image/jpeg,115310,research-assets/viridian-bay/pine-soft-home-accessory/img-1.jpg
viridian-bay,cmtunf8w701ycm53j3tfr8l6i,https://viridianbay.com/cdn/shop/files/VB34544_ls.jpg?v=1709751108&width=1000,2,gallery,DOWNLOADED,image/jpeg,180135,research-assets/viridian-bay/pine-soft-home-accessory/img-2.jpg
viridian-bay,cmtunf8w701ycm53j3tfr8l6i,https://viridianbay.com/cdn/shop/files/vb53045_3.jpg?v=1709751108&width=1000,3,gallery,VALIDATED,image/jpeg,37806,
viridian-bay,cmtunf8w701ycm53j3tfr8l6i,https://viridianbay.com/cdn/shop/products/vb34544_57cd4e0b-9472-4ab1-8314-47fb0f9b6f21.jpg?v=1709751108&width=1000,4,gallery,VALIDATED,image/jpeg,41623,
viridian-bay,cmtunglih028om53j8iimu27d,https://viridianbay.com/cdn/shop/files/joyride.jpg?v=1726164504&width=1920,0,primary,DOWNLOADED,image/jpeg,194522,research-assets/viridian-bay/aluminium-touch-home-accessory-98/img-0.jpg
viridian-bay,cmtunglih028om53j8iimu27d,http://viridianbay.com/cdn/shop/files/joyride.jpg?v=1726164504&width=2048,1,gallery,DOWNLOADED,image/jpeg,194522,research-assets/viridian-bay/aluminium-touch-home-accessory-98/img-1.jpg
viridian-bay,cmtunglih028om53j8iimu27d,https://viridianbay.com/cdn/shop/files/joyride.jpg?v=1726164504&width=1000,2,gallery,DOWNLOADED,image/jpeg,185271,research-assets/viridian-bay/aluminium-touch-home-accessory-98/img-2.jpg
viridian-bay,cmtunglih028om53j8iimu27d,https://viridianbay.com/cdn/shop/products/VB35067_close-up_49205df4-d2d1-4ea0-8077-805bd29c3a93.jpg?v=1719000599&width=1000,3,gallery,VALIDATED,image/jpeg,195546,
viridian-bay,cmtunglih028om53j8iimu27d,https://viridianbay.com/cdn/shop/products/VB35067_1_592412e5-2894-4142-9cd8-c5f26a5605b7.jpg?v=1704923634&width=1000,4,gallery,VALIDATED,image/jpeg,45259,
viridian-bay,cmtunglih028om53j8iimu27d,https://viridianbay.com/cdn/shop/products/VB35067_2_9306b61c-9fea-4035-a5c3-8346e19c6e3f.jpg?v=1719000599&width=1000,5,gallery,VALIDATED,image/jpeg,45350,
ferm-living,cmtun539g00gwm50hpw1qauc9,https://fermliving.com/cdn/shop/files/688295_1104272433_1.png?v=1762177793,0,primary,DOWNLOADED,image/png,688343,research-assets/ferm-living/bamboo-pinboard-light-celedon/img-0.png
ferm-living,cmtun539g00gwm50hpw1qauc9,https://fermliving.com/cdn/shop/files/688295_1104272433_1_x1200.png?v=1762177793,1,gallery,DOWNLOADED,image/png,339323,research-assets/ferm-living/bamboo-pinboard-light-celedon/img-1.png
ferm-living,cmtun4u3100aum53jptifyi2d,https://fermliving.com/cdn/shop/files/529654_1104272378_1.png?v=1762178106,0,primary,DOWNLOADED,image/png,529702,research-assets/ferm-living/cotton-undyed-cushion-cover/img-0.png
ferm-living,cmtun4u3100aum53jptifyi2d,https://fermliving.com/cdn/shop/files/529654_1104272378_1_x1200.png?v=1762178106,1,gallery,DOWNLOADED,image/png,276078,research-assets/ferm-living/cotton-undyed-cushion-cover/img-1.png
viridian-bay,cmtumer7x0279m5et7dg0ni1j,http://viridianbay.com/cdn/shop/products/PB34379-palazzolantern-corrected_6702cf82-cf9d-4a26-bbb1-f4334ebab474.jpg?v=1710264833&width=2048,0,primary,DOWNLOADED,image/jpeg,177588,research-assets/viridian-bay/glass-palazzo-lantern/img-0.jpg
viridian-bay,cmtumer7x0279m5et7dg0ni1j,https://viridianbay.com/cdn/shop/products/PB34379-palazzolantern-corrected_6702cf82-cf9d-4a26-bbb1-f4334ebab474.jpg?v=1710264833&width=1000,1,gallery,DOWNLOADED,image/jpeg,195627,research-assets/viridian-bay/glass-palazzo-lantern/img-1.jpg
viridian-bay,cmtumer7x0279m5et7dg0ni1j,https://viridianbay.com/cdn/shop/products/pb34380_a6bc31d9-3942-469e-90af-1237c09ca0bf.jpg?v=1710264833&width=1000,2,gallery,DOWNLOADED,image/jpeg,44045,research-assets/viridian-bay/glass-palazzo-lantern/img-2.jpg
viridian-bay,cmtumer7x0279m5et7dg0ni1j,https://viridianbay.com/cdn/shop/products/pb34379_43f3e7a8-c556-49b4-b5a4-b2c03dfa6502.jpg?v=1710264833&width=1000,3,gallery,VALIDATED,image/jpeg,40167,
viridian-bay,cmtumer7x0279m5et7dg0ni1j,https://viridianbay.com/cdn/shop/products/palazzo.jpg?v=1710264833&width=1000,4,gallery,VALIDATED,image/jpeg,121764,
viridian-bay,cmtumer7x0279m5et7dg0ni1j,https://viridianbay.com/cdn/shop/products/lanterns1_f88e0710-78c8-4e24-a97e-e3af0b1bcff9.jpg?v=1710264833&width=1000,5,gallery,VALIDATED,image/jpeg,174940,
viridian-bay,cmtumer7x0279m5et7dg0ni1j,https://viridianbay.com/cdn/shop/products/lanterns2_8e701115-d4fb-4c88-bbff-e41b3dfbd3d9.jpg?v=1704929254&width=1000,6,gallery,VALIDATED,image/jpeg,305350,
ferm-living,cmtum72u000lum5et2krybi2g,https://fermliving.com/cdn/shop/files/399364_1104271124_1.png?v=1762178650,0,primary,DOWNLOADED,image/png,399412,research-assets/ferm-living/eddy-vase-polished/img-0.png
ferm-living,cmtum72u000lum5et2krybi2g,https://fermliving.com/cdn/shop/files/399364_1104271124_1_x1200.png?v=1762178650,1,gallery,DOWNLOADED,image/png,230476,research-assets/ferm-living/eddy-vase-polished/img-1.png
cozy-garden,cmtumdkeg0200m5etsaekpwuw,https://thecozygarden.com/cdn/shop/files/PELTLTHKTZ6J1Y3E6001V0.jpg?v=1774657449&width=1920,0,primary,DOWNLOADED,image/jpeg,363945,research-assets/cozy-garden/rattan-patio-garden-backyard/img-0.jpg
cozy-garden,cmtumdkeg0200m5etsaekpwuw,http://thecozygarden.com/cdn/shop/files/PELTLTHKTZ6J1Y3E6001V0.jpg?v=1774657449,1,gallery,DOWNLOADED,image/jpeg,363945,research-assets/cozy-garden/rattan-patio-garden-backyard/img-1.jpg
cozy-garden,cmtumdkeg0200m5etsaekpwuw,https://thecozygarden.com/cdn/shop/files/PELTLTHKTZ6J1Y3E6001V0.jpg?v=1774657449&width=3840,2,gallery,DOWNLOADED,image/jpeg,363945,research-assets/cozy-garden/rattan-patio-garden-backyard/img-2.jpg
cozy-garden,cmtumdkeg0200m5etsaekpwuw,https://thecozygarden.com/cdn/shop/files/PELTLTHKTZ6J1Y3E6001V0_92021381.jpg?v=1774657449&width=3840,3,gallery,VALIDATED,image/jpeg,46388,
cozy-garden,cmtumdkeg0200m5etsaekpwuw,https://thecozygarden.com/cdn/shop/files/PELTLTHKTZ6J1Y3E6001V0_92021382.jpg?v=1774657449&width=3840,4,gallery,VALIDATED,image/jpeg,55130,
cozy-garden,cmtumdkeg0200m5etsaekpwuw,https://thecozygarden.com/cdn/shop/files/PELTLTHKTZ6J1Y3E6001V0_92021383.jpg?v=1774657449&width=3840,5,gallery,VALIDATED,image/jpeg,42719,
cozy-garden,cmtumdkeg0200m5etsaekpwuw,https://thecozygarden.com/cdn/shop/files/PELTLTHKTZ6J1Y3E6001V0_92021384.jpg?v=1774657449&width=3840,6,gallery,VALIDATED,image/jpeg,51280,
cozy-garden,cmtumdkeg0200m5etsaekpwuw,https://thecozygarden.com/cdn/shop/files/PELTLTHKTZ6J1Y3E6001V0_92021385.jpg?v=1774657449&width=3840,7,gallery,VALIDATED,image/jpeg,35593,
cozy-garden,cmtumdkeg0200m5etsaekpwuw,https://thecozygarden.com/cdn/shop/files/PELTLTHKTZ6J1Y3E6001V0_92021386.jpg?v=1774657449&width=3840,8,gallery,REJECTED,,,
cozy-garden,cmtumdkeg0200m5etsaekpwuw,https://thecozygarden.com/cdn/shop/files/PELTLTHKTZ6J1Y3E6001V0_92021387.jpg?v=1774657449&width=3840,9,gallery,REJECTED,,,
cozy-garden,cmtumdkeg0200m5etsaekpwuw,https://thecozygarden.com/cdn/shop/files/PELTLTHKTZ6J1Y3E6001V0_92021388.jpg?v=1774657449&width=3840,10,gallery,REJECTED,,,
cozy-garden,cmtumdkeg0200m5etsaekpwuw,https://thecozygarden.com/cdn/shop/files/PELTLTHKTZ6J1Y3E6001V0_92021389.jpg?v=1774657449&width=3840,11,gallery,REJECTED,,,
cozy-garden,cmtumdkeg0200m5etsaekpwuw,https://thecozygarden.com/cdn/shop/files/PELTLTHKTZ6J1Y3E6001V0.jpg?v=1774657449&width=832,12,gallery,REJECTED,,,
cozy-garden,cmtumdkeg0200m5etsaekpwuw,https://thecozygarden.com/cdn/shop/files/PELTLTHKTZ6J1Y3E6001V0_92021381.jpg?v=1774657449&width=832,13,gallery,REJECTED,,,
cozy-garden,cmtumdkeg0200m5etsaekpwuw,https://thecozygarden.com/cdn/shop/files/PELTLTHKTZ6J1Y3E6001V0_92021382.jpg?v=1774657449&width=832,14,gallery,REJECTED,,,
cozy-garden,cmtumdkeg0200m5etsaekpwuw,https://thecozygarden.com/cdn/shop/files/PELTLTHKTZ6J1Y3E6001V0_92021383.jpg?v=1774657449&width=832,15,gallery,REJECTED,,,
cozy-garden,cmtumdkeg0200m5etsaekpwuw,https://thecozygarden.com/cdn/shop/files/PELTLTHKTZ6J1Y3E6001V0_92021384.jpg?v=1774657449&width=832,16,gallery,REJECTED,,,
cozy-garden,cmtumdkeg0200m5etsaekpwuw,https://thecozygarden.com/cdn/shop/files/PELTLTHKTZ6J1Y3E6001V0_92021385.jpg?v=1774657449&width=832,17,gallery,REJECTED,,,
cozy-garden,cmtumdkeg0200m5etsaekpwuw,https://thecozygarden.com/cdn/shop/files/PELTLTHKTZ6J1Y3E6001V0_92021386.jpg?v=1774657449&width=832,18,gallery,REJECTED,,,
cozy-garden,cmtumdkeg0200m5etsaekpwuw,https://thecozygarden.com/cdn/shop/files/PELTLTHKTZ6J1Y3E6001V0_92021387.jpg?v=1774657449&width=832,19,gallery,REJECTED,,,
cozy-garden,cmtumdkeg0200m5etsaekpwuw,https://thecozygarden.com/cdn/shop/files/PELTLTHKTZ6J1Y3E6001V0_92021388.jpg?v=1774657449&width=832,20,gallery,REJECTED,,,
cozy-garden,cmtumdkeg0200m5etsaekpwuw,https://thecozygarden.com/cdn/shop/files/PELTLTHKTZ6J1Y3E6001V0_92021389.jpg?v=1774657449&width=832,21,gallery,REJECTED,,,
ferm-living,cmtum7gld00q4m5et3rn9872w,https://fermliving.com/cdn/shop/files/228786_1104271949_1.png?v=1762177901,0,primary,DOWNLOADED,image/png,228834,research-assets/ferm-living/bamboo-box-light-celedon/img-0.png
ferm-living,cmtum7gld00q4m5et3rn9872w,https://fermliving.com/cdn/shop/files/228786_1104271949_1_x1200.png?v=1762177901,1,gallery,DOWNLOADED,image/png,144304,research-assets/ferm-living/bamboo-box-light-celedon/img-1.png
ferm-living,cmtum80ec00vcm5et72krs0dn,https://fermliving.com/cdn/shop/files/208859_1104272022_1.png?v=1762177939,0,primary,DOWNLOADED,image/png,208907,research-assets/ferm-living/bolster-cushion-cashmere/img-0.png
ferm-living,cmtum80ec00vcm5et72krs0dn,https://fermliving.com/cdn/shop/files/208859_1104272022_1_x1200.png?v=1762177939,1,gallery,DOWNLOADED,image/png,97533,research-assets/ferm-living/bolster-cushion-cashmere/img-1.png
lewpe,cmtumb0cp010dm5et21x34v1o,http://www.lewpe.com/cdn/shop/files/maresia-acoustic-slat-wall-panel-midnight-blue.jpg?v=1778771098&width=2048,0,primary,DOWNLOADED,image/jpeg,139822,research-assets/lewpe/wall-panel-felt-backed/img-0.jpg
lewpe,cmtumb0cp010dm5et21x34v1o,https://www.lewpe.com/cdn/shop/files/maresia-acoustic-slat-wall-panel-midnight-blue.jpg?v=1778771098&width=2000,1,gallery,DOWNLOADED,image/jpeg,131385,research-assets/lewpe/wall-panel-felt-backed/img-1.jpg
lewpe,cmtumb0cp010dm5et21x34v1o,https://www.lewpe.com/cdn/shop/files/maresia-acoustic-slat-wall-panel-matte-black.png?v=1778771098&width=1000,2,gallery,DOWNLOADED,image/png,1019525,research-assets/lewpe/wall-panel-felt-backed/img-2.png
lewpe,cmtumb0cp010dm5et21x34v1o,https://www.lewpe.com/cdn/shop/files/maresia-acoustic-slat-wall-panel-white-gray-felt.png?v=1778771098&width=1000,3,gallery,VALIDATED,image/png,1006027,
lewpe,cmtumb0cp010dm5et21x34v1o,https://www.lewpe.com/cdn/shop/files/maresia-acoustic-slat-wall-panel-dusty-gray.png?v=1778771098&width=1000,4,gallery,VALIDATED,image/png,1047760,
lewpe,cmtumb0cp010dm5et21x34v1o,https://www.lewpe.com/cdn/shop/files/maresia-acoustic-slat-wall-panel-white-white-felt.png?v=1778771098&width=1000,5,gallery,VALIDATED,image/png,997607,
lewpe,cmtumb0cp010dm5et21x34v1o,https://www.lewpe.com/cdn/shop/files/maresia-acoustic-slat-wall-panel-lifestyle-1.png?v=1778771098&width=1200,6,gallery,VALIDATED,image/png,1624638,
lewpe,cmtumb0cp010dm5et21x34v1o,https://www.lewpe.com/cdn/shop/files/maresia-acoustic-slat-wall-panel-lifestyle-2.png?v=1778771098&width=1200,7,gallery,VALIDATED,image/png,1649892,
lewpe,cmtumb0cp010dm5et21x34v1o,https://www.lewpe.com/cdn/shop/files/maresia-acoustic-slat-wall-panel-lifestyle-3.png?v=1778771098&width=1200,8,gallery,REJECTED,,,
lewpe,cmtumb0cp010dm5et21x34v1o,https://www.lewpe.com/cdn/shop/files/maresia-acoustic-slat-wall-panel-lifestyle-4.png?v=1778771098&width=1200,9,gallery,REJECTED,,,
lewpe,cmtumb0cp010dm5et21x34v1o,https://www.lewpe.com/cdn/shop/files/maresia-acoustic-slat-wall-panel-lifestyle-5.png?v=1778771098&width=1200,10,gallery,REJECTED,,,
lewpe,cmtumb0cp010dm5et21x34v1o,https://www.lewpe.com/cdn/shop/files/maresia-acoustic-slat-wall-panel-lifestyle-6.png?v=1778771098&width=1200,11,gallery,REJECTED,,,
lewpe,cmtumb0cp010dm5et21x34v1o,https://www.lewpe.com/cdn/shop/files/maresia-acoustic-slat-wall-panel-lifestyle-7.png?v=1778771098&width=1200,12,gallery,REJECTED,,,
lewpe,cmtumb0cp010dm5et21x34v1o,https://www.lewpe.com/cdn/shop/files/maresia-acoustic-slat-wall-panel-lifestyle-8.png?v=1778771098&width=1200,13,gallery,REJECTED,,,
lewpe,cmtumb0cp010dm5et21x34v1o,https://www.lewpe.com/cdn/shop/files/maresia-acoustic-slat-wall-panel-lifestyle-9.png?v=1778771098&width=1200,14,gallery,REJECTED,,,
lewpe,cmtumb0cp010dm5et21x34v1o,https://www.lewpe.com/cdn/shop/files/maresia-acoustic-slat-wall-panel-lifestyle-10.png?v=1778771098&width=1200,15,gallery,REJECTED,,,
lewpe,cmtumb0cp010dm5et21x34v1o,https://www.lewpe.com/cdn/shop/files/maresia-acoustic-slat-wall-panel-midnight-blue.jpg?v=1778771098&width=168,16,gallery,REJECTED,,,
lewpe,cmtumb0cp010dm5et21x34v1o,https://www.lewpe.com/cdn/shop/files/maresia-acoustic-slat-wall-panel-matte-black.png?v=1778771098&width=168,17,gallery,REJECTED,,,
lewpe,cmtumb0cp010dm5et21x34v1o,https://www.lewpe.com/cdn/shop/files/maresia-acoustic-slat-wall-panel-white-gray-felt.png?v=1778771098&width=168,18,gallery,REJECTED,,,
lewpe,cmtumb0cp010dm5et21x34v1o,https://www.lewpe.com/cdn/shop/files/maresia-acoustic-slat-wall-panel-dusty-gray.png?v=1778771098&width=168,19,gallery,REJECTED,,,
lewpe,cmtumb0cp010dm5et21x34v1o,https://www.lewpe.com/cdn/shop/files/maresia-acoustic-slat-wall-panel-white-white-felt.png?v=1778771098&width=168,20,gallery,REJECTED,,,
lewpe,cmtumb0cp010dm5et21x34v1o,https://www.lewpe.com/cdn/shop/files/maresia-acoustic-slat-wall-panel-lifestyle-1.png?v=1778771098&width=168,21,gallery,REJECTED,,,
lewpe,cmtumb0cp010dm5et21x34v1o,https://www.lewpe.com/cdn/shop/files/maresia-acoustic-slat-wall-panel-lifestyle-2.png?v=1778771098&width=168,22,gallery,REJECTED,,,
lewpe,cmtumb0cp010dm5et21x34v1o,https://www.lewpe.com/cdn/shop/files/maresia-acoustic-slat-wall-panel-lifestyle-3.png?v=1778771098&width=168,23,gallery,REJECTED,,,
lewpe,cmtumc09v01iwm5et3p495mh3,http://www.lewpe.com/cdn/shop/files/mosteiros-polystyrene-cloud-pendant-light-product-1.png?v=1779142479&width=2048,0,primary,DOWNLOADED,image/png,1195303,research-assets/lewpe/cloud-pendant-light/img-0.png
lewpe,cmtumc09v01iwm5et3p495mh3,https://www.lewpe.com/cdn/shop/files/mosteiros-polystyrene-cloud-pendant-light-product-1.png?v=1779142479&width=1000,1,gallery,DOWNLOADED,image/png,1137797,research-assets/lewpe/cloud-pendant-light/img-1.png
lewpe,cmtumc09v01iwm5et3p495mh3,https://www.lewpe.com/cdn/shop/files/mosteiros-polystyrene-cloud-pendant-light-product-2.png?v=1779142479&width=1000,2,gallery,DOWNLOADED,image/png,1164370,research-assets/lewpe/cloud-pendant-light/img-2.png
lewpe,cmtumc09v01iwm5et3p495mh3,https://www.lewpe.com/cdn/shop/files/mosteiros-polystyrene-cloud-pendant-light-product-3.png?v=1779142479&width=1000,3,gallery,VALIDATED,image/png,1280873,
lewpe,cmtumc09v01iwm5et3p495mh3,https://www.lewpe.com/cdn/shop/files/mosteiros-polystyrene-cloud-pendant-light-product-4.jpg?v=1779142479&width=2000,4,gallery,VALIDATED,image/jpeg,228011,
lewpe,cmtumc09v01iwm5et3p495mh3,https://www.lewpe.com/cdn/shop/files/mosteiros-polystyrene-cloud-pendant-light-lifestyle-5.jpg?v=1779142479&width=2000,5,gallery,VALIDATED,image/jpeg,329527,
lewpe,cmtumc09v01iwm5et3p495mh3,https://www.lewpe.com/cdn/shop/files/mosteiros-polystyrene-cloud-pendant-light-lifestyle-6.jpg?v=1779142479&width=2000,6,gallery,VALIDATED,image/jpeg,314482,
lewpe,cmtumc09v01iwm5et3p495mh3,https://www.lewpe.com/cdn/shop/files/mosteiros-polystyrene-cloud-pendant-light-lifestyle-7.jpg?v=1779142479&width=2000,7,gallery,VALIDATED,image/jpeg,436515,
lewpe,cmtumc09v01iwm5et3p495mh3,https://www.lewpe.com/cdn/shop/files/mosteiros-polystyrene-cloud-pendant-light-lifestyle-8.jpg?v=1779142479&width=2000,8,gallery,REJECTED,,,
lewpe,cmtumc09v01iwm5et3p495mh3,https://www.lewpe.com/cdn/shop/files/mosteiros-polystyrene-cloud-pendant-light-lifestyle-9.jpg?v=1779142479&width=2000,9,gallery,REJECTED,,,
lewpe,cmtumc09v01iwm5et3p495mh3,https://www.lewpe.com/cdn/shop/files/mosteiros-polystyrene-cloud-pendant-light-lifestyle-10.jpg?v=1779142479&width=2000,10,gallery,REJECTED,,,
lewpe,cmtumc09v01iwm5et3p495mh3,https://www.lewpe.com/cdn/shop/files/mosteiros-polystyrene-cloud-pendant-light-lifestyle-11.jpg?v=1779142479&width=2000,11,gallery,REJECTED,,,
lewpe,cmtumc09v01iwm5et3p495mh3,https://www.lewpe.com/cdn/shop/files/mosteiros-cloud-pendant-gray.jpg?v=1781539774&width=2600,12,gallery,REJECTED,,,
lewpe,cmtumc09v01iwm5et3p495mh3,https://www.lewpe.com/cdn/shop/files/mosteiros-cloud-pendant-beige.jpg?v=1781539782&width=1800,13,gallery,REJECTED,,,
lewpe,cmtumc09v01iwm5et3p495mh3,https://www.lewpe.com/cdn/shop/files/mosteiros-cloud-pendant-brown.jpg?v=1781539790&width=1400,14,gallery,REJECTED,,,
lewpe,cmtumc09v01iwm5et3p495mh3,https://www.lewpe.com/cdn/shop/files/mosteiros-cloud-pendant-blue.jpg?v=1781539799&width=1400,15,gallery,REJECTED,,,
lewpe,cmtumc09v01iwm5et3p495mh3,https://www.lewpe.com/cdn/shop/files/mosteiros-cloud-pendant-orange.jpg?v=1781539807&width=1400,16,gallery,REJECTED,,,
lewpe,cmtumc09v01iwm5et3p495mh3,https://www.lewpe.com/cdn/shop/files/mosteiros-polystyrene-cloud-pendant-light-product-1.png?v=1779142479&width=168,17,gallery,REJECTED,,,
lewpe,cmtumc09v01iwm5et3p495mh3,https://www.lewpe.com/cdn/shop/files/mosteiros-polystyrene-cloud-pendant-light-product-2.png?v=1779142479&width=168,18,gallery,REJECTED,,,
lewpe,cmtumc09v01iwm5et3p495mh3,https://www.lewpe.com/cdn/shop/files/mosteiros-polystyrene-cloud-pendant-light-product-3.png?v=1779142479&width=168,19,gallery,REJECTED,,,
lewpe,cmtumc09v01iwm5et3p495mh3,https://www.lewpe.com/cdn/shop/files/mosteiros-polystyrene-cloud-pendant-light-product-4.jpg?v=1779142479&width=168,20,gallery,REJECTED,,,
lewpe,cmtumc09v01iwm5et3p495mh3,https://www.lewpe.com/cdn/shop/files/mosteiros-polystyrene-cloud-pendant-light-lifestyle-5.jpg?v=1779142479&width=168,21,gallery,REJECTED,,,
lewpe,cmtumc09v01iwm5et3p495mh3,https://www.lewpe.com/cdn/shop/files/mosteiros-polystyrene-cloud-pendant-light-lifestyle-6.jpg?v=1779142479&width=168,22,gallery,REJECTED,,,
lewpe,cmtumc09v01iwm5et3p495mh3,https://www.lewpe.com/cdn/shop/files/mosteiros-polystyrene-cloud-pendant-light-lifestyle-7.jpg?v=1779142479&width=168,23,gallery,REJECTED,,,
lewpe,cmtumc3ez01kwm5et6r6z6e1a,http://www.lewpe.com/cdn/shop/files/braga-retractable-arm-table-lamp-black.jpg?v=1779128644&width=2048,0,primary,DOWNLOADED,image/jpeg,208716,research-assets/lewpe/iron-clip-mount-lamp/img-0.jpg
lewpe,cmtumc3ez01kwm5et6r6z6e1a,https://www.lewpe.com/cdn/shop/files/braga-retractable-arm-table-lamp-black.jpg?v=1779128644&width=2000,1,gallery,DOWNLOADED,image/jpeg,192562,research-assets/lewpe/iron-clip-mount-lamp/img-1.jpg
lewpe,cmtumc3ez01kwm5et6r6z6e1a,https://www.lewpe.com/cdn/shop/files/braga-retractable-arm-table-lamp-black-library.jpg?v=1779128644&width=2000,2,gallery,DOWNLOADED,image/jpeg,494160,research-assets/lewpe/iron-clip-mount-lamp/img-2.jpg
lewpe,cmtumc3ez01kwm5et6r6z6e1a,https://www.lewpe.com/cdn/shop/files/braga-retractable-arm-table-lamp-white.jpg?v=1779128644&width=2000,3,gallery,VALIDATED,image/jpeg,383788,
lewpe,cmtumc3ez01kwm5et6r6z6e1a,https://www.lewpe.com/cdn/shop/files/braga-retractable-arm-table-lamp-red.jpg?v=1779128644&width=800,4,gallery,VALIDATED,image/jpeg,31275,
lewpe,cmtumc3ez01kwm5et6r6z6e1a,https://www.lewpe.com/cdn/shop/files/braga-retractable-arm-table-lamp-yellow.jpg?v=1779128644&width=800,5,gallery,VALIDATED,image/jpeg,22682,
lewpe,cmtumc3ez01kwm5et6r6z6e1a,https://www.lewpe.com/cdn/shop/files/braga-retractable-arm-table-lamp-silver.jpg?v=1779128644&width=800,6,gallery,VALIDATED,image/jpeg,39582,
lewpe,cmtumc3ez01kwm5et6r6z6e1a,https://www.lewpe.com/cdn/shop/files/braga-retractable-arm-table-lamp-lifestyle-1.jpg?v=1779128644&width=800,7,gallery,VALIDATED,image/jpeg,23885,
lewpe,cmtumc3ez01kwm5et6r6z6e1a,https://www.lewpe.com/cdn/shop/files/braga-retractable-arm-table-lamp-lifestyle-2.jpg?v=1779128644&width=800,8,gallery,REJECTED,,,
lewpe,cmtumc3ez01kwm5et6r6z6e1a,https://www.lewpe.com/cdn/shop/files/braga-retractable-arm-table-lamp-black.jpg?v=1779128644&width=168,9,gallery,REJECTED,,,
lewpe,cmtumc3ez01kwm5et6r6z6e1a,https://www.lewpe.com/cdn/shop/files/braga-retractable-arm-table-lamp-black-library.jpg?v=1779128644&width=168,10,gallery,REJECTED,,,
lewpe,cmtumc3ez01kwm5et6r6z6e1a,https://www.lewpe.com/cdn/shop/files/braga-retractable-arm-table-lamp-white.jpg?v=1779128644&width=168,11,gallery,REJECTED,,,
lewpe,cmtumc3ez01kwm5et6r6z6e1a,https://www.lewpe.com/cdn/shop/files/braga-retractable-arm-table-lamp-red.jpg?v=1779128644&width=168,12,gallery,REJECTED,,,
lewpe,cmtumc3ez01kwm5et6r6z6e1a,https://www.lewpe.com/cdn/shop/files/braga-retractable-arm-table-lamp-yellow.jpg?v=1779128644&width=168,13,gallery,REJECTED,,,
lewpe,cmtumc3ez01kwm5et6r6z6e1a,https://www.lewpe.com/cdn/shop/files/braga-retractable-arm-table-lamp-silver.jpg?v=1779128644&width=168,14,gallery,REJECTED,,,
lewpe,cmtumc3ez01kwm5et6r6z6e1a,https://www.lewpe.com/cdn/shop/files/braga-retractable-arm-table-lamp-lifestyle-1.jpg?v=1779128644&width=168,15,gallery,REJECTED,,,
lewpe,cmtumc3ez01kwm5et6r6z6e1a,https://www.lewpe.com/cdn/shop/files/braga-retractable-arm-table-lamp-lifestyle-2.jpg?v=1779128644&width=168,16,gallery,REJECTED,,,
lewpe,cmtumc18s01jpm5et3aookmp3,http://www.lewpe.com/cdn/shop/files/elvas-art-deco-ribbed-glass-flush-mount-ceiling-light-chrome-beige-product-0.jpg?v=1779140279&width=2048,0,primary,DOWNLOADED,image/jpeg,84778,research-assets/lewpe/art-deco-tiered-glass-mount-ceiling-light/img-0.jpg
lewpe,cmtumc18s01jpm5et3aookmp3,https://www.lewpe.com/cdn/shop/files/elvas-art-deco-ribbed-glass-flush-mount-ceiling-light-chrome-beige-product-0.jpg?v=1779140279&width=2000,1,gallery,DOWNLOADED,image/jpeg,77677,research-assets/lewpe/art-deco-tiered-glass-mount-ceiling-light/img-1.jpg
lewpe,cmtumc18s01jpm5et3aookmp3,https://www.lewpe.com/cdn/shop/files/elvas-art-deco-ribbed-glass-flush-mount-ceiling-light-gold-beige-product-0.png?v=1779140279&width=1000,2,gallery,DOWNLOADED,image/png,952152,research-assets/lewpe/art-deco-tiered-glass-mount-ceiling-light/img-2.png
lewpe,cmtumc18s01jpm5et3aookmp3,https://www.lewpe.com/cdn/shop/files/elvas-art-deco-ribbed-glass-flush-mount-ceiling-light-chrome-white-product-0.png?v=1779140279&width=1000,3,gallery,VALIDATED,image/png,940385,
lewpe,cmtumc18s01jpm5et3aookmp3,https://www.lewpe.com/cdn/shop/files/elvas-art-deco-ribbed-glass-flush-mount-ceiling-light-gold-white-product-0.png?v=1779140279&width=1000,4,gallery,VALIDATED,image/png,936037,
lewpe,cmtumc18s01jpm5et3aookmp3,https://www.lewpe.com/cdn/shop/files/elvas-art-deco-ribbed-glass-flush-mount-ceiling-light-lifestyle-1.jpg?v=1779140279&width=2000,5,gallery,VALIDATED,image/jpeg,554669,
lewpe,cmtumc18s01jpm5et3aookmp3,https://www.lewpe.com/cdn/shop/files/elvas-art-deco-ribbed-glass-flush-mount-ceiling-light-lifestyle-2.jpg?v=1779140279&width=2000,6,gallery,VALIDATED,image/jpeg,475893,
lewpe,cmtumc18s01jpm5et3aookmp3,https://www.lewpe.com/cdn/shop/files/elvas-art-deco-ribbed-glass-flush-mount-ceiling-light-lifestyle-4.jpg?v=1779140279&width=2000,7,gallery,VALIDATED,image/jpeg,247017,
lewpe,cmtumc18s01jpm5et3aookmp3,https://www.lewpe.com/cdn/shop/files/elvas-art-deco-ribbed-glass-flush-mount-ceiling-light-lifestyle-5.jpg?v=1779140502&width=2000,8,gallery,REJECTED,,,
lewpe,cmtumc18s01jpm5et3aookmp3,https://www.lewpe.com/cdn/shop/files/elvas-art-deco-ribbed-glass-flush-mount-ceiling-light-lifestyle-6.jpg?v=1779140502&width=2000,9,gallery,REJECTED,,,
lewpe,cmtumc18s01jpm5et3aookmp3,https://www.lewpe.com/cdn/shop/files/elvas-art-deco-ribbed-glass-flush-mount-ceiling-light-chrome-beige-product-0.jpg?v=1779140279&width=168,10,gallery,REJECTED,,,
lewpe,cmtumc18s01jpm5et3aookmp3,https://www.lewpe.com/cdn/shop/files/elvas-art-deco-ribbed-glass-flush-mount-ceiling-light-gold-beige-product-0.png?v=1779140279&width=168,11,gallery,REJECTED,,,
lewpe,cmtumc18s01jpm5et3aookmp3,https://www.lewpe.com/cdn/shop/files/elvas-art-deco-ribbed-glass-flush-mount-ceiling-light-chrome-white-product-0.png?v=1779140279&width=168,12,gallery,REJECTED,,,
lewpe,cmtumc18s01jpm5et3aookmp3,https://www.lewpe.com/cdn/shop/files/elvas-art-deco-ribbed-glass-flush-mount-ceiling-light-gold-white-product-0.png?v=1779140279&width=168,13,gallery,REJECTED,,,
lewpe,cmtumc18s01jpm5et3aookmp3,https://www.lewpe.com/cdn/shop/files/elvas-art-deco-ribbed-glass-flush-mount-ceiling-light-lifestyle-1.jpg?v=1779140279&width=168,14,gallery,REJECTED,,,
lewpe,cmtumc18s01jpm5et3aookmp3,https://www.lewpe.com/cdn/shop/files/elvas-art-deco-ribbed-glass-flush-mount-ceiling-light-lifestyle-2.jpg?v=1779140279&width=168,15,gallery,REJECTED,,,
lewpe,cmtumc18s01jpm5et3aookmp3,https://www.lewpe.com/cdn/shop/files/elvas-art-deco-ribbed-glass-flush-mount-ceiling-light-lifestyle-4.jpg?v=1779140279&width=168,16,gallery,REJECTED,,,
lewpe,cmtumc18s01jpm5et3aookmp3,https://www.lewpe.com/cdn/shop/files/elvas-art-deco-ribbed-glass-flush-mount-ceiling-light-lifestyle-5.jpg?v=1779140502&width=168,17,gallery,REJECTED,,,
lewpe,cmtumc18s01jpm5et3aookmp3,https://www.lewpe.com/cdn/shop/files/elvas-art-deco-ribbed-glass-flush-mount-ceiling-light-lifestyle-6.jpg?v=1779140502&width=168,18,gallery,REJECTED,,,
lewpe,cmtumcanq01p9m5etdcrb1ozl,http://www.lewpe.com/cdn/shop/files/tomar-bentwood-pleated-floor-lamp-white-hero-unlit.png?v=1788300687&width=2048,0,primary,DOWNLOADED,image/png,1855841,research-assets/lewpe/lamp-beech-wood/img-0.png
lewpe,cmtumcanq01p9m5etdcrb1ozl,https://www.lewpe.com/cdn/shop/files/tomar-bentwood-pleated-floor-lamp-white-hero-unlit.png?v=1788300687&width=1200,1,gallery,DOWNLOADED,image/png,1728201,research-assets/lewpe/lamp-beech-wood/img-1.png
lewpe,cmtumcanq01p9m5etdcrb1ozl,https://www.lewpe.com/cdn/shop/files/tomar-bentwood-pleated-floor-lamp-coffee-hero-unlit.png?v=1788300687&width=1200,2,gallery,DOWNLOADED,image/png,1782789,research-assets/lewpe/lamp-beech-wood/img-2.png
lewpe,cmtumcanq01p9m5etdcrb1ozl,https://www.lewpe.com/cdn/shop/files/tomar-bentwood-pleated-floor-lamp-beige-hero-unlit.png?v=1788369848&width=1200,3,gallery,VALIDATED,image/png,1674792,
lewpe,cmtumcanq01p9m5etdcrb1ozl,https://www.lewpe.com/cdn/shop/files/tomar-bentwood-pleated-floor-lamp-white-product.png?v=1778793121&width=1000,4,gallery,VALIDATED,image/png,1197619,
lewpe,cmtumcanq01p9m5etdcrb1ozl,https://www.lewpe.com/cdn/shop/files/tomar-bentwood-pleated-floor-lamp-white-leather-chair.png?v=1778793121&width=1000,5,gallery,VALIDATED,image/png,719960,
lewpe,cmtumcanq01p9m5etdcrb1ozl,https://www.lewpe.com/cdn/shop/files/tomar-bentwood-pleated-floor-lamp-coffee-sectional.jpg?v=1778793121&width=2000,6,gallery,VALIDATED,image/jpeg,370483,
lewpe,cmtumcanq01p9m5etdcrb1ozl,https://www.lewpe.com/cdn/shop/files/tomar-bentwood-pleated-floor-lamp-white-curved-sofa.jpg?v=1778793121&width=2000,7,gallery,VALIDATED,image/jpeg,430003,
lewpe,cmtumcanq01p9m5etdcrb1ozl,https://www.lewpe.com/cdn/shop/files/tomar-bentwood-pleated-floor-lamp-white-loft.jpg?v=1778793121&width=2000,8,gallery,REJECTED,,,
lewpe,cmtumcanq01p9m5etdcrb1ozl,https://www.lewpe.com/cdn/shop/files/tomar-bentwood-pleated-floor-lamp-white-reading-nook.jpg?v=1778793121&width=2000,9,gallery,REJECTED,,,
lewpe,cmtumcanq01p9m5etdcrb1ozl,https://www.lewpe.com/cdn/shop/files/tomar-bentwood-pleated-floor-lamp-beige-fireplace.png?v=1778793121&width=1000,10,gallery,REJECTED,,,
lewpe,cmtumcanq01p9m5etdcrb1ozl,https://www.lewpe.com/cdn/shop/files/tomar-bentwood-pleated-floor-lamp-detail-shade-joint.jpg?v=1788300686&width=1400,11,gallery,REJECTED,,,
lewpe,cmtumcanq01p9m5etdcrb1ozl,https://www.lewpe.com/cdn/shop/files/tomar-bentwood-pleated-floor-lamp-detail-bentwood-grain.jpg?v=1788300685&width=1400,12,gallery,REJECTED,,,
lewpe,cmtumcanq01p9m5etdcrb1ozl,https://www.lewpe.com/cdn/shop/files/tomar-bentwood-pleated-floor-lamp-detail-crescent-base.jpg?v=1788300685&width=1400,13,gallery,REJECTED,,,
lewpe,cmtumcanq01p9m5etdcrb1ozl,https://www.lewpe.com/cdn/shop/files/tomar-bentwood-pleated-floor-lamp-detail-foot-switch.jpg?v=1788300685&width=1400,14,gallery,REJECTED,,,
lewpe,cmtumcanq01p9m5etdcrb1ozl,https://www.lewpe.com/cdn/shop/files/tomar-bentwood-pleated-floor-lamp-white-hero-unlit.png?v=1788300687&width=168,15,gallery,REJECTED,,,
lewpe,cmtumcanq01p9m5etdcrb1ozl,https://www.lewpe.com/cdn/shop/files/tomar-bentwood-pleated-floor-lamp-coffee-hero-unlit.png?v=1788300687&width=168,16,gallery,REJECTED,,,
lewpe,cmtumcanq01p9m5etdcrb1ozl,https://www.lewpe.com/cdn/shop/files/tomar-bentwood-pleated-floor-lamp-beige-hero-unlit.png?v=1788369848&width=168,17,gallery,REJECTED,,,
lewpe,cmtumcanq01p9m5etdcrb1ozl,https://www.lewpe.com/cdn/shop/files/tomar-bentwood-pleated-floor-lamp-white-product.png?v=1778793121&width=168,18,gallery,REJECTED,,,
lewpe,cmtumcanq01p9m5etdcrb1ozl,https://www.lewpe.com/cdn/shop/files/tomar-bentwood-pleated-floor-lamp-white-leather-chair.png?v=1778793121&width=168,19,gallery,REJECTED,,,
lewpe,cmtumcanq01p9m5etdcrb1ozl,https://www.lewpe.com/cdn/shop/files/tomar-bentwood-pleated-floor-lamp-coffee-sectional.jpg?v=1778793121&width=168,20,gallery,REJECTED,,,
lewpe,cmtumcanq01p9m5etdcrb1ozl,https://www.lewpe.com/cdn/shop/files/tomar-bentwood-pleated-floor-lamp-white-curved-sofa.jpg?v=1778793121&width=168,21,gallery,REJECTED,,,
lewpe,cmtumcanq01p9m5etdcrb1ozl,https://www.lewpe.com/cdn/shop/files/tomar-bentwood-pleated-floor-lamp-white-loft.jpg?v=1778793121&width=168,22,gallery,REJECTED,,,
lewpe,cmtumcanq01p9m5etdcrb1ozl,https://www.lewpe.com/cdn/shop/files/tomar-bentwood-pleated-floor-lamp-white-reading-nook.jpg?v=1778793121&width=168,23,gallery,REJECTED,,,
lewpe,cmtumb648012jm5etemzk9vwd,https://www.lewpe.com/cdn/shop/files/farol-pine-wood-wall-panel-product-1.jpg?v=1778775753&width=1920,0,primary,DOWNLOADED,image/jpeg,218373,research-assets/lewpe/pine-wall-panel-finish/img-0.jpg
lewpe,cmtumb648012jm5etemzk9vwd,http://www.lewpe.com/cdn/shop/files/farol-pine-wood-wall-panel-product-1.jpg?v=1778775753&width=2048,1,gallery,DOWNLOADED,image/jpeg,246227,research-assets/lewpe/pine-wall-panel-finish/img-1.jpg
lewpe,cmtumb648012jm5etemzk9vwd,https://www.lewpe.com/cdn/shop/files/farol-pine-wood-wall-panel-product-1.jpg?v=1778775753&width=2000,2,gallery,DOWNLOADED,image/jpeg,232866,research-assets/lewpe/pine-wall-panel-finish/img-2.jpg
lewpe,cmtumb648012jm5etemzk9vwd,https://www.lewpe.com/cdn/shop/files/farol-pine-wood-wall-panel-product-2.jpg?v=1778775753&width=800,3,gallery,VALIDATED,image/jpeg,168785,
lewpe,cmtumb648012jm5etemzk9vwd,https://www.lewpe.com/cdn/shop/files/farol-pine-wood-wall-panel-lifestyle-1.png?v=1778775753&width=1400,4,gallery,VALIDATED,image/png,2306805,
lewpe,cmtumb648012jm5etemzk9vwd,https://www.lewpe.com/cdn/shop/files/farol-pine-wood-wall-panel-lifestyle-2.png?v=1778775753&width=1400,5,gallery,VALIDATED,image/png,2301045,
lewpe,cmtumb648012jm5etemzk9vwd,https://www.lewpe.com/cdn/shop/files/farol-pine-wood-wall-panel-lifestyle-3.png?v=1778775753&width=1400,6,gallery,VALIDATED,image/png,2358035,
lewpe,cmtumb648012jm5etemzk9vwd,https://www.lewpe.com/cdn/shop/files/farol-pine-wood-wall-panel-product-1.jpg?v=1778775753&width=168,7,gallery,VALIDATED,image/jpeg,6542,
lewpe,cmtumb648012jm5etemzk9vwd,https://www.lewpe.com/cdn/shop/files/farol-pine-wood-wall-panel-product-2.jpg?v=1778775753&width=168,8,gallery,REJECTED,,,
lewpe,cmtumb648012jm5etemzk9vwd,https://www.lewpe.com/cdn/shop/files/farol-pine-wood-wall-panel-lifestyle-1.png?v=1778775753&width=168,9,gallery,REJECTED,,,
lewpe,cmtumb648012jm5etemzk9vwd,https://www.lewpe.com/cdn/shop/files/farol-pine-wood-wall-panel-lifestyle-2.png?v=1778775753&width=168,10,gallery,REJECTED,,,
lewpe,cmtumb648012jm5etemzk9vwd,https://www.lewpe.com/cdn/shop/files/farol-pine-wood-wall-panel-lifestyle-3.png?v=1778775753&width=168,11,gallery,REJECTED,,,
cozy-garden,cmtumd6hp01x5m5et02ns5cf1,https://thecozygarden.com/cdn/shop/files/S324bfbe28bc54614950a7923e54de2f4p.webp?v=1774657381&width=1920,0,primary,DOWNLOADED,image/jpeg,272083,research-assets/cozy-garden/green-iron-party-decoration/img-0.jpg
cozy-garden,cmtumd6hp01x5m5et02ns5cf1,http://thecozygarden.com/cdn/shop/files/S324bfbe28bc54614950a7923e54de2f4p.webp?v=1774657381,1,gallery,DOWNLOADED,image/jpeg,272083,research-assets/cozy-garden/green-iron-party-decoration/img-1.jpg
cozy-garden,cmtumd6hp01x5m5et02ns5cf1,https://thecozygarden.com/cdn/shop/files/S324bfbe28bc54614950a7923e54de2f4p.webp?v=1774657381&width=3840,2,gallery,DOWNLOADED,image/jpeg,272083,research-assets/cozy-garden/green-iron-party-decoration/img-2.jpg
cozy-garden,cmtumd6hp01x5m5et02ns5cf1,https://thecozygarden.com/cdn/shop/files/S324bfbe28bc54614950a7923e54de2f4p_7504d1b0-dc34-4b8c-a01b-bf4865ea3332.webp?v=1774657381&width=3840,3,gallery,VALIDATED,image/jpeg,272083,
cozy-garden,cmtumd6hp01x5m5et02ns5cf1,https://thecozygarden.com/cdn/shop/files/Sbcb4d3f8dd534b0fbfffcae6eb89f92dt.webp?v=1774657381&width=3840,4,gallery,VALIDATED,image/jpeg,190759,
cozy-garden,cmtumd6hp01x5m5et02ns5cf1,https://thecozygarden.com/cdn/shop/files/S2361d01de537465681cf0c06ffeac18ai.webp?v=1774657381&width=3840,5,gallery,VALIDATED,image/jpeg,93961,
cozy-garden,cmtumd6hp01x5m5et02ns5cf1,https://thecozygarden.com/cdn/shop/files/S4594fa9af13545878c989f512c8f1726N.webp?v=1774657381&width=3840,6,gallery,VALIDATED,image/jpeg,117590,
cozy-garden,cmtumd6hp01x5m5et02ns5cf1,https://thecozygarden.com/cdn/shop/files/S6e7d1bd7f7d9403d9c3b37ae00db71d8Q.webp?v=1774657381&width=3840,7,gallery,VALIDATED,image/jpeg,140962,
cozy-garden,cmtumd6hp01x5m5et02ns5cf1,https://thecozygarden.com/cdn/shop/files/S17b7464d1218465bbcaec594c7330915T.webp?v=1774657382&width=3840,8,gallery,REJECTED,,,
cozy-garden,cmtumd6hp01x5m5et02ns5cf1,https://thecozygarden.com/cdn/shop/files/S324bfbe28bc54614950a7923e54de2f4p.webp?v=1774657381&width=832,9,gallery,REJECTED,,,
cozy-garden,cmtumd6hp01x5m5et02ns5cf1,https://thecozygarden.com/cdn/shop/files/S324bfbe28bc54614950a7923e54de2f4p_7504d1b0-dc34-4b8c-a01b-bf4865ea3332.webp?v=1774657381&width=832,10,gallery,REJECTED,,,
cozy-garden,cmtumd6hp01x5m5et02ns5cf1,https://thecozygarden.com/cdn/shop/files/Sbcb4d3f8dd534b0fbfffcae6eb89f92dt.webp?v=1774657381&width=832,11,gallery,REJECTED,,,
cozy-garden,cmtumd6hp01x5m5et02ns5cf1,https://thecozygarden.com/cdn/shop/files/S2361d01de537465681cf0c06ffeac18ai.webp?v=1774657381&width=832,12,gallery,REJECTED,,,
cozy-garden,cmtumd6hp01x5m5et02ns5cf1,https://thecozygarden.com/cdn/shop/files/S4594fa9af13545878c989f512c8f1726N.webp?v=1774657381&width=832,13,gallery,REJECTED,,,
cozy-garden,cmtumd6hp01x5m5et02ns5cf1,https://thecozygarden.com/cdn/shop/files/S6e7d1bd7f7d9403d9c3b37ae00db71d8Q.webp?v=1774657381&width=832,14,gallery,REJECTED,,,
cozy-garden,cmtumd6hp01x5m5et02ns5cf1,https://thecozygarden.com/cdn/shop/files/S17b7464d1218465bbcaec594c7330915T.webp?v=1774657382&width=832,15,gallery,REJECTED,,,
lewpe,cmtumbl8x01a9m5etdrwbwioj,http://www.lewpe.com/cdn/shop/files/barcelos-bauhaus-glass-mini-pendant-light-product-1.png?v=1779181873&width=2048,0,primary,DOWNLOADED,image/png,1246385,research-assets/lewpe/bauhaus-glass-pendant-light/img-0.png
lewpe,cmtumbl8x01a9m5etdrwbwioj,https://www.lewpe.com/cdn/shop/files/barcelos-bauhaus-glass-mini-pendant-light-product-1.png?v=1779181873&width=1000,1,gallery,DOWNLOADED,image/png,1195124,research-assets/lewpe/bauhaus-glass-pendant-light/img-1.png
lewpe,cmtumbl8x01a9m5etdrwbwioj,https://www.lewpe.com/cdn/shop/files/barcelos-bauhaus-glass-mini-pendant-light-product-2.png?v=1779181873&width=1000,2,gallery,DOWNLOADED,image/png,1183913,research-assets/lewpe/bauhaus-glass-pendant-light/img-2.png
lewpe,cmtumbl8x01a9m5etdrwbwioj,https://www.lewpe.com/cdn/shop/files/barcelos-bauhaus-glass-mini-pendant-light-lifestyle-3.jpg?v=1779181873&width=2000,3,gallery,VALIDATED,image/jpeg,491569,
lewpe,cmtumbl8x01a9m5etdrwbwioj,https://www.lewpe.com/cdn/shop/files/barcelos-bauhaus-glass-mini-pendant-light-lifestyle-4.jpg?v=1779181910&width=2000,4,gallery,VALIDATED,image/jpeg,402932,
lewpe,cmtumbl8x01a9m5etdrwbwioj,https://www.lewpe.com/cdn/shop/files/barcelos-bauhaus-glass-mini-pendant-light-lifestyle-5.jpg?v=1779181910&width=2000,5,gallery,VALIDATED,image/jpeg,531041,
lewpe,cmtumbl8x01a9m5etdrwbwioj,https://www.lewpe.com/cdn/shop/files/barcelos-bauhaus-glass-mini-pendant-light-lifestyle-6.jpg?v=1779181910&width=2000,6,gallery,VALIDATED,image/jpeg,516195,
lewpe,cmtumbl8x01a9m5etdrwbwioj,https://www.lewpe.com/cdn/shop/files/barcelos-bauhaus-glass-mini-pendant-light-product-7.png?v=1779181910&width=1000,7,gallery,VALIDATED,image/png,197030,
lewpe,cmtumbl8x01a9m5etdrwbwioj,https://www.lewpe.com/cdn/shop/files/barcelos-bauhaus-glass-mini-pendant-light-product-8.png?v=1779181910&width=1000,8,gallery,REJECTED,,,
lewpe,cmtumbl8x01a9m5etdrwbwioj,https://www.lewpe.com/cdn/shop/files/barcelos-bauhaus-glass-mini-pendant-light-product-9.png?v=1779181931&width=1000,9,gallery,REJECTED,,,
lewpe,cmtumbl8x01a9m5etdrwbwioj,https://www.lewpe.com/cdn/shop/files/barcelos-bauhaus-glass-mini-pendant-light-product-10.png?v=1779181931&width=1000,10,gallery,REJECTED,,,
lewpe,cmtumbl8x01a9m5etdrwbwioj,https://www.lewpe.com/cdn/shop/files/barcelos-bauhaus-glass-mini-pendant-light-product-11.png?v=1779181931&width=1000,11,gallery,REJECTED,,,
lewpe,cmtumbl8x01a9m5etdrwbwioj,https://www.lewpe.com/cdn/shop/files/barcelos-bauhaus-glass-mini-pendant-light-product-12.png?v=1779181931&width=1000,12,gallery,REJECTED,,,
lewpe,cmtumbl8x01a9m5etdrwbwioj,https://www.lewpe.com/cdn/shop/files/barcelos-bauhaus-glass-mini-pendant-light-product-13.png?v=1779181931&width=1000,13,gallery,REJECTED,,,
lewpe,cmtumbl8x01a9m5etdrwbwioj,https://www.lewpe.com/cdn/shop/files/barcelos-bauhaus-glass-mini-pendant-light-product-14.png?v=1779181952&width=1000,14,gallery,REJECTED,,,
lewpe,cmtumbl8x01a9m5etdrwbwioj,https://www.lewpe.com/cdn/shop/files/barcelos-bauhaus-glass-mini-pendant-light-product-15.png?v=1779181952&width=1000,15,gallery,REJECTED,,,
lewpe,cmtumbl8x01a9m5etdrwbwioj,https://www.lewpe.com/cdn/shop/files/barcelos-bauhaus-glass-mini-pendant-light-product-16.png?v=1779181952&width=1000,16,gallery,REJECTED,,,
lewpe,cmtumbl8x01a9m5etdrwbwioj,https://www.lewpe.com/cdn/shop/files/barcelos-bauhaus-glass-mini-pendant-light-product-17.png?v=1779181952&width=1000,17,gallery,REJECTED,,,
lewpe,cmtumbl8x01a9m5etdrwbwioj,https://www.lewpe.com/cdn/shop/files/barcelos-bauhaus-glass-mini-pendant-light-product-18.png?v=1779181952&width=1000,18,gallery,REJECTED,,,
lewpe,cmtumbl8x01a9m5etdrwbwioj,https://www.lewpe.com/cdn/shop/files/barcelos-bauhaus-glass-mini-pendant-light-product-19.png?v=1779181974&width=1000,19,gallery,REJECTED,,,
lewpe,cmtumbl8x01a9m5etdrwbwioj,https://www.lewpe.com/cdn/shop/files/barcelos-bauhaus-glass-mini-pendant-light-product-20.png?v=1779181974&width=1000,20,gallery,REJECTED,,,
lewpe,cmtumbl8x01a9m5etdrwbwioj,https://www.lewpe.com/cdn/shop/files/barcelos-bauhaus-glass-mini-pendant-light-product-21.png?v=1779181974&width=1000,21,gallery,REJECTED,,,
lewpe,cmtumbl8x01a9m5etdrwbwioj,https://www.lewpe.com/cdn/shop/files/barcelos-bauhaus-glass-mini-pendant-light-product-22.png?v=1779181974&width=1000,22,gallery,REJECTED,,,
lewpe,cmtumbl8x01a9m5etdrwbwioj,https://www.lewpe.com/cdn/shop/files/barcelos-bauhaus-glass-mini-pendant-light-product-23.png?v=1779181974&width=1000,23,gallery,REJECTED,,,
cozy-garden,cmtumd9yy01xvm5etfn42j6my,https://thecozygarden.com/cdn/shop/files/GRWFP1243582935.jpg?v=1774657399&width=1920,0,primary,DOWNLOADED,image/jpeg,138924,research-assets/cozy-garden/steel-water-fountain-pump/img-0.jpg
cozy-garden,cmtumd9yy01xvm5etfn42j6my,http://thecozygarden.com/cdn/shop/files/GRWFP1243582935.jpg?v=1774657399,1,gallery,DOWNLOADED,image/jpeg,138924,research-assets/cozy-garden/steel-water-fountain-pump/img-1.jpg
cozy-garden,cmtumd9yy01xvm5etfn42j6my,https://thecozygarden.com/cdn/shop/files/GRWFP1243582935.jpg?v=1774657399&width=3840,2,gallery,DOWNLOADED,image/jpeg,138924,research-assets/cozy-garden/steel-water-fountain-pump/img-2.jpg
cozy-garden,cmtumd9yy01xvm5etfn42j6my,https://thecozygarden.com/cdn/shop/files/GRWFP1243582935_75111723.jpg?v=1774657399&width=3840,3,gallery,VALIDATED,image/jpeg,52140,
cozy-garden,cmtumd9yy01xvm5etfn42j6my,https://thecozygarden.com/cdn/shop/files/GRWFP1243582935_75111724.jpg?v=1774657399&width=3840,4,gallery,VALIDATED,image/jpeg,58355,
cozy-garden,cmtumd9yy01xvm5etfn42j6my,https://thecozygarden.com/cdn/shop/files/GRWFP1243582935.jpg?v=1774657399&width=832,5,gallery,VALIDATED,image/jpeg,138924,
cozy-garden,cmtumd9yy01xvm5etfn42j6my,https://thecozygarden.com/cdn/shop/files/GRWFP1243582935_75111723.jpg?v=1774657399&width=832,6,gallery,VALIDATED,image/jpeg,52140,
cozy-garden,cmtumd9yy01xvm5etfn42j6my,https://thecozygarden.com/cdn/shop/files/GRWFP1243582935_75111724.jpg?v=1774657399&width=832,7,gallery,VALIDATED,image/jpeg,58355,
cozy-garden,cmtumdrbf021hm5etha9a75ro,http://thecozygarden.com/cdn/shop/files/HW74046.jpg?v=1774657482,0,primary,DOWNLOADED,image/jpeg,35225,research-assets/cozy-garden/acacia-bed-porch-yard/img-0.jpg
cozy-garden,cmtumdrbf021hm5etha9a75ro,https://thecozygarden.com/cdn/shop/files/HW74046.jpg?v=1774657482&width=3840,1,gallery,DOWNLOADED,image/jpeg,35225,research-assets/cozy-garden/acacia-bed-porch-yard/img-1.jpg
cozy-garden,cmtumdrbf021hm5etha9a75ro,https://thecozygarden.com/cdn/shop/files/HW74046_88566861.jpg?v=1774657482&width=3840,2,gallery,DOWNLOADED,image/jpeg,90286,research-assets/cozy-garden/acacia-bed-porch-yard/img-2.jpg
cozy-garden,cmtumdrbf021hm5etha9a75ro,https://thecozygarden.com/cdn/shop/files/HW74046_88566862.jpg?v=1774657482&width=3840,3,gallery,VALIDATED,image/jpeg,77543,
cozy-garden,cmtumdrbf021hm5etha9a75ro,https://thecozygarden.com/cdn/shop/files/HW74046_88566863.jpg?v=1774657482&width=3840,4,gallery,VALIDATED,image/jpeg,53656,
cozy-garden,cmtumdrbf021hm5etha9a75ro,https://thecozygarden.com/cdn/shop/files/HW74046_88566864.jpg?v=1774657482&width=3840,5,gallery,VALIDATED,image/jpeg,54817,
cozy-garden,cmtumdrbf021hm5etha9a75ro,https://thecozygarden.com/cdn/shop/files/HW74046.jpg?v=1774657482&width=832,6,gallery,VALIDATED,image/jpeg,35225,
cozy-garden,cmtumdrbf021hm5etha9a75ro,https://thecozygarden.com/cdn/shop/files/HW74046_88566861.jpg?v=1774657482&width=832,7,gallery,VALIDATED,image/jpeg,90286,
cozy-garden,cmtumdrbf021hm5etha9a75ro,https://thecozygarden.com/cdn/shop/files/HW74046_88566862.jpg?v=1774657482&width=832,8,gallery,REJECTED,,,
cozy-garden,cmtumdrbf021hm5etha9a75ro,https://thecozygarden.com/cdn/shop/files/HW74046_88566863.jpg?v=1774657482&width=832,9,gallery,REJECTED,,,
cozy-garden,cmtumdrbf021hm5etha9a75ro,https://thecozygarden.com/cdn/shop/files/HW74046_88566864.jpg?v=1774657482&width=832,10,gallery,REJECTED,,,
viridian-bay,cmtumey6r028ym5etk8prwhx7,https://viridianbay.com/cdn/shop/products/pb34370-silo-color-corrected_44db4797-80ee-4087-bba9-a21c2856668f.jpg?v=1704929280&width=1920,0,primary,DOWNLOADED,image/jpeg,43328,research-assets/viridian-bay/aluminum-girasole-planter-trellis/img-0.jpg
viridian-bay,cmtumey6r028ym5etk8prwhx7,http://viridianbay.com/cdn/shop/products/pb34370-silo-color-corrected_44db4797-80ee-4087-bba9-a21c2856668f.jpg?v=1704929280&width=2048,1,gallery,DOWNLOADED,image/jpeg,43328,research-assets/viridian-bay/aluminum-girasole-planter-trellis/img-1.jpg
viridian-bay,cmtumey6r028ym5etk8prwhx7,https://viridianbay.com/cdn/shop/products/pb34370-silo-color-corrected_44db4797-80ee-4087-bba9-a21c2856668f.jpg?v=1704929280&width=1000,2,gallery,DOWNLOADED,image/jpeg,44589,research-assets/viridian-bay/aluminum-girasole-planter-trellis/img-2.jpg
viridian-bay,cmtumey6r028ym5etk8prwhx7,https://viridianbay.com/cdn/shop/files/PB34370_2024.jpg?v=1726519509&width=1000,3,gallery,VALIDATED,image/jpeg,233289,
viridian-bay,cmtumey6r028ym5etk8prwhx7,https://viridianbay.com/cdn/shop/files/pb3437_ls.jpg?v=1716319852&width=1000,4,gallery,VALIDATED,image/jpeg,288879,
viridian-bay,cmtumey6r028ym5etk8prwhx7,https://viridianbay.com/cdn/shop/files/pb3437_detail.jpg?v=1716320097&width=1000,5,gallery,VALIDATED,image/jpeg,130945,
viridian-bay,cmtumey6r028ym5etk8prwhx7,https://viridianbay.com/cdn/shop/files/PB34370_2024_2.jpg?v=1726519509&width=1000,6,gallery,VALIDATED,image/jpeg,174209,
cozy-garden,cmtumdutl022am5etpon1z85g,https://thecozygarden.com/cdn/shop/files/3107795.jpg?v=1774657499&width=1920,0,primary,DOWNLOADED,image/jpeg,182127,research-assets/cozy-garden/lounge-cushions-aluminum/img-0.jpg
cozy-garden,cmtumdutl022am5etpon1z85g,http://thecozygarden.com/cdn/shop/files/3107795.jpg?v=1774657499,1,gallery,DOWNLOADED,image/jpeg,182127,research-assets/cozy-garden/lounge-cushions-aluminum/img-1.jpg
cozy-garden,cmtumdutl022am5etpon1z85g,https://thecozygarden.com/cdn/shop/files/3107795.jpg?v=1774657499&width=3840,2,gallery,DOWNLOADED,image/jpeg,182127,research-assets/cozy-garden/lounge-cushions-aluminum/img-2.jpg
cozy-garden,cmtumdutl022am5etpon1z85g,https://thecozygarden.com/cdn/shop/files/3107795_64070324.jpg?v=1774657499&width=3840,3,gallery,VALIDATED,image/jpeg,25529,
cozy-garden,cmtumdutl022am5etpon1z85g,https://thecozygarden.com/cdn/shop/files/3107795_64070325.jpg?v=1774657499&width=3840,4,gallery,VALIDATED,image/jpeg,25489,
cozy-garden,cmtumdutl022am5etpon1z85g,https://thecozygarden.com/cdn/shop/files/3107795_64070326.jpg?v=1774657499&width=3840,5,gallery,VALIDATED,image/jpeg,26186,
cozy-garden,cmtumdutl022am5etpon1z85g,https://thecozygarden.com/cdn/shop/files/3107795_64070327.jpg?v=1774657499&width=3840,6,gallery,VALIDATED,image/jpeg,26627,
cozy-garden,cmtumdutl022am5etpon1z85g,https://thecozygarden.com/cdn/shop/files/3107795_64070328.jpg?v=1774657499&width=3840,7,gallery,VALIDATED,image/jpeg,23608,
cozy-garden,cmtumdutl022am5etpon1z85g,https://thecozygarden.com/cdn/shop/files/3107795_64070329.jpg?v=1774657499&width=3840,8,gallery,REJECTED,,,
cozy-garden,cmtumdutl022am5etpon1z85g,https://thecozygarden.com/cdn/shop/files/3107795_64070330.jpg?v=1774657499&width=3840,9,gallery,REJECTED,,,
cozy-garden,cmtumdutl022am5etpon1z85g,https://thecozygarden.com/cdn/shop/files/3107795_64070331.jpg?v=1774657499&width=3840,10,gallery,REJECTED,,,
cozy-garden,cmtumdutl022am5etpon1z85g,https://thecozygarden.com/cdn/shop/files/3107795_64070332.jpg?v=1774657499&width=3840,11,gallery,REJECTED,,,
cozy-garden,cmtumdutl022am5etpon1z85g,https://thecozygarden.com/cdn/shop/files/3107795_64070333.jpg?v=1774657499&width=3840,12,gallery,REJECTED,,,
cozy-garden,cmtumdutl022am5etpon1z85g,https://thecozygarden.com/cdn/shop/files/3107795.jpg?v=1774657499&width=832,13,gallery,REJECTED,,,
cozy-garden,cmtumdutl022am5etpon1z85g,https://thecozygarden.com/cdn/shop/files/3107795_64070324.jpg?v=1774657499&width=832,14,gallery,REJECTED,,,
cozy-garden,cmtumdutl022am5etpon1z85g,https://thecozygarden.com/cdn/shop/files/3107795_64070325.jpg?v=1774657499&width=832,15,gallery,REJECTED,,,
cozy-garden,cmtumdutl022am5etpon1z85g,https://thecozygarden.com/cdn/shop/files/3107795_64070326.jpg?v=1774657499&width=832,16,gallery,REJECTED,,,
cozy-garden,cmtumdutl022am5etpon1z85g,https://thecozygarden.com/cdn/shop/files/3107795_64070327.jpg?v=1774657499&width=832,17,gallery,REJECTED,,,
cozy-garden,cmtumdutl022am5etpon1z85g,https://thecozygarden.com/cdn/shop/files/3107795_64070328.jpg?v=1774657499&width=832,18,gallery,REJECTED,,,
cozy-garden,cmtumdutl022am5etpon1z85g,https://thecozygarden.com/cdn/shop/files/3107795_64070329.jpg?v=1774657499&width=832,19,gallery,REJECTED,,,
cozy-garden,cmtumdutl022am5etpon1z85g,https://thecozygarden.com/cdn/shop/files/3107795_64070330.jpg?v=1774657499&width=832,20,gallery,REJECTED,,,
cozy-garden,cmtumdutl022am5etpon1z85g,https://thecozygarden.com/cdn/shop/files/3107795_64070331.jpg?v=1774657499&width=832,21,gallery,REJECTED,,,
cozy-garden,cmtumdutl022am5etpon1z85g,https://thecozygarden.com/cdn/shop/files/3107795_64070332.jpg?v=1774657499&width=832,22,gallery,REJECTED,,,
cozy-garden,cmtumdutl022am5etpon1z85g,https://thecozygarden.com/cdn/shop/files/3107795_64070333.jpg?v=1774657499&width=832,23,gallery,REJECTED,,,
lewpe,cmtumb70g012tm5et06ahyq5i,http://www.lewpe.com/cdn/shop/files/ancora-plank-wood-wall-panel-walnut.jpg?v=1778775781&width=2048,0,primary,DOWNLOADED,image/jpeg,170232,research-assets/lewpe/wall-panel-walnut/img-0.jpg
lewpe,cmtumb70g012tm5et06ahyq5i,https://www.lewpe.com/cdn/shop/files/ancora-plank-wood-wall-panel-walnut.jpg?v=1778775781&width=2000,1,gallery,DOWNLOADED,image/jpeg,157178,research-assets/lewpe/wall-panel-walnut/img-1.jpg
lewpe,cmtumb70g012tm5et06ahyq5i,https://www.lewpe.com/cdn/shop/files/ancora-plank-wood-wall-panel-cherry.png?v=1778775781&width=1000,2,gallery,DOWNLOADED,image/png,1086915,research-assets/lewpe/wall-panel-walnut/img-2.png
lewpe,cmtumb70g012tm5et06ahyq5i,https://www.lewpe.com/cdn/shop/files/ancora-plank-wood-wall-panel-lifestyle-1.png?v=1778775781&width=1400,3,gallery,VALIDATED,image/png,2426150,
lewpe,cmtumb70g012tm5et06ahyq5i,https://www.lewpe.com/cdn/shop/files/ancora-plank-wood-wall-panel-lifestyle-2.png?v=1778775781&width=1400,4,gallery,VALIDATED,image/png,2317730,
lewpe,cmtumb70g012tm5et06ahyq5i,https://www.lewpe.com/cdn/shop/files/ancora-plank-wood-wall-panel-lifestyle-3.png?v=1778775781&width=1400,5,gallery,VALIDATED,image/png,2474885,
lewpe,cmtumb70g012tm5et06ahyq5i,https://www.lewpe.com/cdn/shop/files/ancora-plank-wood-wall-panel-lifestyle-4.png?v=1778775782&width=1400,6,gallery,VALIDATED,image/png,2346858,
lewpe,cmtumb70g012tm5et06ahyq5i,https://www.lewpe.com/cdn/shop/files/ancora-plank-wood-wall-panel-lifestyle-5.png?v=1778775782&width=1400,7,gallery,VALIDATED,image/png,2052123,
lewpe,cmtumb70g012tm5et06ahyq5i,https://www.lewpe.com/cdn/shop/files/ancora-plank-wood-wall-panel-lifestyle-6.png?v=1778775782&width=1400,8,gallery,REJECTED,,,
lewpe,cmtumb70g012tm5et06ahyq5i,https://www.lewpe.com/cdn/shop/files/ancora-plank-wood-wall-panel-lifestyle-7.png?v=1778775782&width=1400,9,gallery,REJECTED,,,
lewpe,cmtumb70g012tm5et06ahyq5i,https://www.lewpe.com/cdn/shop/files/ancora-plank-wood-wall-panel-walnut.jpg?v=1778775781&width=168,10,gallery,REJECTED,,,
lewpe,cmtumb70g012tm5et06ahyq5i,https://www.lewpe.com/cdn/shop/files/ancora-plank-wood-wall-panel-cherry.png?v=1778775781&width=168,11,gallery,REJECTED,,,
lewpe,cmtumb70g012tm5et06ahyq5i,https://www.lewpe.com/cdn/shop/files/ancora-plank-wood-wall-panel-lifestyle-1.png?v=1778775781&width=168,12,gallery,REJECTED,,,
lewpe,cmtumb70g012tm5et06ahyq5i,https://www.lewpe.com/cdn/shop/files/ancora-plank-wood-wall-panel-lifestyle-2.png?v=1778775781&width=168,13,gallery,REJECTED,,,
lewpe,cmtumb70g012tm5et06ahyq5i,https://www.lewpe.com/cdn/shop/files/ancora-plank-wood-wall-panel-lifestyle-3.png?v=1778775781&width=168,14,gallery,REJECTED,,,
lewpe,cmtumb70g012tm5et06ahyq5i,https://www.lewpe.com/cdn/shop/files/ancora-plank-wood-wall-panel-lifestyle-4.png?v=1778775782&width=168,15,gallery,REJECTED,,,
lewpe,cmtumb70g012tm5et06ahyq5i,https://www.lewpe.com/cdn/shop/files/ancora-plank-wood-wall-panel-lifestyle-5.png?v=1778775782&width=168,16,gallery,REJECTED,,,
lewpe,cmtumb70g012tm5et06ahyq5i,https://www.lewpe.com/cdn/shop/files/ancora-plank-wood-wall-panel-lifestyle-6.png?v=1778775782&width=168,17,gallery,REJECTED,,,
lewpe,cmtumb70g012tm5et06ahyq5i,https://www.lewpe.com/cdn/shop/files/ancora-plank-wood-wall-panel-lifestyle-7.png?v=1778775782&width=168,18,gallery,REJECTED,,,
viridian-bay,cmtumf41v02aam5etztoudqn7,https://viridianbay.com/cdn/shop/products/vb34473a_fc5d063f-6f90-4745-9f73-ffd5cfa850f0.jpg?v=1704928089&width=1920,0,primary,DOWNLOADED,image/jpeg,152331,research-assets/viridian-bay/glass-lighthouse-lantern/img-0.jpg
viridian-bay,cmtumf41v02aam5etztoudqn7,http://viridianbay.com/cdn/shop/products/vb34473a_fc5d063f-6f90-4745-9f73-ffd5cfa850f0.jpg?v=1704928089&width=2048,1,gallery,DOWNLOADED,image/jpeg,152331,research-assets/viridian-bay/glass-lighthouse-lantern/img-1.jpg
viridian-bay,cmtumf41v02aam5etztoudqn7,https://viridianbay.com/cdn/shop/products/vb34473a_fc5d063f-6f90-4745-9f73-ffd5cfa850f0.jpg?v=1704928089&width=1000,2,gallery,DOWNLOADED,image/jpeg,173917,research-assets/viridian-bay/glass-lighthouse-lantern/img-2.jpg
viridian-bay,cmtumf41v02aam5etztoudqn7,https://viridianbay.com/cdn/shop/products/vb34473b_ae1d1208-32a0-4653-a6ee-5dbb485c940a.jpg?v=1704928089&width=1000,3,gallery,VALIDATED,image/jpeg,36385,
viridian-bay,cmtumf41v02aam5etztoudqn7,https://viridianbay.com/cdn/shop/products/vb34473c_291477bc-b4e5-4449-9d21-766d89750e12.jpg?v=1704928089&width=1000,4,gallery,VALIDATED,image/jpeg,173974,
viridian-bay,cmtumf41v02aam5etztoudqn7,https://viridianbay.com/cdn/shop/products/vb34473d_6d9d5c64-61b0-49f3-a863-a24e71f03b0e.jpg?v=1704928089&width=1000,5,gallery,VALIDATED,image/jpeg,36217,
viridian-bay,cmtumf41v02aam5etztoudqn7,https://viridianbay.com/cdn/shop/products/vb34473e_59066136-badc-4c2b-a33d-c20a523846ec.jpg?v=1704928089&width=1000,6,gallery,VALIDATED,image/jpeg,104205,
viridian-bay,cmtumf41v02aam5etztoudqn7,https://viridianbay.com/cdn/shop/files/VB34473_scale.jpg?v=1722025311&width=1000,7,gallery,VALIDATED,image/jpeg,103690,
viridian-bay,cmtumf2th02a1m5etn3du3u0w,https://viridianbay.com/cdn/shop/products/vb34469a_dc6ea75e-29c6-45b7-80c9-0ea85fdb1dbe.jpg?v=1704928100&width=1920,0,primary,DOWNLOADED,image/jpeg,122646,research-assets/viridian-bay/sandpipers-lantern/img-0.jpg
viridian-bay,cmtumf2th02a1m5etn3du3u0w,http://viridianbay.com/cdn/shop/products/vb34469a_dc6ea75e-29c6-45b7-80c9-0ea85fdb1dbe.jpg?v=1704928100&width=2048,1,gallery,DOWNLOADED,image/jpeg,122646,research-assets/viridian-bay/sandpipers-lantern/img-1.jpg
viridian-bay,cmtumf2th02a1m5etn3du3u0w,https://viridianbay.com/cdn/shop/products/vb34469a_dc6ea75e-29c6-45b7-80c9-0ea85fdb1dbe.jpg?v=1704928100&width=1000,2,gallery,DOWNLOADED,image/jpeg,139062,research-assets/viridian-bay/sandpipers-lantern/img-2.jpg
viridian-bay,cmtumf2th02a1m5etn3du3u0w,https://viridianbay.com/cdn/shop/products/vb34469c_8d722b2a-14aa-4602-a547-2dec5bedfe12.jpg?v=1740416643&width=1000,3,gallery,VALIDATED,image/jpeg,100886,
viridian-bay,cmtumf2th02a1m5etn3du3u0w,https://viridianbay.com/cdn/shop/products/vb34469b_eb0ea926-436e-4348-96df-6583a1815a5e.jpg?v=1740416643&width=1000,4,gallery,VALIDATED,image/jpeg,71243,
viridian-bay,cmtumf2th02a1m5etn3du3u0w,https://viridianbay.com/cdn/shop/products/vb34469e_65f5b3f1-e899-4630-abd8-c2b8f11a68d9.jpg?v=1740416643&width=1000,5,gallery,VALIDATED,image/jpeg,147371,
viridian-bay,cmtumf2th02a1m5etn3du3u0w,https://viridianbay.com/cdn/shop/products/vb34469d_ac42430e-a67e-4e7c-90d3-9ba4d965ddc2.jpg?v=1740416643&width=1000,6,gallery,VALIDATED,image/jpeg,121100,
viridian-bay,cmtumf2th02a1m5etn3du3u0w,https://viridianbay.com/cdn/shop/products/vb34469f_962fd0c6-41b6-4e86-9275-40a859ef3f91.jpg?v=1704928100&width=1000,7,gallery,VALIDATED,image/jpeg,111717,
cozy-garden,cmtumcw4601v2m5et88jihklr,https://thecozygarden.com/cdn/shop/files/SXPQJY550W53242TQV1.jpg?v=1774657331&width=1920,0,primary,DOWNLOADED,image/jpeg,303093,research-assets/cozy-garden/water-oxygen-circulation-device/img-0.jpg
cozy-garden,cmtumcw4601v2m5et88jihklr,http://thecozygarden.com/cdn/shop/files/SXPQJY550W53242TQV1.jpg?v=1774657331,1,gallery,DOWNLOADED,image/jpeg,303093,research-assets/cozy-garden/water-oxygen-circulation-device/img-1.jpg
cozy-garden,cmtumcw4601v2m5et88jihklr,https://thecozygarden.com/cdn/shop/files/SXPQJY550W53242TQV1.jpg?v=1774657331&width=3840,2,gallery,DOWNLOADED,image/jpeg,303093,research-assets/cozy-garden/water-oxygen-circulation-device/img-2.jpg
ferm-living,cmtum70j200lcm5et3ir8l9be,https://fermliving.com/cdn/shop/files/208308_1104271110_1.png?v=1762175255,0,primary,DOWNLOADED,image/png,208356,research-assets/ferm-living/symmetry-mirror-green-travertine/img-0.png
ferm-living,cmtum70j200lcm5et3ir8l9be,https://fermliving.com/cdn/shop/files/208308_1104271110_1_x1200.png?v=1762175255,1,gallery,DOWNLOADED,image/png,219279,research-assets/ferm-living/symmetry-mirror-green-travertine/img-1.png
lewpe,cmtumbvce01g2m5eta8q92occ,http://www.lewpe.com/cdn/shop/files/viseu-nordic-led-semi-flush-mount-ceiling-light-white-product-4.png?v=1781048439&width=2048,0,primary,DOWNLOADED,image/png,1009246,research-assets/lewpe/wood-mount-ceiling-light/img-0.png
lewpe,cmtumbvce01g2m5eta8q92occ,https://www.lewpe.com/cdn/shop/files/viseu-nordic-led-semi-flush-mount-ceiling-light-white-product-4.png?v=1781048439&width=1000,1,gallery,DOWNLOADED,image/png,962171,research-assets/lewpe/wood-mount-ceiling-light/img-1.png
lewpe,cmtumbvce01g2m5eta8q92occ,https://www.lewpe.com/cdn/shop/files/viseu-nordic-led-semi-flush-mount-ceiling-light-pink-product-5.png?v=1781048439&width=1000,2,gallery,DOWNLOADED,image/png,983437,research-assets/lewpe/wood-mount-ceiling-light/img-2.png
lewpe,cmtumbvce01g2m5eta8q92occ,https://www.lewpe.com/cdn/shop/files/viseu-nordic-led-semi-flush-mount-ceiling-light-green-product-1.jpg?v=1781048439&width=2000,3,gallery,VALIDATED,image/jpeg,101534,
lewpe,cmtumbvce01g2m5eta8q92occ,https://www.lewpe.com/cdn/shop/files/viseu-nordic-led-semi-flush-mount-ceiling-light-wood-product-3.png?v=1781048439&width=1000,4,gallery,VALIDATED,image/png,1036696,
lewpe,cmtumbvce01g2m5eta8q92occ,https://www.lewpe.com/cdn/shop/files/viseu-nordic-led-semi-flush-mount-ceiling-light-gray-product-2.png?v=1781048439&width=1000,5,gallery,VALIDATED,image/png,974136,
lewpe,cmtumbvce01g2m5eta8q92occ,https://www.lewpe.com/cdn/shop/files/viseu-nordic-led-semi-flush-mount-ceiling-light-wood-lifestyle-3.jpg?v=1781048439&width=2000,6,gallery,VALIDATED,image/jpeg,329786,
lewpe,cmtumbvce01g2m5eta8q92occ,https://www.lewpe.com/cdn/shop/files/viseu-nordic-led-semi-flush-mount-ceiling-light-pink-lifestyle-1.jpg?v=1781048439&width=2000,7,gallery,VALIDATED,image/jpeg,352869,
lewpe,cmtumbvce01g2m5eta8q92occ,https://www.lewpe.com/cdn/shop/files/viseu-nordic-led-semi-flush-mount-ceiling-light-white-lifestyle-2.jpg?v=1781048439&width=2000,8,gallery,REJECTED,,,
lewpe,cmtumbvce01g2m5eta8q92occ,https://www.lewpe.com/cdn/shop/files/viseu-nordic-led-semi-flush-mount-ceiling-light-green-lifestyle-1.jpg?v=1781048439&width=2000,9,gallery,REJECTED,,,
lewpe,cmtumbvce01g2m5eta8q92occ,https://www.lewpe.com/cdn/shop/files/viseu-nordic-led-semi-flush-mount-ceiling-light-white-product-4.png?v=1781048439&width=168,10,gallery,REJECTED,,,
lewpe,cmtumbvce01g2m5eta8q92occ,https://www.lewpe.com/cdn/shop/files/viseu-nordic-led-semi-flush-mount-ceiling-light-pink-product-5.png?v=1781048439&width=168,11,gallery,REJECTED,,,
lewpe,cmtumbvce01g2m5eta8q92occ,https://www.lewpe.com/cdn/shop/files/viseu-nordic-led-semi-flush-mount-ceiling-light-green-product-1.jpg?v=1781048439&width=168,12,gallery,REJECTED,,,
lewpe,cmtumbvce01g2m5eta8q92occ,https://www.lewpe.com/cdn/shop/files/viseu-nordic-led-semi-flush-mount-ceiling-light-wood-product-3.png?v=1781048439&width=168,13,gallery,REJECTED,,,
lewpe,cmtumbvce01g2m5eta8q92occ,https://www.lewpe.com/cdn/shop/files/viseu-nordic-led-semi-flush-mount-ceiling-light-gray-product-2.png?v=1781048439&width=168,14,gallery,REJECTED,,,
lewpe,cmtumbvce01g2m5eta8q92occ,https://www.lewpe.com/cdn/shop/files/viseu-nordic-led-semi-flush-mount-ceiling-light-wood-lifestyle-3.jpg?v=1781048439&width=168,15,gallery,REJECTED,,,
lewpe,cmtumbvce01g2m5eta8q92occ,https://www.lewpe.com/cdn/shop/files/viseu-nordic-led-semi-flush-mount-ceiling-light-pink-lifestyle-1.jpg?v=1781048439&width=168,16,gallery,REJECTED,,,
lewpe,cmtumbvce01g2m5eta8q92occ,https://www.lewpe.com/cdn/shop/files/viseu-nordic-led-semi-flush-mount-ceiling-light-white-lifestyle-2.jpg?v=1781048439&width=168,17,gallery,REJECTED,,,
lewpe,cmtumbvce01g2m5eta8q92occ,https://www.lewpe.com/cdn/shop/files/viseu-nordic-led-semi-flush-mount-ceiling-light-green-lifestyle-1.jpg?v=1781048439&width=168,18,gallery,REJECTED,,,
lewpe,cmtumb50s0120m5et76gcv7fx,http://www.lewpe.com/cdn/shop/files/onda-faux-leather-wall-panel-black.jpg?v=1778773957&width=2048,0,primary,DOWNLOADED,image/jpeg,153817,research-assets/lewpe/panel-4-pack-quilted/img-0.jpg
lewpe,cmtumb50s0120m5et76gcv7fx,https://www.lewpe.com/cdn/shop/files/onda-faux-leather-wall-panel-black.jpg?v=1778773957&width=2000,1,gallery,DOWNLOADED,image/jpeg,142722,research-assets/lewpe/panel-4-pack-quilted/img-1.jpg
lewpe,cmtumb50s0120m5et76gcv7fx,https://www.lewpe.com/cdn/shop/files/onda-faux-leather-wall-panel-white.png?v=1778773957&width=1000,2,gallery,DOWNLOADED,image/png,1041704,research-assets/lewpe/panel-4-pack-quilted/img-2.png
lewpe,cmtumb50s0120m5et76gcv7fx,https://www.lewpe.com/cdn/shop/files/onda-faux-leather-wall-panel-pink.png?v=1778773957&width=1000,3,gallery,VALIDATED,image/png,1016884,
lewpe,cmtumb50s0120m5et76gcv7fx,https://www.lewpe.com/cdn/shop/files/onda-faux-leather-wall-panel-teal.png?v=1778773957&width=1000,4,gallery,VALIDATED,image/png,1105767,
lewpe,cmtumb50s0120m5et76gcv7fx,https://www.lewpe.com/cdn/shop/files/onda-faux-leather-wall-panel-gray.png?v=1778773957&width=1000,5,gallery,VALIDATED,image/png,1084343,
lewpe,cmtumb50s0120m5et76gcv7fx,https://www.lewpe.com/cdn/shop/files/onda-faux-leather-wall-panel-lifestyle-1.jpg?v=1778773957&width=2000,6,gallery,VALIDATED,image/jpeg,555080,
lewpe,cmtumb50s0120m5et76gcv7fx,https://www.lewpe.com/cdn/shop/files/onda-faux-leather-wall-panel-lifestyle-2.jpg?v=1778773957&width=2000,7,gallery,VALIDATED,image/jpeg,484127,
lewpe,cmtumb50s0120m5et76gcv7fx,https://www.lewpe.com/cdn/shop/files/onda-faux-leather-wall-panel-lifestyle-3.jpg?v=1778773957&width=2000,8,gallery,REJECTED,,,
lewpe,cmtumb50s0120m5et76gcv7fx,https://www.lewpe.com/cdn/shop/files/onda-faux-leather-wall-panel-lifestyle-4.jpg?v=1778773957&width=2000,9,gallery,REJECTED,,,
lewpe,cmtumb50s0120m5et76gcv7fx,https://www.lewpe.com/cdn/shop/files/onda-faux-leather-wall-panel-black.jpg?v=1778773957&width=168,10,gallery,REJECTED,,,
lewpe,cmtumb50s0120m5et76gcv7fx,https://www.lewpe.com/cdn/shop/files/onda-faux-leather-wall-panel-white.png?v=1778773957&width=168,11,gallery,REJECTED,,,
lewpe,cmtumb50s0120m5et76gcv7fx,https://www.lewpe.com/cdn/shop/files/onda-faux-leather-wall-panel-pink.png?v=1778773957&width=168,12,gallery,REJECTED,,,
lewpe,cmtumb50s0120m5et76gcv7fx,https://www.lewpe.com/cdn/shop/files/onda-faux-leather-wall-panel-teal.png?v=1778773957&width=168,13,gallery,REJECTED,,,
lewpe,cmtumb50s0120m5et76gcv7fx,https://www.lewpe.com/cdn/shop/files/onda-faux-leather-wall-panel-gray.png?v=1778773957&width=168,14,gallery,REJECTED,,,
lewpe,cmtumb50s0120m5et76gcv7fx,https://www.lewpe.com/cdn/shop/files/onda-faux-leather-wall-panel-lifestyle-1.jpg?v=1778773957&width=168,15,gallery,REJECTED,,,
lewpe,cmtumb50s0120m5et76gcv7fx,https://www.lewpe.com/cdn/shop/files/onda-faux-leather-wall-panel-lifestyle-2.jpg?v=1778773957&width=168,16,gallery,REJECTED,,,
lewpe,cmtumb50s0120m5et76gcv7fx,https://www.lewpe.com/cdn/shop/files/onda-faux-leather-wall-panel-lifestyle-3.jpg?v=1778773957&width=168,17,gallery,REJECTED,,,
lewpe,cmtumb50s0120m5et76gcv7fx,https://www.lewpe.com/cdn/shop/files/onda-faux-leather-wall-panel-lifestyle-4.jpg?v=1778773957&width=168,18,gallery,REJECTED,,,
viridian-bay,cmtumfd7w02cim5etc6dlsm0n,https://viridianbay.com/cdn/shop/products/vb34501b_66bd45ba-8634-4df0-98f4-7baeef7e4a42.jpg?v=1716245651&width=1920,0,primary,DOWNLOADED,image/jpeg,71543,research-assets/viridian-bay/aluminium-feathers-garden-stool/img-0.jpg
viridian-bay,cmtumfd7w02cim5etc6dlsm0n,http://viridianbay.com/cdn/shop/products/vb34501b_66bd45ba-8634-4df0-98f4-7baeef7e4a42.jpg?v=1716245651&width=2048,1,gallery,DOWNLOADED,image/jpeg,71543,research-assets/viridian-bay/aluminium-feathers-garden-stool/img-1.jpg
viridian-bay,cmtumfd7w02cim5etc6dlsm0n,https://viridianbay.com/cdn/shop/products/vb34501b_66bd45ba-8634-4df0-98f4-7baeef7e4a42.jpg?v=1716245651&width=1000,2,gallery,DOWNLOADED,image/jpeg,72784,research-assets/viridian-bay/aluminium-feathers-garden-stool/img-2.jpg
viridian-bay,cmtumfd7w02cim5etc6dlsm0n,https://viridianbay.com/cdn/shop/files/VB34501_VB35386.jpg?v=1716245651&width=1000,3,gallery,VALIDATED,image/jpeg,151033,
viridian-bay,cmtumfd7w02cim5etc6dlsm0n,https://viridianbay.com/cdn/shop/products/vb34501d_f8e688da-c7ff-4b7b-a0f0-ab27353a0ee5.jpg?v=1716245651&width=1000,4,gallery,VALIDATED,image/jpeg,214281,
viridian-bay,cmtumfd7w02cim5etc6dlsm0n,https://viridianbay.com/cdn/shop/products/vb34501a_7ef9e6a6-1815-44c2-bdcb-7d552f45caba.jpg?v=1716245651&width=1000,5,gallery,VALIDATED,image/jpeg,169360,
viridian-bay,cmtumfd7w02cim5etc6dlsm0n,https://viridianbay.com/cdn/shop/files/VB34501_VB34991.jpg?v=1716245651&width=1000,6,gallery,VALIDATED,image/jpeg,114160,
viridian-bay,cmtumfd7w02cim5etc6dlsm0n,https://viridianbay.com/cdn/shop/products/vb34501c_695ee650-10c0-492a-885c-10e72e5b0a68.jpg?v=1716245651&width=1000,7,gallery,VALIDATED,image/jpeg,145299,
viridian-bay,cmtumfd7w02cim5etc6dlsm0n,https://viridianbay.com/cdn/shop/products/vb34501e_cbf5c11e-c2b6-4626-bda4-c4dcea2b7bdb.jpg?v=1716245648&width=1000,8,gallery,REJECTED,,,
viridian-bay,cmtumfd7w02cim5etc6dlsm0n,https://viridianbay.com/cdn/shop/products/vb34501f_bd3bae93-4c67-427a-938a-39da2b4901b9.jpg?v=1716245648&width=1000,9,gallery,REJECTED,,,
viridian-bay,cmtumffhf02d0m5et1ud58skw,https://viridianbay.com/cdn/shop/products/deerlantern1_f468a6e3-9bd3-412a-aa0b-91468cbb9795.jpg?v=1704926980&width=1920,0,primary,DOWNLOADED,image/jpeg,93229,research-assets/viridian-bay/glass-pathfinder-deer-lantern/img-0.jpg
viridian-bay,cmtumffhf02d0m5et1ud58skw,http://viridianbay.com/cdn/shop/products/deerlantern1_f468a6e3-9bd3-412a-aa0b-91468cbb9795.jpg?v=1704926980&width=2048,1,gallery,DOWNLOADED,image/jpeg,93229,research-assets/viridian-bay/glass-pathfinder-deer-lantern/img-1.jpg
viridian-bay,cmtumffhf02d0m5et1ud58skw,https://viridianbay.com/cdn/shop/products/deerlantern1_f468a6e3-9bd3-412a-aa0b-91468cbb9795.jpg?v=1704926980&width=1000,2,gallery,DOWNLOADED,image/jpeg,153130,research-assets/viridian-bay/glass-pathfinder-deer-lantern/img-2.jpg
viridian-bay,cmtumffhf02d0m5et1ud58skw,https://viridianbay.com/cdn/shop/products/vb34527a_b114fa08-7315-4082-9408-2a16404a3b1d.jpg?v=1704926980&width=1000,3,gallery,VALIDATED,image/jpeg,46904,
viridian-bay,cmtumffhf02d0m5et1ud58skw,https://viridianbay.com/cdn/shop/products/vb34527d_3249fc2d-b479-4296-aac1-2626dd3a3273.jpg?v=1704926980&width=1000,4,gallery,VALIDATED,image/jpeg,129738,
viridian-bay,cmtumffhf02d0m5et1ud58skw,https://viridianbay.com/cdn/shop/products/vb34527b_cc84ddcf-6e56-42c4-b905-08e0e460797d.jpg?v=1704926980&width=1000,5,gallery,VALIDATED,image/jpeg,176186,
viridian-bay,cmtumffhf02d0m5et1ud58skw,https://viridianbay.com/cdn/shop/products/vb34527f_8541480b-aed1-49b1-aaa5-4bfaab8e7d30.jpg?v=1704926980&width=1000,6,gallery,VALIDATED,image/jpeg,97129,
viridian-bay,cmtumffhf02d0m5et1ud58skw,https://viridianbay.com/cdn/shop/products/vb34527b_a3d6bb07-f730-4d05-b0ea-c32bd6f1e970.jpg?v=1704926980&width=1000,7,gallery,VALIDATED,image/jpeg,41293,
viridian-bay,cmtumffhf02d0m5et1ud58skw,https://viridianbay.com/cdn/shop/products/vb34527c_0fcd8494-541b-4db2-8d5c-1413e2cb3883.jpg?v=1704926980&width=1000,8,gallery,REJECTED,,,
viridian-bay,cmtumg1i102hrm5etrgov1kyr,https://viridianbay.com/cdn/shop/products/VB34727_outdoor_61d80062-6430-4657-9803-c9bd1954c581.jpg?v=1713303294&width=1920,0,primary,DOWNLOADED,image/jpeg,221357,research-assets/viridian-bay/glass-ming-temple-lantern/img-0.jpg
viridian-bay,cmtumg1i102hrm5etrgov1kyr,http://viridianbay.com/cdn/shop/products/VB34727_outdoor_61d80062-6430-4657-9803-c9bd1954c581.jpg?v=1713303294&width=2048,1,gallery,DOWNLOADED,image/jpeg,221357,research-assets/viridian-bay/glass-ming-temple-lantern/img-1.jpg
viridian-bay,cmtumg1i102hrm5etrgov1kyr,https://viridianbay.com/cdn/shop/products/VB34727_outdoor_61d80062-6430-4657-9803-c9bd1954c581.jpg?v=1713303294&width=1000,2,gallery,DOWNLOADED,image/jpeg,285087,research-assets/viridian-bay/glass-ming-temple-lantern/img-2.jpg
viridian-bay,cmtumg1i102hrm5etrgov1kyr,https://viridianbay.com/cdn/shop/files/vb34727_pillow.jpg?v=1713303294&width=1000,3,gallery,VALIDATED,image/jpeg,156336,
viridian-bay,cmtumg1i102hrm5etrgov1kyr,https://viridianbay.com/cdn/shop/products/vb34727a_82607d7a-df0c-4550-9270-8eb0d428c890.jpg?v=1713303294&width=1000,4,gallery,VALIDATED,image/jpeg,49796,
viridian-bay,cmtumg1i102hrm5etrgov1kyr,https://viridianbay.com/cdn/shop/products/VB34727_lifestyle_554e9a08-c95f-4130-804e-684605bd13c6.jpg?v=1713303294&width=1000,5,gallery,VALIDATED,image/jpeg,148964,
viridian-bay,cmtumg1i102hrm5etrgov1kyr,https://viridianbay.com/cdn/shop/products/vb34727_8cc8c1b4-f424-4e29-b006-09dab48ac91c.jpg?v=1713303294&width=1000,6,gallery,VALIDATED,image/jpeg,123682,
ferm-living,cmtun4ha500bxm50hbfnmkcyz,https://fermliving.com/cdn/shop/files/105871_1104272061_1.png?v=1762177913,0,primary,DOWNLOADED,image/png,105919,research-assets/ferm-living/dark-stained-beech-home-accessory/img-0.png
ferm-living,cmtun4ha500bxm50hbfnmkcyz,https://fermliving.com/cdn/shop/files/105871_1104272061_1_x1200.png?v=1762177913,1,gallery,DOWNLOADED,image/png,62412,research-assets/ferm-living/dark-stained-beech-home-accessory/img-1.png
ferm-living,cmtun4q11009xm53joj4crjdy,https://fermliving.com/cdn/shop/files/246240_1104272241_1.png?v=1762178074,0,primary,DOWNLOADED,image/png,246288,research-assets/ferm-living/cotton-layer-bolster-cushion-undyed/img-0.png
ferm-living,cmtun4q11009xm53joj4crjdy,https://fermliving.com/cdn/shop/files/246240_1104272241_1_x1200.png?v=1762178074,1,gallery,DOWNLOADED,image/png,126273,research-assets/ferm-living/cotton-layer-bolster-cushion-undyed/img-1.png
ferm-living,cmtun4rk100eam50hhoq2xyxz,https://fermliving.com/cdn/shop/files/1104272326_1_6e5ee8f9-134b-46de-9f87-45a5de982520.png?v=1762245374,0,primary,DOWNLOADED,image/png,172193,research-assets/ferm-living/layer-block-candle-bronze/img-0.png
ferm-living,cmtun4rk100eam50hhoq2xyxz,https://fermliving.com/cdn/shop/files/1104272326_1_6e5ee8f9-134b-46de-9f87-45a5de982520_x1200.png?v=1762245374,1,gallery,DOWNLOADED,image/png,112701,research-assets/ferm-living/layer-block-candle-bronze/img-1.png
ferm-living,cmtun4sx100amm53jweo30aid,https://fermliving.com/cdn/shop/files/1104272321_1_db164993-52a5-4481-b6e5-c02f45f72a7b.png?v=1762245634,0,primary,DOWNLOADED,image/png,137282,research-assets/ferm-living/layer-block-candle-bronze-33/img-0.png
ferm-living,cmtun4sx100amm53jweo30aid,https://fermliving.com/cdn/shop/files/1104272321_1_db164993-52a5-4481-b6e5-c02f45f72a7b_x1200.png?v=1762245634,1,gallery,DOWNLOADED,image/png,72340,research-assets/ferm-living/layer-block-candle-bronze-33/img-1.png
ferm-living,cmtum88iw00xbm5etpkafwqco,https://fermliving.com/cdn/shop/files/604179_1104272070_1.png?v=1762178031,0,primary,DOWNLOADED,image/png,604227,research-assets/ferm-living/cotton-black-layer-cushion-cover-cashmere/img-0.png
ferm-living,cmtum88iw00xbm5etpkafwqco,https://fermliving.com/cdn/shop/files/604179_1104272070_1_x1200.png?v=1762178031,1,gallery,DOWNLOADED,image/png,259936,research-assets/ferm-living/cotton-black-layer-cushion-cover-cashmere/img-1.png
ferm-living,cmtun4xie00fjm50hh4q4jwl9,https://fermliving.com/cdn/shop/files/77698_1104272374_1.png?v=1762178122,0,primary,DOWNLOADED,image/png,77746,research-assets/ferm-living/mirror-curve-orbelle-etagere-polished/img-0.png
ferm-living,cmtun4xie00fjm50hh4q4jwl9,https://fermliving.com/cdn/shop/files/77698_1104272374_1_x1200.png?v=1762178122,1,gallery,DOWNLOADED,image/png,50391,research-assets/ferm-living/mirror-curve-orbelle-etagere-polished/img-1.png
ferm-living,cmtum87c800x2m5etzs4dgixt,https://fermliving.com/cdn/shop/files/344471_1104272027_1.png?v=1762177912,0,primary,DOWNLOADED,image/png,344519,research-assets/ferm-living/cotton-red-layer-cushion-rectangular-multi/img-0.png
ferm-living,cmtum87c800x2m5etzs4dgixt,https://fermliving.com/cdn/shop/files/344471_1104272027_1_x1200.png?v=1762177912,1,gallery,DOWNLOADED,image/png,189850,research-assets/ferm-living/cotton-red-layer-cushion-rectangular-multi/img-1.png
ferm-living,cmtun4zi400g1m50hkjxqkqab,https://fermliving.com/cdn/shop/files/371494_1104272412_1.png?v=1762177764,0,primary,DOWNLOADED,image/png,371542,research-assets/ferm-living/mirror-natural-form-folia-burl/img-0.png
ferm-living,cmtun4zi400g1m50hkjxqkqab,https://fermliving.com/cdn/shop/files/371494_1104272412_1_x1200.png?v=1762177764,1,gallery,DOWNLOADED,image/png,205402,research-assets/ferm-living/mirror-natural-form-folia-burl/img-1.png
ferm-living,cmtum851a00wim5etsppmhk4e,https://fermliving.com/cdn/shop/files/197764_1104272021_1.png?v=1762177928,0,primary,DOWNLOADED,image/png,197812,research-assets/ferm-living/cotton-black-soft-bolster-cushion-off-white/img-0.png
ferm-living,cmtum851a00wim5etsppmhk4e,https://fermliving.com/cdn/shop/files/197764_1104272021_1_x1200.png?v=1762177928,1,gallery,DOWNLOADED,image/png,98414,research-assets/ferm-living/cotton-black-soft-bolster-cushion-off-white/img-1.png
cozy-garden,cmtumdgvd01zam5etwpl13v8a,https://thecozygarden.com/cdn/shop/files/HW70439WH.jpg?v=1774657432&width=1920,0,primary,DOWNLOADED,image/jpeg,25366,research-assets/cozy-garden/rattan-white-keep-garden-cushion-white-color/img-0.jpg
cozy-garden,cmtumdgvd01zam5etwpl13v8a,http://thecozygarden.com/cdn/shop/files/HW70439WH.jpg?v=1774657432,1,gallery,DOWNLOADED,image/jpeg,25366,research-assets/cozy-garden/rattan-white-keep-garden-cushion-white-color/img-1.jpg
cozy-garden,cmtumdgvd01zam5etwpl13v8a,https://thecozygarden.com/cdn/shop/files/HW70439WH.jpg?v=1774657432&width=3840,2,gallery,DOWNLOADED,image/jpeg,25366,research-assets/cozy-garden/rattan-white-keep-garden-cushion-white-color/img-2.jpg
cozy-garden,cmtumdgvd01zam5etwpl13v8a,https://thecozygarden.com/cdn/shop/files/HW70439WH-_56652610.jpg?v=1774657432&width=3840,3,gallery,VALIDATED,image/jpeg,142858,
cozy-garden,cmtumdgvd01zam5etwpl13v8a,https://thecozygarden.com/cdn/shop/files/HW70439WH-_56652611.jpg?v=1774657432&width=3840,4,gallery,VALIDATED,image/jpeg,82519,
cozy-garden,cmtumdgvd01zam5etwpl13v8a,https://thecozygarden.com/cdn/shop/files/HW70439WH-_56652612.jpg?v=1774657432&width=3840,5,gallery,VALIDATED,image/jpeg,38801,
cozy-garden,cmtumdgvd01zam5etwpl13v8a,https://thecozygarden.com/cdn/shop/files/HW70439WH-_56652613.jpg?v=1774657432&width=3840,6,gallery,VALIDATED,image/jpeg,67722,
cozy-garden,cmtumdgvd01zam5etwpl13v8a,https://thecozygarden.com/cdn/shop/files/HW70439WH.jpg?v=1774657432&width=832,7,gallery,VALIDATED,image/jpeg,25366,
cozy-garden,cmtumdgvd01zam5etwpl13v8a,https://thecozygarden.com/cdn/shop/files/HW70439WH-_56652610.jpg?v=1774657432&width=832,8,gallery,REJECTED,,,
cozy-garden,cmtumdgvd01zam5etwpl13v8a,https://thecozygarden.com/cdn/shop/files/HW70439WH-_56652611.jpg?v=1774657432&width=832,9,gallery,REJECTED,,,
cozy-garden,cmtumdgvd01zam5etwpl13v8a,https://thecozygarden.com/cdn/shop/files/HW70439WH-_56652612.jpg?v=1774657432&width=832,10,gallery,REJECTED,,,
cozy-garden,cmtumdgvd01zam5etwpl13v8a,https://thecozygarden.com/cdn/shop/files/HW70439WH-_56652613.jpg?v=1774657432&width=832,11,gallery,REJECTED,,,
ferm-living,cmtun55u600dkm53jhg6uxxnu,https://fermliving.com/cdn/shop/files/997012_1104269276_1.png?v=1762179581,0,primary,DOWNLOADED,image/png,997060,research-assets/ferm-living/oak-glow-shelf-square-oiled/img-0.png
ferm-living,cmtun55u600dkm53jhg6uxxnu,https://fermliving.com/cdn/shop/files/997012_1104269276_1_x1200.png?v=1762179581,1,gallery,DOWNLOADED,image/png,473669,research-assets/ferm-living/oak-glow-shelf-square-oiled/img-1.png
lewpe,cmtumbuem01flm5etcwqcoiv2,http://www.lewpe.com/cdn/shop/files/portalegre-yellow-glass-semi-flush-ceiling-light-product-0.jpg?v=1779140344&width=2048,0,primary,DOWNLOADED,image/jpeg,108348,research-assets/lewpe/glass-yellow-glow-semi-flush-ceiling-light/img-0.jpg
lewpe,cmtumbuem01flm5etcwqcoiv2,https://www.lewpe.com/cdn/shop/files/portalegre-yellow-glass-semi-flush-ceiling-light-product-0.jpg?v=1779140344&width=2000,1,gallery,DOWNLOADED,image/jpeg,99764,research-assets/lewpe/glass-yellow-glow-semi-flush-ceiling-light/img-1.jpg
lewpe,cmtumbuem01flm5etcwqcoiv2,https://www.lewpe.com/cdn/shop/files/portalegre-yellow-glass-semi-flush-ceiling-light-lifestyle-1.jpg?v=1779140344&width=2000,2,gallery,DOWNLOADED,image/jpeg,550577,research-assets/lewpe/glass-yellow-glow-semi-flush-ceiling-light/img-2.jpg
lewpe,cmtumbuem01flm5etcwqcoiv2,https://www.lewpe.com/cdn/shop/files/portalegre-yellow-glass-semi-flush-ceiling-light-lifestyle-3.jpg?v=1779140344&width=2000,3,gallery,VALIDATED,image/jpeg,501255,
lewpe,cmtumbuem01flm5etcwqcoiv2,https://www.lewpe.com/cdn/shop/files/portalegre-yellow-glass-semi-flush-ceiling-light-lifestyle-4.jpg?v=1779140344&width=2000,4,gallery,VALIDATED,image/jpeg,385324,
lewpe,cmtumbuem01flm5etcwqcoiv2,https://www.lewpe.com/cdn/shop/files/portalegre-yellow-glass-semi-flush-ceiling-light-lifestyle-8.jpg?v=1779140529&width=600,5,gallery,VALIDATED,image/jpeg,21875,
lewpe,cmtumbuem01flm5etcwqcoiv2,https://www.lewpe.com/cdn/shop/files/portalegre-yellow-glass-semi-flush-ceiling-light-lifestyle-9.jpg?v=1779140529&width=2000,6,gallery,VALIDATED,image/jpeg,550577,
lewpe,cmtumbuem01flm5etcwqcoiv2,https://www.lewpe.com/cdn/shop/files/portalegre-yellow-glass-semi-flush-ceiling-light-lifestyle-6.jpg?v=1779140344&width=2000,7,gallery,VALIDATED,image/jpeg,396001,
lewpe,cmtumbuem01flm5etcwqcoiv2,https://www.lewpe.com/cdn/shop/files/portalegre-semi-flush-copper-red-dome.jpg?v=1781539765&width=800,8,gallery,REJECTED,,,
lewpe,cmtumbuem01flm5etcwqcoiv2,https://www.lewpe.com/cdn/shop/files/portalegre-yellow-glass-semi-flush-ceiling-light-product-0.jpg?v=1779140344&width=168,9,gallery,REJECTED,,,
lewpe,cmtumbuem01flm5etcwqcoiv2,https://www.lewpe.com/cdn/shop/files/portalegre-yellow-glass-semi-flush-ceiling-light-lifestyle-1.jpg?v=1779140344&width=168,10,gallery,REJECTED,,,
lewpe,cmtumbuem01flm5etcwqcoiv2,https://www.lewpe.com/cdn/shop/files/portalegre-yellow-glass-semi-flush-ceiling-light-lifestyle-3.jpg?v=1779140344&width=168,11,gallery,REJECTED,,,
lewpe,cmtumbuem01flm5etcwqcoiv2,https://www.lewpe.com/cdn/shop/files/portalegre-yellow-glass-semi-flush-ceiling-light-lifestyle-4.jpg?v=1779140344&width=168,12,gallery,REJECTED,,,
lewpe,cmtumbuem01flm5etcwqcoiv2,https://www.lewpe.com/cdn/shop/files/portalegre-yellow-glass-semi-flush-ceiling-light-lifestyle-8.jpg?v=1779140529&width=168,13,gallery,REJECTED,,,
lewpe,cmtumbuem01flm5etcwqcoiv2,https://www.lewpe.com/cdn/shop/files/portalegre-yellow-glass-semi-flush-ceiling-light-lifestyle-9.jpg?v=1779140529&width=168,14,gallery,REJECTED,,,
lewpe,cmtumbuem01flm5etcwqcoiv2,https://www.lewpe.com/cdn/shop/files/portalegre-yellow-glass-semi-flush-ceiling-light-lifestyle-6.jpg?v=1779140344&width=168,15,gallery,REJECTED,,,
lewpe,cmtumbuem01flm5etcwqcoiv2,https://www.lewpe.com/cdn/shop/files/portalegre-semi-flush-copper-red-dome.jpg?v=1781539765&width=168,16,gallery,REJECTED,,,
lewpe,cmtunaniw010dm50hw4i4f3j9,http://www.lewpe.com/cdn/shop/files/balsemao-curved-arm-chandelier-in-polished-gold-with-6-arms-01_d0fd7f0d-3aad-41ca-9f4f-6c5e024a6ef3.jpg?v=1787793573&width=2048,0,primary,DOWNLOADED,image/jpeg,122668,research-assets/lewpe/metal-glow-curved-arm-ceiling-light/img-0.jpg
lewpe,cmtunaniw010dm50hw4i4f3j9,https://www.lewpe.com/cdn/shop/files/balsemao-curved-arm-chandelier-in-polished-gold-with-6-arms-01_d0fd7f0d-3aad-41ca-9f4f-6c5e024a6ef3.jpg?v=1787793573&width=1200,1,gallery,DOWNLOADED,image/jpeg,109493,research-assets/lewpe/metal-glow-curved-arm-ceiling-light/img-1.jpg
lewpe,cmtunaniw010dm50hw4i4f3j9,https://www.lewpe.com/cdn/shop/files/balsemao-curved-arm-chandelier-in-matte-black-with-6-arms-02_9ef90347-40b6-4ca2-827f-67f119d14a2d.jpg?v=1787793571&width=1200,2,gallery,DOWNLOADED,image/jpeg,87823,research-assets/lewpe/metal-glow-curved-arm-ceiling-light/img-2.jpg
lewpe,cmtunaniw010dm50hw4i4f3j9,https://www.lewpe.com/cdn/shop/files/balsemao-curved-arm-chandelier-in-polished-gold-with-9-arms-03_869340bd-ba63-494a-b629-92be44bcb8fd.jpg?v=1787793572&width=1200,3,gallery,VALIDATED,image/jpeg,123931,
lewpe,cmtunaniw010dm50hw4i4f3j9,https://www.lewpe.com/cdn/shop/files/balsemao-curved-arm-chandelier-in-matte-black-with-9-arms-04_7eeee2c5-9543-4d80-8b41-f17d8d8d2ac4.jpg?v=1787793572&width=1200,4,gallery,VALIDATED,image/jpeg,120757,
lewpe,cmtunaniw010dm50hw4i4f3j9,https://www.lewpe.com/cdn/shop/files/balsemao-curved-arm-chandelier-in-polished-gold-with-12-arms-05_d6452198-ff3f-47ff-b027-dde74e74a0ca.jpg?v=1787793572&width=1200,5,gallery,VALIDATED,image/jpeg,161139,
lewpe,cmtunaniw010dm50hw4i4f3j9,https://www.lewpe.com/cdn/shop/files/balsemao-curved-arm-chandelier-in-matte-black-with-12-arms-06_a5277104-49d3-4bee-8799-2a3d82cf4cc4.jpg?v=1787793572&width=1200,6,gallery,VALIDATED,image/jpeg,130841,
lewpe,cmtunaniw010dm50hw4i4f3j9,https://www.lewpe.com/cdn/shop/files/balsemao-curved-arm-chandelier-in-polished-gold-with-6-arms-08_ad5e30b7-1e22-4164-80f5-33ce5b0f3a0b.jpg?v=1787793572&width=1200,7,gallery,VALIDATED,image/jpeg,229151,
lewpe,cmtunaniw010dm50hw4i4f3j9,https://www.lewpe.com/cdn/shop/files/balsemao-curved-arm-chandelier-in-matte-black-with-6-arms-in-09_ca94a332-4b82-4a21-b29b-d57e5ca9cea6.jpg?v=1787793573&width=1200,8,gallery,REJECTED,,,
lewpe,cmtunaniw010dm50hw4i4f3j9,https://www.lewpe.com/cdn/shop/files/balsemao-curved-arm-chandelier-in-polished-gold-with-9-arms-10_af57cf1a-2359-4c0a-ba6a-a9143373fa83.jpg?v=1787793572&width=1200,9,gallery,REJECTED,,,
lewpe,cmtunaniw010dm50hw4i4f3j9,https://www.lewpe.com/cdn/shop/files/balsemao-curved-arm-chandelier-in-matte-black-with-9-arms-in-11_fb9c95f2-ae2d-4788-93e0-9ac607d0b192.jpg?v=1787793573&width=1200,10,gallery,REJECTED,,,
lewpe,cmtunaniw010dm50hw4i4f3j9,https://www.lewpe.com/cdn/shop/files/balsemao-curved-arm-chandelier-in-polished-gold-with-12-arms-12_4d5d4cca-3478-498c-8d0d-6f307d30926d.jpg?v=1787793572&width=1200,11,gallery,REJECTED,,,
lewpe,cmtunaniw010dm50hw4i4f3j9,https://www.lewpe.com/cdn/shop/files/balsemao-curved-arm-chandelier-in-matte-black-with-12-arms-a-13_74a84463-9d11-4ad1-92bc-730f858dcfcc.jpg?v=1787793573&width=1200,12,gallery,REJECTED,,,
lewpe,cmtunaniw010dm50hw4i4f3j9,https://www.lewpe.com/cdn/shop/files/balsemao-curved-arm-chandelier-in-polished-gold-with-6-arms-01_d0fd7f0d-3aad-41ca-9f4f-6c5e024a6ef3.jpg?v=1787793573&width=168,13,gallery,REJECTED,,,
lewpe,cmtunaniw010dm50hw4i4f3j9,https://www.lewpe.com/cdn/shop/files/balsemao-curved-arm-chandelier-in-matte-black-with-6-arms-02_9ef90347-40b6-4ca2-827f-67f119d14a2d.jpg?v=1787793571&width=168,14,gallery,REJECTED,,,
lewpe,cmtunaniw010dm50hw4i4f3j9,https://www.lewpe.com/cdn/shop/files/balsemao-curved-arm-chandelier-in-polished-gold-with-9-arms-03_869340bd-ba63-494a-b629-92be44bcb8fd.jpg?v=1787793572&width=168,15,gallery,REJECTED,,,
lewpe,cmtunaniw010dm50hw4i4f3j9,https://www.lewpe.com/cdn/shop/files/balsemao-curved-arm-chandelier-in-matte-black-with-9-arms-04_7eeee2c5-9543-4d80-8b41-f17d8d8d2ac4.jpg?v=1787793572&width=168,16,gallery,REJECTED,,,
lewpe,cmtunaniw010dm50hw4i4f3j9,https://www.lewpe.com/cdn/shop/files/balsemao-curved-arm-chandelier-in-polished-gold-with-12-arms-05_d6452198-ff3f-47ff-b027-dde74e74a0ca.jpg?v=1787793572&width=168,17,gallery,REJECTED,,,
lewpe,cmtunaniw010dm50hw4i4f3j9,https://www.lewpe.com/cdn/shop/files/balsemao-curved-arm-chandelier-in-matte-black-with-12-arms-06_a5277104-49d3-4bee-8799-2a3d82cf4cc4.jpg?v=1787793572&width=168,18,gallery,REJECTED,,,
lewpe,cmtunaniw010dm50hw4i4f3j9,https://www.lewpe.com/cdn/shop/files/balsemao-curved-arm-chandelier-in-polished-gold-with-6-arms-08_ad5e30b7-1e22-4164-80f5-33ce5b0f3a0b.jpg?v=1787793572&width=168,19,gallery,REJECTED,,,
lewpe,cmtunaniw010dm50hw4i4f3j9,https://www.lewpe.com/cdn/shop/files/balsemao-curved-arm-chandelier-in-matte-black-with-6-arms-in-09_ca94a332-4b82-4a21-b29b-d57e5ca9cea6.jpg?v=1787793573&width=168,20,gallery,REJECTED,,,
lewpe,cmtunaniw010dm50hw4i4f3j9,https://www.lewpe.com/cdn/shop/files/balsemao-curved-arm-chandelier-in-polished-gold-with-9-arms-10_af57cf1a-2359-4c0a-ba6a-a9143373fa83.jpg?v=1787793572&width=168,21,gallery,REJECTED,,,
lewpe,cmtunaniw010dm50hw4i4f3j9,https://www.lewpe.com/cdn/shop/files/balsemao-curved-arm-chandelier-in-matte-black-with-9-arms-in-11_fb9c95f2-ae2d-4788-93e0-9ac607d0b192.jpg?v=1787793573&width=168,22,gallery,REJECTED,,,
lewpe,cmtunaniw010dm50hw4i4f3j9,https://www.lewpe.com/cdn/shop/files/balsemao-curved-arm-chandelier-in-polished-gold-with-12-arms-12_4d5d4cca-3478-498c-8d0d-6f307d30926d.jpg?v=1787793572&width=168,23,gallery,REJECTED,,,
lewpe,cmtunas0c0139m50hjnfthpvw,http://www.lewpe.com/cdn/shop/files/valenca-v2-product-photo.png?v=1779220215&width=2048,0,primary,DOWNLOADED,image/png,970513,research-assets/lewpe/glass-halo-sconce-ring-base/img-0.png
lewpe,cmtunas0c0139m50hjnfthpvw,https://www.lewpe.com/cdn/shop/files/valenca-v2-product-photo.png?v=1779220215&width=1000,1,gallery,DOWNLOADED,image/png,929041,research-assets/lewpe/glass-halo-sconce-ring-base/img-1.png
lewpe,cmtunas0c0139m50hjnfthpvw,https://www.lewpe.com/cdn/shop/files/valenca-v4-product-photo.png?v=1779220215&width=1000,2,gallery,DOWNLOADED,image/png,939173,research-assets/lewpe/glass-halo-sconce-ring-base/img-2.png
lewpe,cmtunas0c0139m50hjnfthpvw,https://www.lewpe.com/cdn/shop/files/valenca-v2-lifestyle-2.jpg?v=1779220215&width=2000,3,gallery,VALIDATED,image/jpeg,637311,
lewpe,cmtunas0c0139m50hjnfthpvw,https://www.lewpe.com/cdn/shop/files/valenca-v2-lifestyle-1.jpg?v=1779220215&width=2000,4,gallery,VALIDATED,image/jpeg,397363,
lewpe,cmtunas0c0139m50hjnfthpvw,https://www.lewpe.com/cdn/shop/files/valenca-v4-lifestyle-3.jpg?v=1779220215&width=2000,5,gallery,VALIDATED,image/jpeg,350158,
lewpe,cmtunas0c0139m50hjnfthpvw,https://www.lewpe.com/cdn/shop/files/valenca-v4-lifestyle-1.jpg?v=1779220223&width=2000,6,gallery,VALIDATED,image/jpeg,357327,
lewpe,cmtunas0c0139m50hjnfthpvw,https://www.lewpe.com/cdn/shop/files/valenca-glass-ring-base-product-1.jpg?v=1780192336&width=800,7,gallery,VALIDATED,image/jpeg,48159,
lewpe,cmtunas0c0139m50hjnfthpvw,https://www.lewpe.com/cdn/shop/files/valenca-glass-ring-base-product-2.jpg?v=1780192336&width=600,8,gallery,REJECTED,,,
lewpe,cmtunas0c0139m50hjnfthpvw,https://www.lewpe.com/cdn/shop/files/valenca-v2-product-photo.png?v=1779220215&width=168,9,gallery,REJECTED,,,
lewpe,cmtunas0c0139m50hjnfthpvw,https://www.lewpe.com/cdn/shop/files/valenca-v4-product-photo.png?v=1779220215&width=168,10,gallery,REJECTED,,,
lewpe,cmtunas0c0139m50hjnfthpvw,https://www.lewpe.com/cdn/shop/files/valenca-v2-lifestyle-2.jpg?v=1779220215&width=168,11,gallery,REJECTED,,,
lewpe,cmtunas0c0139m50hjnfthpvw,https://www.lewpe.com/cdn/shop/files/valenca-v2-lifestyle-1.jpg?v=1779220215&width=168,12,gallery,REJECTED,,,
lewpe,cmtunas0c0139m50hjnfthpvw,https://www.lewpe.com/cdn/shop/files/valenca-v4-lifestyle-3.jpg?v=1779220215&width=168,13,gallery,REJECTED,,,
lewpe,cmtunas0c0139m50hjnfthpvw,https://www.lewpe.com/cdn/shop/files/valenca-v4-lifestyle-1.jpg?v=1779220223&width=168,14,gallery,REJECTED,,,
lewpe,cmtunas0c0139m50hjnfthpvw,https://www.lewpe.com/cdn/shop/files/valenca-glass-ring-base-product-1.jpg?v=1780192336&width=168,15,gallery,REJECTED,,,
lewpe,cmtunas0c0139m50hjnfthpvw,https://www.lewpe.com/cdn/shop/files/valenca-glass-ring-base-product-2.jpg?v=1780192336&width=168,16,gallery,REJECTED,,,
lewpe,cmtunaj8500u3m53jx3uwg0qi,http://www.lewpe.com/cdn/shop/files/ancos-strip-led-wall-sconce-with-a-black-band-on-a-frosted-01.jpg?v=1787605629&width=2048,0,primary,DOWNLOADED,image/jpeg,83006,research-assets/lewpe/aluminium-ambient-wall-sconce-acrylic/img-0.jpg
lewpe,cmtunaj8500u3m53jx3uwg0qi,https://www.lewpe.com/cdn/shop/files/ancos-strip-led-wall-sconce-with-a-black-band-on-a-frosted-01.jpg?v=1787605629&width=1200,1,gallery,DOWNLOADED,image/jpeg,69820,research-assets/lewpe/aluminium-ambient-wall-sconce-acrylic/img-1.jpg
lewpe,cmtunaj8500u3m53jx3uwg0qi,https://www.lewpe.com/cdn/shop/files/ancos-strip-led-wall-sconce-with-a-white-band-on-a-frosted-02.jpg?v=1787605630&width=1200,2,gallery,DOWNLOADED,image/jpeg,121621,research-assets/lewpe/aluminium-ambient-wall-sconce-acrylic/img-2.jpg
lewpe,cmtunaj8500u3m53jx3uwg0qi,https://www.lewpe.com/cdn/shop/files/ancos-strip-led-wall-sconce-with-a-black-band-on-a-frosted-03.jpg?v=1787605630&width=1200,3,gallery,VALIDATED,image/jpeg,73204,
lewpe,cmtunaj8500u3m53jx3uwg0qi,https://www.lewpe.com/cdn/shop/files/ancos-strip-led-wall-sconce-with-a-white-band-on-a-frosted-04.jpg?v=1787605629&width=1200,4,gallery,VALIDATED,image/jpeg,83088,
lewpe,cmtunaj8500u3m53jx3uwg0qi,https://www.lewpe.com/cdn/shop/files/ancos-sconce-in-black-with-warm-white-light-beside-a-bed-up-06.jpg?v=1787605630&width=1200,5,gallery,VALIDATED,image/jpeg,167403,
lewpe,cmtunaj8500u3m53jx3uwg0qi,https://www.lewpe.com/cdn/shop/files/ancos-sconce-in-black-with-cool-white-light-above-a-linen-in-01.jpg?v=1788374505&width=1200,6,gallery,VALIDATED,image/jpeg,182408,
lewpe,cmtunaj8500u3m53jx3uwg0qi,https://www.lewpe.com/cdn/shop/files/ancos-sconce-in-white-with-warm-white-light-on-a-plaster-in-08.jpg?v=1787605630&width=1200,7,gallery,VALIDATED,image/jpeg,180510,
lewpe,cmtunaj8500u3m53jx3uwg0qi,https://www.lewpe.com/cdn/shop/files/ancos-sconce-in-white-with-cool-white-light-in-a-gallery-09.jpg?v=1787605630&width=1200,8,gallery,REJECTED,,,
lewpe,cmtunaj8500u3m53jx3uwg0qi,https://www.lewpe.com/cdn/shop/files/ancos-sconce-in-black-with-warm-white-light-as-a-wall-accent-10.jpg?v=1787605630&width=1200,9,gallery,REJECTED,,,
lewpe,cmtunaj8500u3m53jx3uwg0qi,https://www.lewpe.com/cdn/shop/files/ancos-sconce-in-black-with-warm-white-light-above-a-console-11.jpg?v=1787605630&width=1200,10,gallery,REJECTED,,,
lewpe,cmtunaj8500u3m53jx3uwg0qi,https://www.lewpe.com/cdn/shop/files/ancos-strip-led-wall-sconce-with-a-black-band-on-a-frosted-01.jpg?v=1787605629&width=168,11,gallery,REJECTED,,,
lewpe,cmtunaj8500u3m53jx3uwg0qi,https://www.lewpe.com/cdn/shop/files/ancos-strip-led-wall-sconce-with-a-white-band-on-a-frosted-02.jpg?v=1787605630&width=168,12,gallery,REJECTED,,,
lewpe,cmtunaj8500u3m53jx3uwg0qi,https://www.lewpe.com/cdn/shop/files/ancos-strip-led-wall-sconce-with-a-black-band-on-a-frosted-03.jpg?v=1787605630&width=168,13,gallery,REJECTED,,,
lewpe,cmtunaj8500u3m53jx3uwg0qi,https://www.lewpe.com/cdn/shop/files/ancos-strip-led-wall-sconce-with-a-white-band-on-a-frosted-04.jpg?v=1787605629&width=168,14,gallery,REJECTED,,,
lewpe,cmtunaj8500u3m53jx3uwg0qi,https://www.lewpe.com/cdn/shop/files/ancos-sconce-in-black-with-warm-white-light-beside-a-bed-up-06.jpg?v=1787605630&width=168,15,gallery,REJECTED,,,
lewpe,cmtunaj8500u3m53jx3uwg0qi,https://www.lewpe.com/cdn/shop/files/ancos-sconce-in-black-with-cool-white-light-above-a-linen-in-01.jpg?v=1788374505&width=168,16,gallery,REJECTED,,,
lewpe,cmtunaj8500u3m53jx3uwg0qi,https://www.lewpe.com/cdn/shop/files/ancos-sconce-in-white-with-warm-white-light-on-a-plaster-in-08.jpg?v=1787605630&width=168,17,gallery,REJECTED,,,
lewpe,cmtunaj8500u3m53jx3uwg0qi,https://www.lewpe.com/cdn/shop/files/ancos-sconce-in-white-with-cool-white-light-in-a-gallery-09.jpg?v=1787605630&width=168,18,gallery,REJECTED,,,
lewpe,cmtunaj8500u3m53jx3uwg0qi,https://www.lewpe.com/cdn/shop/files/ancos-sconce-in-black-with-warm-white-light-as-a-wall-accent-10.jpg?v=1787605630&width=168,19,gallery,REJECTED,,,
lewpe,cmtunaj8500u3m53jx3uwg0qi,https://www.lewpe.com/cdn/shop/files/ancos-sconce-in-black-with-warm-white-light-above-a-console-11.jpg?v=1787605630&width=168,20,gallery,REJECTED,,,
cozy-garden,cmtume8nq0258m5etkvto8s4f,https://thecozygarden.com/cdn/shop/files/316229.jpg?v=1774657568&width=1920,0,primary,DOWNLOADED,image/jpeg,132510,research-assets/cozy-garden/steel-green-terrace-x150-x70-galvanized/img-0.jpg
cozy-garden,cmtume8nq0258m5etkvto8s4f,http://thecozygarden.com/cdn/shop/files/316229.jpg?v=1774657568,1,gallery,DOWNLOADED,image/jpeg,132510,research-assets/cozy-garden/steel-green-terrace-x150-x70-galvanized/img-1.jpg
cozy-garden,cmtume8nq0258m5etkvto8s4f,https://thecozygarden.com/cdn/shop/files/316229.jpg?v=1774657568&width=3840,2,gallery,DOWNLOADED,image/jpeg,132510,research-assets/cozy-garden/steel-green-terrace-x150-x70-galvanized/img-2.jpg
cozy-garden,cmtume8nq0258m5etkvto8s4f,https://thecozygarden.com/cdn/shop/files/316229_63959621.jpg?v=1774657568&width=3840,3,gallery,VALIDATED,image/jpeg,47760,
cozy-garden,cmtume8nq0258m5etkvto8s4f,https://thecozygarden.com/cdn/shop/files/316229_63959622.jpg?v=1774657568&width=3840,4,gallery,VALIDATED,image/jpeg,44882,
cozy-garden,cmtume8nq0258m5etkvto8s4f,https://thecozygarden.com/cdn/shop/files/316229_63959623.jpg?v=1774657568&width=3840,5,gallery,VALIDATED,image/jpeg,41547,
cozy-garden,cmtume8nq0258m5etkvto8s4f,https://thecozygarden.com/cdn/shop/files/316229_63959624.jpg?v=1774657568&width=3840,6,gallery,VALIDATED,image/jpeg,40695,
cozy-garden,cmtume8nq0258m5etkvto8s4f,https://thecozygarden.com/cdn/shop/files/316229_63959625.jpg?v=1774657568&width=3840,7,gallery,VALIDATED,image/jpeg,48091,
cozy-garden,cmtume8nq0258m5etkvto8s4f,https://thecozygarden.com/cdn/shop/files/316229_63959626.jpg?v=1774657568&width=3840,8,gallery,REJECTED,,,
cozy-garden,cmtume8nq0258m5etkvto8s4f,https://thecozygarden.com/cdn/shop/files/316229.jpg?v=1774657568&width=832,9,gallery,REJECTED,,,
cozy-garden,cmtume8nq0258m5etkvto8s4f,https://thecozygarden.com/cdn/shop/files/316229_63959621.jpg?v=1774657568&width=832,10,gallery,REJECTED,,,
cozy-garden,cmtume8nq0258m5etkvto8s4f,https://thecozygarden.com/cdn/shop/files/316229_63959622.jpg?v=1774657568&width=832,11,gallery,REJECTED,,,
cozy-garden,cmtume8nq0258m5etkvto8s4f,https://thecozygarden.com/cdn/shop/files/316229_63959623.jpg?v=1774657568&width=832,12,gallery,REJECTED,,,
cozy-garden,cmtume8nq0258m5etkvto8s4f,https://thecozygarden.com/cdn/shop/files/316229_63959624.jpg?v=1774657568&width=832,13,gallery,REJECTED,,,
cozy-garden,cmtume8nq0258m5etkvto8s4f,https://thecozygarden.com/cdn/shop/files/316229_63959625.jpg?v=1774657568&width=832,14,gallery,REJECTED,,,
cozy-garden,cmtume8nq0258m5etkvto8s4f,https://thecozygarden.com/cdn/shop/files/316229_63959626.jpg?v=1774657568&width=832,15,gallery,REJECTED,,,
cozy-garden,cmtumea1r025hm5et48iw8cgw,https://thecozygarden.com/cdn/shop/files/47091.jpg?v=1774657574&width=1920,0,primary,DOWNLOADED,image/jpeg,125416,research-assets/cozy-garden/steel-anthracite-texture-galvanized-x32-x60/img-0.jpg
cozy-garden,cmtumea1r025hm5et48iw8cgw,http://thecozygarden.com/cdn/shop/files/47091.jpg?v=1774657574,1,gallery,DOWNLOADED,image/jpeg,125416,research-assets/cozy-garden/steel-anthracite-texture-galvanized-x32-x60/img-1.jpg
cozy-garden,cmtumea1r025hm5et48iw8cgw,https://thecozygarden.com/cdn/shop/files/47091.jpg?v=1774657574&width=3840,2,gallery,DOWNLOADED,image/jpeg,125416,research-assets/cozy-garden/steel-anthracite-texture-galvanized-x32-x60/img-2.jpg
cozy-garden,cmtumea1r025hm5et48iw8cgw,https://thecozygarden.com/cdn/shop/files/47091_64059841.jpg?v=1774657574&width=3840,3,gallery,VALIDATED,image/jpeg,70219,
cozy-garden,cmtumea1r025hm5et48iw8cgw,https://thecozygarden.com/cdn/shop/files/47091_64059842.jpg?v=1774657574&width=3840,4,gallery,VALIDATED,image/jpeg,65663,
cozy-garden,cmtumea1r025hm5et48iw8cgw,https://thecozygarden.com/cdn/shop/files/47091_64059843.jpg?v=1774657574&width=3840,5,gallery,VALIDATED,image/jpeg,24371,
cozy-garden,cmtumea1r025hm5et48iw8cgw,https://thecozygarden.com/cdn/shop/files/47091_64059844.jpg?v=1774657574&width=3840,6,gallery,VALIDATED,image/jpeg,60548,
cozy-garden,cmtumea1r025hm5et48iw8cgw,https://thecozygarden.com/cdn/shop/files/47091_64059845.jpg?v=1774657574&width=3840,7,gallery,VALIDATED,image/jpeg,40887,
cozy-garden,cmtumea1r025hm5et48iw8cgw,https://thecozygarden.com/cdn/shop/files/47091_64059846.jpg?v=1774657574&width=3840,8,gallery,REJECTED,,,
cozy-garden,cmtumea1r025hm5et48iw8cgw,https://thecozygarden.com/cdn/shop/files/47091.jpg?v=1774657574&width=832,9,gallery,REJECTED,,,
cozy-garden,cmtumea1r025hm5et48iw8cgw,https://thecozygarden.com/cdn/shop/files/47091_64059841.jpg?v=1774657574&width=832,10,gallery,REJECTED,,,
cozy-garden,cmtumea1r025hm5et48iw8cgw,https://thecozygarden.com/cdn/shop/files/47091_64059842.jpg?v=1774657574&width=832,11,gallery,REJECTED,,,
cozy-garden,cmtumea1r025hm5et48iw8cgw,https://thecozygarden.com/cdn/shop/files/47091_64059843.jpg?v=1774657574&width=832,12,gallery,REJECTED,,,
cozy-garden,cmtumea1r025hm5et48iw8cgw,https://thecozygarden.com/cdn/shop/files/47091_64059844.jpg?v=1774657574&width=832,13,gallery,REJECTED,,,
cozy-garden,cmtumea1r025hm5et48iw8cgw,https://thecozygarden.com/cdn/shop/files/47091_64059845.jpg?v=1774657574&width=832,14,gallery,REJECTED,,,
cozy-garden,cmtumea1r025hm5et48iw8cgw,https://thecozygarden.com/cdn/shop/files/47091_64059846.jpg?v=1774657574&width=832,15,gallery,REJECTED,,,
lewpe,cmtunb0cu017nm50hagayqxo9,http://www.lewpe.com/cdn/shop/files/arribada-round-tier-shoe-storage-white-5tier-entryway-01.png?v=1779982959&width=2048,0,primary,DOWNLOADED,image/png,2490807,research-assets/lewpe/steel-keep-shoe-storage-carbon/img-0.png
lewpe,cmtunb0cu017nm50hagayqxo9,https://www.lewpe.com/cdn/shop/files/arribada-round-tier-shoe-storage-white-5tier-entryway-01.png?v=1779982959&width=1200,1,gallery,DOWNLOADED,image/png,2303882,research-assets/lewpe/steel-keep-shoe-storage-carbon/img-1.png
lewpe,cmtunb0cu017nm50hagayqxo9,https://www.lewpe.com/cdn/shop/files/arribada-round-tier-shoe-storage-white-6tier-entryway-02.png?v=1779982959&width=1200,2,gallery,DOWNLOADED,image/png,2335346,research-assets/lewpe/steel-keep-shoe-storage-carbon/img-2.png
lewpe,cmtunb0cu017nm50hagayqxo9,https://www.lewpe.com/cdn/shop/files/arribada-round-tier-shoe-storage-white-8tier-entryway-03.png?v=1779982959&width=1200,3,gallery,VALIDATED,image/png,2320526,
lewpe,cmtunb0cu017nm50hagayqxo9,https://www.lewpe.com/cdn/shop/files/arribada-round-tier-shoe-storage-white-7tier-entryway-04.png?v=1779982959&width=1200,4,gallery,VALIDATED,image/png,2203134,
lewpe,cmtunb0cu017nm50hagayqxo9,https://www.lewpe.com/cdn/shop/files/arribada-round-tier-shoe-storage-gold-5tier-entryway-05.png?v=1779982959&width=1200,5,gallery,VALIDATED,image/png,2317869,
lewpe,cmtunb0cu017nm50hagayqxo9,https://www.lewpe.com/cdn/shop/files/arribada-round-tier-shoe-storage-gold-6tier-entryway-06.png?v=1779982959&width=1200,6,gallery,VALIDATED,image/png,2295403,
lewpe,cmtunb0cu017nm50hagayqxo9,https://www.lewpe.com/cdn/shop/files/arribada-round-tier-shoe-storage-gold-8tier-living-room-07.png?v=1779982959&width=1400,7,gallery,VALIDATED,image/png,2219195,
lewpe,cmtunb0cu017nm50hagayqxo9,https://www.lewpe.com/cdn/shop/files/arribada-round-tier-shoe-storage-gold-7tier-entryway-08.png?v=1779982959&width=1200,8,gallery,REJECTED,,,
lewpe,cmtunb0cu017nm50hagayqxo9,https://www.lewpe.com/cdn/shop/files/arribada-round-tier-shoe-storage-black-5tier-entryway-09.png?v=1779982959&width=1200,9,gallery,REJECTED,,,
lewpe,cmtunb0cu017nm50hagayqxo9,https://www.lewpe.com/cdn/shop/files/arribada-round-tier-shoe-storage-black-6tier-entryway-10.png?v=1779982959&width=1200,10,gallery,REJECTED,,,
lewpe,cmtunb0cu017nm50hagayqxo9,https://www.lewpe.com/cdn/shop/files/arribada-round-tier-shoe-storage-black-8tier-living-room-11.png?v=1779982959&width=1400,11,gallery,REJECTED,,,
lewpe,cmtunb0cu017nm50hagayqxo9,https://www.lewpe.com/cdn/shop/files/arribada-round-tier-shoe-storage-black-7tier-entryway-12.png?v=1779982959&width=1200,12,gallery,REJECTED,,,
lewpe,cmtunb0cu017nm50hagayqxo9,https://www.lewpe.com/cdn/shop/files/arribada-round-tier-shoe-storage-white-5tier-entryway-01.png?v=1779982959&width=168,13,gallery,REJECTED,,,
lewpe,cmtunb0cu017nm50hagayqxo9,https://www.lewpe.com/cdn/shop/files/arribada-round-tier-shoe-storage-white-6tier-entryway-02.png?v=1779982959&width=168,14,gallery,REJECTED,,,
lewpe,cmtunb0cu017nm50hagayqxo9,https://www.lewpe.com/cdn/shop/files/arribada-round-tier-shoe-storage-white-8tier-entryway-03.png?v=1779982959&width=168,15,gallery,REJECTED,,,
lewpe,cmtunb0cu017nm50hagayqxo9,https://www.lewpe.com/cdn/shop/files/arribada-round-tier-shoe-storage-white-7tier-entryway-04.png?v=1779982959&width=168,16,gallery,REJECTED,,,
lewpe,cmtunb0cu017nm50hagayqxo9,https://www.lewpe.com/cdn/shop/files/arribada-round-tier-shoe-storage-gold-5tier-entryway-05.png?v=1779982959&width=168,17,gallery,REJECTED,,,
lewpe,cmtunb0cu017nm50hagayqxo9,https://www.lewpe.com/cdn/shop/files/arribada-round-tier-shoe-storage-gold-6tier-entryway-06.png?v=1779982959&width=168,18,gallery,REJECTED,,,
lewpe,cmtunb0cu017nm50hagayqxo9,https://www.lewpe.com/cdn/shop/files/arribada-round-tier-shoe-storage-gold-8tier-living-room-07.png?v=1779982959&width=168,19,gallery,REJECTED,,,
lewpe,cmtunb0cu017nm50hagayqxo9,https://www.lewpe.com/cdn/shop/files/arribada-round-tier-shoe-storage-gold-7tier-entryway-08.png?v=1779982959&width=168,20,gallery,REJECTED,,,
lewpe,cmtunb0cu017nm50hagayqxo9,https://www.lewpe.com/cdn/shop/files/arribada-round-tier-shoe-storage-black-5tier-entryway-09.png?v=1779982959&width=168,21,gallery,REJECTED,,,
lewpe,cmtunb0cu017nm50hagayqxo9,https://www.lewpe.com/cdn/shop/files/arribada-round-tier-shoe-storage-black-6tier-entryway-10.png?v=1779982959&width=168,22,gallery,REJECTED,,,
lewpe,cmtunb0cu017nm50hagayqxo9,https://www.lewpe.com/cdn/shop/files/arribada-round-tier-shoe-storage-black-8tier-living-room-11.png?v=1779982959&width=168,23,gallery,REJECTED,,,
cozy-garden,cmtunbn860184m53jbi3013zh,https://thecozygarden.com/cdn/shop/files/S240c28e1568a44b9aa3f07b18f688d58Q_78c0ae91-e4b1-4674-93c7-463dd50c5107.webp?v=1774657668&width=1920,0,primary,DOWNLOADED,image/jpeg,133555,research-assets/cozy-garden/blue-glow-firefly-lawn-lamps/img-0.jpg
cozy-garden,cmtunbn860184m53jbi3013zh,http://thecozygarden.com/cdn/shop/files/S240c28e1568a44b9aa3f07b18f688d58Q_78c0ae91-e4b1-4674-93c7-463dd50c5107.webp?v=1774657668,1,gallery,DOWNLOADED,image/jpeg,133555,research-assets/cozy-garden/blue-glow-firefly-lawn-lamps/img-1.jpg
cozy-garden,cmtunbn860184m53jbi3013zh,https://thecozygarden.com/cdn/shop/files/S240c28e1568a44b9aa3f07b18f688d58Q_78c0ae91-e4b1-4674-93c7-463dd50c5107.webp?v=1774657668&width=3840,2,gallery,DOWNLOADED,image/jpeg,133555,research-assets/cozy-garden/blue-glow-firefly-lawn-lamps/img-2.jpg
cozy-garden,cmtunbn860184m53jbi3013zh,https://thecozygarden.com/cdn/shop/files/S240c28e1568a44b9aa3f07b18f688d58Q.webp?v=1774657668&width=3840,3,gallery,VALIDATED,image/jpeg,133555,
cozy-garden,cmtunbn860184m53jbi3013zh,https://thecozygarden.com/cdn/shop/files/S350b8417d7b64c31b276883e71cce384G.webp?v=1774657668&width=3840,4,gallery,VALIDATED,image/jpeg,201943,
cozy-garden,cmtunbn860184m53jbi3013zh,https://thecozygarden.com/cdn/shop/files/Sc1157ddee0014370a6bf02d92219149bz.webp?v=1774657668&width=3840,5,gallery,VALIDATED,image/jpeg,155895,
cozy-garden,cmtunbn860184m53jbi3013zh,https://thecozygarden.com/cdn/shop/files/S34b36c4678ed4cf29cab7d9d7d20d4778.webp?v=1774657668&width=3840,6,gallery,VALIDATED,image/jpeg,147155,
cozy-garden,cmtunbn860184m53jbi3013zh,https://thecozygarden.com/cdn/shop/files/S96509955e9b1483a805fbbad57d280aaW.webp?v=1774657669&width=3840,7,gallery,VALIDATED,image/jpeg,157249,
cozy-garden,cmtunbn860184m53jbi3013zh,https://thecozygarden.com/cdn/shop/files/S416473e9f7364f298679deeda1e4766fa.webp?v=1774657668&width=3840,8,gallery,REJECTED,,,
cozy-garden,cmtunbn860184m53jbi3013zh,https://thecozygarden.com/cdn/shop/files/S240c28e1568a44b9aa3f07b18f688d58Q_78c0ae91-e4b1-4674-93c7-463dd50c5107.webp?v=1774657668&width=832,9,gallery,REJECTED,,,
cozy-garden,cmtunbn860184m53jbi3013zh,https://thecozygarden.com/cdn/shop/files/S240c28e1568a44b9aa3f07b18f688d58Q.webp?v=1774657668&width=832,10,gallery,REJECTED,,,
cozy-garden,cmtunbn860184m53jbi3013zh,https://thecozygarden.com/cdn/shop/files/S350b8417d7b64c31b276883e71cce384G.webp?v=1774657668&width=832,11,gallery,REJECTED,,,
cozy-garden,cmtunbn860184m53jbi3013zh,https://thecozygarden.com/cdn/shop/files/Sc1157ddee0014370a6bf02d92219149bz.webp?v=1774657668&width=832,12,gallery,REJECTED,,,
cozy-garden,cmtunbn860184m53jbi3013zh,https://thecozygarden.com/cdn/shop/files/S34b36c4678ed4cf29cab7d9d7d20d4778.webp?v=1774657668&width=832,13,gallery,REJECTED,,,
cozy-garden,cmtunbn860184m53jbi3013zh,https://thecozygarden.com/cdn/shop/files/S96509955e9b1483a805fbbad57d280aaW.webp?v=1774657669&width=832,14,gallery,REJECTED,,,
cozy-garden,cmtunbn860184m53jbi3013zh,https://thecozygarden.com/cdn/shop/files/S416473e9f7364f298679deeda1e4766fa.webp?v=1774657668&width=832,15,gallery,REJECTED,,,
cozy-garden,cmtunc0ty01epm50hmjeunt4u,http://thecozygarden.com/cdn/shop/files/GT4324-2.jpg?v=1777617334,0,primary,DOWNLOADED,image/jpeg,101088,research-assets/cozy-garden/rattan-rust-halo-climbing-plants-rustic-brown/img-0.jpg
cozy-garden,cmtunc0ty01epm50hmjeunt4u,https://thecozygarden.com/cdn/shop/files/GT4324-2.jpg?v=1777617334&width=3840,1,gallery,DOWNLOADED,image/jpeg,101088,research-assets/cozy-garden/rattan-rust-halo-climbing-plants-rustic-brown/img-1.jpg
cozy-garden,cmtunc0ty01epm50hmjeunt4u,https://thecozygarden.com/cdn/shop/files/GT4324-2_101705947.jpg?v=1777617334&width=3840,2,gallery,DOWNLOADED,image/jpeg,69947,research-assets/cozy-garden/rattan-rust-halo-climbing-plants-rustic-brown/img-2.jpg
cozy-garden,cmtunc0ty01epm50hmjeunt4u,https://thecozygarden.com/cdn/shop/files/GT4324-2_101705948.jpg?v=1777617334&width=3840,3,gallery,VALIDATED,image/jpeg,124976,
cozy-garden,cmtunc0ty01epm50hmjeunt4u,https://thecozygarden.com/cdn/shop/files/GT4324-2_101705949.jpg?v=1777617334&width=3840,4,gallery,VALIDATED,image/jpeg,145087,
cozy-garden,cmtunc0ty01epm50hmjeunt4u,https://thecozygarden.com/cdn/shop/files/GT4324-2_101705950.jpg?v=1777617334&width=3840,5,gallery,VALIDATED,image/jpeg,104774,
cozy-garden,cmtunc0ty01epm50hmjeunt4u,https://thecozygarden.com/cdn/shop/files/GT4324-2.jpg?v=1777617334&width=832,6,gallery,VALIDATED,image/jpeg,101088,
cozy-garden,cmtunc0ty01epm50hmjeunt4u,https://thecozygarden.com/cdn/shop/files/GT4324-2_101705947.jpg?v=1777617334&width=832,7,gallery,VALIDATED,image/jpeg,69947,
cozy-garden,cmtunc0ty01epm50hmjeunt4u,https://thecozygarden.com/cdn/shop/files/GT4324-2_101705948.jpg?v=1777617334&width=832,8,gallery,REJECTED,,,
cozy-garden,cmtunc0ty01epm50hmjeunt4u,https://thecozygarden.com/cdn/shop/files/GT4324-2_101705949.jpg?v=1777617334&width=832,9,gallery,REJECTED,,,
cozy-garden,cmtunc0ty01epm50hmjeunt4u,https://thecozygarden.com/cdn/shop/files/GT4324-2_101705950.jpg?v=1777617334&width=832,10,gallery,REJECTED,,,
cozy-garden,cmtunc7rj01g9m50h51pbvw83,https://thecozygarden.com/cdn/shop/files/GT4441NA.jpg?v=1778092129&width=1920,0,primary,DOWNLOADED,image/jpeg,71208,research-assets/cozy-garden/iron-natural-texture-box-legs-natural-color/img-0.jpg
cozy-garden,cmtunc7rj01g9m50h51pbvw83,http://thecozygarden.com/cdn/shop/files/GT4441NA.jpg?v=1778092129,1,gallery,DOWNLOADED,image/jpeg,71208,research-assets/cozy-garden/iron-natural-texture-box-legs-natural-color/img-1.jpg
cozy-garden,cmtunc7rj01g9m50h51pbvw83,https://thecozygarden.com/cdn/shop/files/GT4441NA.jpg?v=1778092129&width=3840,2,gallery,DOWNLOADED,image/jpeg,71208,research-assets/cozy-garden/iron-natural-texture-box-legs-natural-color/img-2.jpg
cozy-garden,cmtunc7rj01g9m50h51pbvw83,https://thecozygarden.com/cdn/shop/files/GT4441NA_87244563.jpg?v=1778092129&width=3840,3,gallery,VALIDATED,image/jpeg,117335,
cozy-garden,cmtunc7rj01g9m50h51pbvw83,https://thecozygarden.com/cdn/shop/files/GT4441NA_87244564.jpg?v=1778092129&width=3840,4,gallery,VALIDATED,image/jpeg,132757,
cozy-garden,cmtunc7rj01g9m50h51pbvw83,https://thecozygarden.com/cdn/shop/files/GT4441NA_87244565.jpg?v=1778092129&width=3840,5,gallery,VALIDATED,image/jpeg,72375,
cozy-garden,cmtunc7rj01g9m50h51pbvw83,https://thecozygarden.com/cdn/shop/files/GT4441NA_87244566.jpg?v=1778092129&width=3840,6,gallery,VALIDATED,image/jpeg,64286,
cozy-garden,cmtunc7rj01g9m50h51pbvw83,https://thecozygarden.com/cdn/shop/files/GT4441NA.jpg?v=1778092129&width=832,7,gallery,VALIDATED,image/jpeg,71208,
cozy-garden,cmtunc7rj01g9m50h51pbvw83,https://thecozygarden.com/cdn/shop/files/GT4441NA_87244563.jpg?v=1778092129&width=832,8,gallery,REJECTED,,,
cozy-garden,cmtunc7rj01g9m50h51pbvw83,https://thecozygarden.com/cdn/shop/files/GT4441NA_87244564.jpg?v=1778092129&width=832,9,gallery,REJECTED,,,
cozy-garden,cmtunc7rj01g9m50h51pbvw83,https://thecozygarden.com/cdn/shop/files/GT4441NA_87244565.jpg?v=1778092129&width=832,10,gallery,REJECTED,,,
cozy-garden,cmtunc7rj01g9m50h51pbvw83,https://thecozygarden.com/cdn/shop/files/GT4441NA_87244566.jpg?v=1778092129&width=832,11,gallery,REJECTED,,,
cozy-garden,cmtuncbiv01dem53jz6qy7pyd,http://thecozygarden.com/cdn/shop/files/GT3958.png?v=1778092155,0,primary,DOWNLOADED,image/png,208617,research-assets/cozy-garden/metal-green-tidy-greenhouse-flower-rack/img-0.png
cozy-garden,cmtuncbiv01dem53jz6qy7pyd,https://thecozygarden.com/cdn/shop/files/GT3958.png?v=1778092155&width=3840,1,gallery,DOWNLOADED,image/png,208617,research-assets/cozy-garden/metal-green-tidy-greenhouse-flower-rack/img-1.png
cozy-garden,cmtuncbiv01dem53jz6qy7pyd,https://thecozygarden.com/cdn/shop/files/GT3958_56739419.png?v=1778092154&width=3840,2,gallery,DOWNLOADED,image/png,460338,research-assets/cozy-garden/metal-green-tidy-greenhouse-flower-rack/img-2.png
cozy-garden,cmtuncbiv01dem53jz6qy7pyd,https://thecozygarden.com/cdn/shop/files/GT3958_56739420.png?v=1778092155&width=3840,3,gallery,VALIDATED,image/png,547467,
cozy-garden,cmtuncbiv01dem53jz6qy7pyd,https://thecozygarden.com/cdn/shop/files/GT3958.png?v=1778092155&width=832,4,gallery,VALIDATED,image/png,208617,
cozy-garden,cmtuncbiv01dem53jz6qy7pyd,https://thecozygarden.com/cdn/shop/files/GT3958_56739419.png?v=1778092154&width=832,5,gallery,VALIDATED,image/png,460338,
cozy-garden,cmtuncbiv01dem53jz6qy7pyd,https://thecozygarden.com/cdn/shop/files/GT3958_56739420.png?v=1778092155&width=832,6,gallery,VALIDATED,image/png,547467,
cozy-garden,cmtunch1801icm50htwp0idmo,https://thecozygarden.com/cdn/shop/files/837483.jpg?v=1778092835&width=1920,0,primary,DOWNLOADED,image/jpeg,201365,research-assets/cozy-garden/pine-basin-pcs-impregnated-wood/img-0.jpg
cozy-garden,cmtunch1801icm50htwp0idmo,http://thecozygarden.com/cdn/shop/files/837483.jpg?v=1778092835,1,gallery,DOWNLOADED,image/jpeg,201365,research-assets/cozy-garden/pine-basin-pcs-impregnated-wood/img-1.jpg
cozy-garden,cmtunch1801icm50htwp0idmo,https://thecozygarden.com/cdn/shop/files/837483.jpg?v=1778092835&width=3840,2,gallery,DOWNLOADED,image/jpeg,201365,research-assets/cozy-garden/pine-basin-pcs-impregnated-wood/img-2.jpg
cozy-garden,cmtunch1801icm50htwp0idmo,https://thecozygarden.com/cdn/shop/files/837483_77364348.jpg?v=1778092836&width=3840,3,gallery,VALIDATED,image/jpeg,26847,
cozy-garden,cmtunch1801icm50htwp0idmo,https://thecozygarden.com/cdn/shop/files/837483_77364349.jpg?v=1778092836&width=3840,4,gallery,VALIDATED,image/jpeg,85894,
cozy-garden,cmtunch1801icm50htwp0idmo,https://thecozygarden.com/cdn/shop/files/837483_77364350.jpg?v=1778092835&width=3840,5,gallery,VALIDATED,image/jpeg,36445,
cozy-garden,cmtunch1801icm50htwp0idmo,https://thecozygarden.com/cdn/shop/files/837483_77364351.jpg?v=1778092835&width=3840,6,gallery,VALIDATED,image/jpeg,29340,
cozy-garden,cmtunch1801icm50htwp0idmo,https://thecozygarden.com/cdn/shop/files/837483_77364352.jpg?v=1778092835&width=3840,7,gallery,VALIDATED,image/jpeg,68093,
cozy-garden,cmtunch1801icm50htwp0idmo,https://thecozygarden.com/cdn/shop/files/837483_77364353.jpg?v=1778092835&width=3840,8,gallery,REJECTED,,,
cozy-garden,cmtunch1801icm50htwp0idmo,https://thecozygarden.com/cdn/shop/files/837483_77364354.jpg?v=1778092835&width=3840,9,gallery,REJECTED,,,
cozy-garden,cmtunch1801icm50htwp0idmo,https://thecozygarden.com/cdn/shop/files/837483_77364355.jpg?v=1778092836&width=3840,10,gallery,REJECTED,,,
cozy-garden,cmtunch1801icm50htwp0idmo,https://thecozygarden.com/cdn/shop/files/837483_77364356.jpg?v=1778092835&width=3840,11,gallery,REJECTED,,,
cozy-garden,cmtunch1801icm50htwp0idmo,https://thecozygarden.com/cdn/shop/files/837483_77364357.jpg?v=1778092836&width=3840,12,gallery,REJECTED,,,
cozy-garden,cmtunch1801icm50htwp0idmo,https://thecozygarden.com/cdn/shop/files/837483.jpg?v=1778092835&width=832,13,gallery,REJECTED,,,
cozy-garden,cmtunch1801icm50htwp0idmo,https://thecozygarden.com/cdn/shop/files/837483_77364348.jpg?v=1778092836&width=832,14,gallery,REJECTED,,,
cozy-garden,cmtunch1801icm50htwp0idmo,https://thecozygarden.com/cdn/shop/files/837483_77364349.jpg?v=1778092836&width=832,15,gallery,REJECTED,,,
cozy-garden,cmtunch1801icm50htwp0idmo,https://thecozygarden.com/cdn/shop/files/837483_77364350.jpg?v=1778092835&width=832,16,gallery,REJECTED,,,
cozy-garden,cmtunch1801icm50htwp0idmo,https://thecozygarden.com/cdn/shop/files/837483_77364351.jpg?v=1778092835&width=832,17,gallery,REJECTED,,,
cozy-garden,cmtunch1801icm50htwp0idmo,https://thecozygarden.com/cdn/shop/files/837483_77364352.jpg?v=1778092835&width=832,18,gallery,REJECTED,,,
cozy-garden,cmtunch1801icm50htwp0idmo,https://thecozygarden.com/cdn/shop/files/837483_77364353.jpg?v=1778092835&width=832,19,gallery,REJECTED,,,
cozy-garden,cmtunch1801icm50htwp0idmo,https://thecozygarden.com/cdn/shop/files/837483_77364354.jpg?v=1778092835&width=832,20,gallery,REJECTED,,,
cozy-garden,cmtunch1801icm50htwp0idmo,https://thecozygarden.com/cdn/shop/files/837483_77364355.jpg?v=1778092836&width=832,21,gallery,REJECTED,,,
cozy-garden,cmtunch1801icm50htwp0idmo,https://thecozygarden.com/cdn/shop/files/837483_77364356.jpg?v=1778092835&width=832,22,gallery,REJECTED,,,
cozy-garden,cmtunch1801icm50htwp0idmo,https://thecozygarden.com/cdn/shop/files/837483_77364357.jpg?v=1778092836&width=832,23,gallery,REJECTED,,,
cozy-garden,cmtundfrt01ptm50htmpl07oh,https://thecozygarden.com/cdn/shop/files/GDSWBH21438695.jpg?v=1781134112&width=1920,0,primary,DOWNLOADED,image/jpeg,79029,research-assets/cozy-garden/iron-green-relief-blue-yellow-brown/img-0.jpg
cozy-garden,cmtundfrt01ptm50htmpl07oh,http://thecozygarden.com/cdn/shop/files/GDSWBH21438695.jpg?v=1781134112,1,gallery,DOWNLOADED,image/jpeg,79029,research-assets/cozy-garden/iron-green-relief-blue-yellow-brown/img-1.jpg
cozy-garden,cmtundfrt01ptm50htmpl07oh,https://thecozygarden.com/cdn/shop/files/GDSWBH21438695.jpg?v=1781134112&width=3840,2,gallery,DOWNLOADED,image/jpeg,79029,research-assets/cozy-garden/iron-green-relief-blue-yellow-brown/img-2.jpg
cozy-garden,cmtundfrt01ptm50htmpl07oh,https://thecozygarden.com/cdn/shop/files/GDSWBH21438695_73669612.jpg?v=1781134112&width=3840,3,gallery,VALIDATED,image/jpeg,176107,
cozy-garden,cmtundfrt01ptm50htmpl07oh,https://thecozygarden.com/cdn/shop/files/GDSWBH21438695_73669613.jpg?v=1781134112&width=3840,4,gallery,VALIDATED,image/jpeg,182859,
cozy-garden,cmtundfrt01ptm50htmpl07oh,https://thecozygarden.com/cdn/shop/files/GDSWBH21438695.jpg?v=1781134112&width=832,5,gallery,VALIDATED,image/jpeg,66981,
cozy-garden,cmtundfrt01ptm50htmpl07oh,https://thecozygarden.com/cdn/shop/files/GDSWBH21438695_73669612.jpg?v=1781134112&width=832,6,gallery,VALIDATED,image/jpeg,153348,
cozy-garden,cmtundfrt01ptm50htmpl07oh,https://thecozygarden.com/cdn/shop/files/GDSWBH21438695_73669613.jpg?v=1781134112&width=832,7,gallery,VALIDATED,image/jpeg,161141,
cozy-garden,cmtunechn01tbm53ju50j98vi,https://thecozygarden.com/cdn/shop/files/MLWRGBN14583917.jpg?v=1781134625&width=1920,0,primary,DOWNLOADED,image/jpeg,81733,research-assets/cozy-garden/wood-natural-planter-planter-70-inch-31-inch/img-0.jpg
cozy-garden,cmtunechn01tbm53ju50j98vi,http://thecozygarden.com/cdn/shop/files/MLWRGBN14583917.jpg?v=1781134625,1,gallery,DOWNLOADED,image/jpeg,81733,research-assets/cozy-garden/wood-natural-planter-planter-70-inch-31-inch/img-1.jpg
cozy-garden,cmtunechn01tbm53ju50j98vi,https://thecozygarden.com/cdn/shop/files/MLWRGBN14583917.jpg?v=1781134625&width=3840,2,gallery,DOWNLOADED,image/jpeg,81733,research-assets/cozy-garden/wood-natural-planter-planter-70-inch-31-inch/img-2.jpg
cozy-garden,cmtunechn01tbm53ju50j98vi,https://thecozygarden.com/cdn/shop/files/MLWRGBN14583917_73669446.jpg?v=1781134626&width=3840,3,gallery,VALIDATED,image/jpeg,114157,
cozy-garden,cmtunechn01tbm53ju50j98vi,https://thecozygarden.com/cdn/shop/files/MLWRGBN14583917_73669447.jpg?v=1781134626&width=3840,4,gallery,VALIDATED,image/jpeg,149755,
cozy-garden,cmtunechn01tbm53ju50j98vi,https://thecozygarden.com/cdn/shop/files/MLWRGBN14583917.jpg?v=1781134625&width=832,5,gallery,VALIDATED,image/jpeg,71330,
cozy-garden,cmtunechn01tbm53ju50j98vi,https://thecozygarden.com/cdn/shop/files/MLWRGBN14583917_73669446.jpg?v=1781134626&width=832,6,gallery,VALIDATED,image/jpeg,103365,
cozy-garden,cmtunechn01tbm53ju50j98vi,https://thecozygarden.com/cdn/shop/files/MLWRGBN14583917_73669447.jpg?v=1781134626&width=832,7,gallery,VALIDATED,image/jpeg,125639,
viridian-bay,cmtung2op028gm50hii8bko18,https://viridianbay.com/cdn/shop/products/VB35037_1_d4851046-ccd1-4e4c-b473-4d2c6ac23511.jpg?v=1704923876&width=1920,0,primary,DOWNLOADED,image/jpeg,50546,research-assets/viridian-bay/aluminium-layer-tete-garden-sculpture/img-0.jpg
viridian-bay,cmtung2op028gm50hii8bko18,https://cdn.shopify.com/s/files/1/1141/9284/products/VB35037_1_d4851046-ccd1-4e4c-b473-4d2c6ac23511.jpg?v=1704923876,1,gallery,DOWNLOADED,image/jpeg,50546,research-assets/viridian-bay/aluminium-layer-tete-garden-sculpture/img-1.jpg
viridian-bay,cmtung2op028gm50hii8bko18,http://viridianbay.com/cdn/shop/products/VB35037_1_d4851046-ccd1-4e4c-b473-4d2c6ac23511.jpg?v=1704923876&width=2048,2,gallery,DOWNLOADED,image/jpeg,50546,research-assets/viridian-bay/aluminium-layer-tete-garden-sculpture/img-2.jpg
viridian-bay,cmtung2op028gm50hii8bko18,https://viridianbay.com/cdn/shop/products/VB35037_1_d4851046-ccd1-4e4c-b473-4d2c6ac23511.jpg?v=1704923876&width=1000,3,gallery,VALIDATED,image/jpeg,48248,
viridian-bay,cmtung2op028gm50hii8bko18,https://viridianbay.com/cdn/shop/products/VB35037_a_dadf1ce5-d583-4936-b864-3c53028517e9.jpg?v=1704923876&width=1000,4,gallery,VALIDATED,image/jpeg,113871,
viridian-bay,cmtung2op028gm50hii8bko18,https://viridianbay.com/cdn/shop/products/VB35037_9_f4001646-31a2-48cb-9573-12c924a0e261.jpg?v=1704923876&width=1000,5,gallery,VALIDATED,image/jpeg,102511,
viridian-bay,cmtung2op028gm50hii8bko18,https://viridianbay.com/cdn/shop/files/VB35037_indoors.jpg?v=1776974975&width=1000,6,gallery,VALIDATED,image/jpeg,73325,
viridian-bay,cmtung7bo029gm50hwpabm1r8,https://viridianbay.com/cdn/shop/products/VB35044_6_dd8c6f1e-a067-4b10-871e-63128fd056d8.jpg?v=1704923094&width=1920,0,primary,DOWNLOADED,image/jpeg,125575,research-assets/viridian-bay/aluminium-form-stool-accent-table/img-0.jpg
viridian-bay,cmtung7bo029gm50hwpabm1r8,http://viridianbay.com/cdn/shop/products/VB35044_6_dd8c6f1e-a067-4b10-871e-63128fd056d8.jpg?v=1704923094&width=2048,1,gallery,DOWNLOADED,image/jpeg,125575,research-assets/viridian-bay/aluminium-form-stool-accent-table/img-1.jpg
viridian-bay,cmtung7bo029gm50hwpabm1r8,https://viridianbay.com/cdn/shop/products/VB35044_6_dd8c6f1e-a067-4b10-871e-63128fd056d8.jpg?v=1704923094&width=1000,2,gallery,DOWNLOADED,image/jpeg,121304,research-assets/viridian-bay/aluminium-form-stool-accent-table/img-2.jpg
viridian-bay,cmtung7bo029gm50hwpabm1r8,https://viridianbay.com/cdn/shop/files/VB35044.jpg?v=1710878612&width=1000,3,gallery,VALIDATED,image/jpeg,279383,
viridian-bay,cmtung7bo029gm50hwpabm1r8,https://viridianbay.com/cdn/shop/products/VB35044_1_280409c2-8c03-455d-add9-62de0f74698c.jpg?v=1710878612&width=1000,4,gallery,VALIDATED,image/jpeg,108474,
viridian-bay,cmtung7bo029gm50hwpabm1r8,https://viridianbay.com/cdn/shop/products/VB35044_b_e91e75cd-84c4-4c44-a21e-0f4a86af708b.jpg?v=1710878612&width=1000,5,gallery,VALIDATED,image/jpeg,142594,
viridian-bay,cmtung7bo029gm50hwpabm1r8,https://viridianbay.com/cdn/shop/products/VB35044_4_febcb0d2-d303-413d-9a2c-d0fef449efa3.jpg?v=1710878610&width=1000,6,gallery,VALIDATED,image/jpeg,97538,
viridian-bay,cmtung7bo029gm50hwpabm1r8,https://viridianbay.com/cdn/shop/products/VB35044_i_98c05664-ed77-46a7-afe3-7491d9f9b9ec.jpg?v=1710878610&width=1000,7,gallery,VALIDATED,image/jpeg,282707,
viridian-bay,cmtumfeg402crm5etdgyhdhsi,https://viridianbay.com/cdn/shop/products/vb34517a_f165c009-b9e9-45d1-96d9-477c201b9827.jpg?v=1704927929&width=1920,0,primary,DOWNLOADED,image/jpeg,57461,research-assets/viridian-bay/aluminium-glow-night-garden-edging/img-0.jpg
viridian-bay,cmtumfeg402crm5etdgyhdhsi,https://cdn.shopify.com/s/files/1/1141/9284/products/vb34517a_f165c009-b9e9-45d1-96d9-477c201b9827.jpg?v=1704927929,1,gallery,DOWNLOADED,image/jpeg,57461,research-assets/viridian-bay/aluminium-glow-night-garden-edging/img-1.jpg
viridian-bay,cmtumfeg402crm5etdgyhdhsi,http://viridianbay.com/cdn/shop/products/vb34517a_f165c009-b9e9-45d1-96d9-477c201b9827.jpg?v=1704927929&width=2048,2,gallery,DOWNLOADED,image/jpeg,57461,research-assets/viridian-bay/aluminium-glow-night-garden-edging/img-2.jpg
viridian-bay,cmtumfeg402crm5etdgyhdhsi,https://viridianbay.com/cdn/shop/products/vb34517a_f165c009-b9e9-45d1-96d9-477c201b9827.jpg?v=1704927929&width=1000,3,gallery,VALIDATED,image/jpeg,62450,
viridian-bay,cmtumfeg402crm5etdgyhdhsi,https://viridianbay.com/cdn/shop/products/vb34517b_6b0e65f5-44b3-48c7-9774-4d1b355d73ac.jpg?v=1704927929&width=1000,4,gallery,VALIDATED,image/jpeg,310267,
viridian-bay,cmtumfeg402crm5etdgyhdhsi,https://viridianbay.com/cdn/shop/products/vb34517aa_274342c2-ccf1-418f-94b4-ff64b6c264ee.jpg?v=1704927929&width=1000,5,gallery,VALIDATED,image/jpeg,304855,
viridian-bay,cmtumfeg402crm5etdgyhdhsi,https://viridianbay.com/cdn/shop/products/vb34517c_c3312110-d4ca-4b68-b97d-7985d3ea0150.jpg?v=1704927929&width=1000,6,gallery,VALIDATED,image/jpeg,237565,
viridian-bay,cmtumfeg402crm5etdgyhdhsi,https://viridianbay.com/cdn/shop/products/vb34517d_6c58df76-7f6c-4859-872f-d08e595c85c6.jpg?v=1704927929&width=1000,7,gallery,VALIDATED,image/jpeg,136456,
viridian-bay,cmtumfeg402crm5etdgyhdhsi,https://viridianbay.com/cdn/shop/products/vb34517dd_de887be8-fc9f-4f72-aefb-c3a16a3b99df.jpg?v=1704927929&width=1000,8,gallery,REJECTED,,,
viridian-bay,cmtumfeg402crm5etdgyhdhsi,https://viridianbay.com/cdn/shop/files/VB34517_myvbstyle.jpg?v=1719595790&width=1000,9,gallery,REJECTED,,,
viridian-bay,cmtungozd029fm53jpbmi24lu,https://viridianbay.com/cdn/shop/products/vb23243-1_c9cd78eb-7499-453e-a692-f739b3ecda8f.jpg?v=1704921874&width=1920,0,primary,DOWNLOADED,image/jpeg,155441,research-assets/viridian-bay/ceramic-planter-vase-last-chance/img-0.jpg
viridian-bay,cmtungozd029fm53jpbmi24lu,http://viridianbay.com/cdn/shop/products/vb23243-1_c9cd78eb-7499-453e-a692-f739b3ecda8f.jpg?v=1704921874&width=2048,1,gallery,DOWNLOADED,image/jpeg,155441,research-assets/viridian-bay/ceramic-planter-vase-last-chance/img-1.jpg
viridian-bay,cmtungozd029fm53jpbmi24lu,https://viridianbay.com/cdn/shop/products/vb23243-1_c9cd78eb-7499-453e-a692-f739b3ecda8f.jpg?v=1704921874&width=1000,2,gallery,DOWNLOADED,image/jpeg,171425,research-assets/viridian-bay/ceramic-planter-vase-last-chance/img-2.jpg
viridian-bay,cmtungozd029fm53jpbmi24lu,https://viridianbay.com/cdn/shop/products/vb23243-lifestyle_52486345-9dfb-41fb-b772-1f9d35d949ed.jpg?v=1704921874&width=1000,3,gallery,VALIDATED,image/jpeg,276524,
viridian-bay,cmtungozd029fm53jpbmi24lu,https://viridianbay.com/cdn/shop/products/vb23243-2_a5221792-b31b-4cf7-b698-386f4075bc8b.jpg?v=1704921874&width=1000,4,gallery,VALIDATED,image/jpeg,116796,
viridian-bay,cmtungozd029fm53jpbmi24lu,https://viridianbay.com/cdn/shop/products/vb23243-3_eca7dd59-c420-4a26-b5bb-3ab5bd32ac60.jpg?v=1704921874&width=1000,5,gallery,VALIDATED,image/jpeg,263145,
viridian-bay,cmtungozd029fm53jpbmi24lu,https://viridianbay.com/cdn/shop/products/vb23243-vb23245-lifestyle_e9ba27c7-7e1f-46b9-ae8b-e6b219427a9e.jpg?v=1704921874&width=1000,6,gallery,VALIDATED,image/jpeg,218440,
viridian-bay,cmtungqaw029om53j9i0v8yi9,https://viridianbay.com/cdn/shop/products/vb35074_4_3c2688a0-8643-4e7d-a0d1-1ce281d00b7f.jpg?v=1704922663&width=1920,0,primary,DOWNLOADED,image/jpeg,180246,research-assets/viridian-bay/aluminium-basin-bird-feeder-planter/img-0.jpg
viridian-bay,cmtungqaw029om53j9i0v8yi9,http://viridianbay.com/cdn/shop/products/vb35074_4_3c2688a0-8643-4e7d-a0d1-1ce281d00b7f.jpg?v=1704922663&width=2048,1,gallery,DOWNLOADED,image/jpeg,180246,research-assets/viridian-bay/aluminium-basin-bird-feeder-planter/img-1.jpg
viridian-bay,cmtungqaw029om53j9i0v8yi9,https://viridianbay.com/cdn/shop/products/vb35074_4_3c2688a0-8643-4e7d-a0d1-1ce281d00b7f.jpg?v=1704922663&width=1000,2,gallery,DOWNLOADED,image/jpeg,177177,research-assets/viridian-bay/aluminium-basin-bird-feeder-planter/img-2.jpg
viridian-bay,cmtungqaw029om53j9i0v8yi9,https://viridianbay.com/cdn/shop/products/vb35074_2_11ce6af2-f826-42a5-91c2-c532a2ad6a7e.jpg?v=1725404868&width=1000,3,gallery,VALIDATED,image/jpeg,146019,
viridian-bay,cmtungqaw029om53j9i0v8yi9,https://viridianbay.com/cdn/shop/products/vb35074_3_1aafd0ea-5d52-4278-8cf0-2c9e2d267a98.jpg?v=1725404868&width=1000,4,gallery,VALIDATED,image/jpeg,155039,
viridian-bay,cmtungqaw029om53j9i0v8yi9,https://viridianbay.com/cdn/shop/products/vb35074_4a555718-c8d0-4c49-9823-6747c49fea8e.jpg?v=1725404868&width=1000,5,gallery,VALIDATED,image/jpeg,29247,
viridian-bay,cmtungqaw029om53j9i0v8yi9,https://viridianbay.com/cdn/shop/products/vb35074_1_987f9b59-1de5-4101-90b6-a782fed9076e.jpg?v=1725404868&width=1000,6,gallery,VALIDATED,image/jpeg,55498,
viridian-bay,cmtunh2y402cfm53jftysn6t8,https://viridianbay.com/cdn/shop/products/vb35094_6fd6956c-a310-4873-96a7-e609d614894b.jpg?v=1704921636&width=1920,0,primary,DOWNLOADED,image/jpeg,96262,research-assets/viridian-bay/aluminium-terrace-sea-garden-stool/img-0.jpg
viridian-bay,cmtunh2y402cfm53jftysn6t8,http://viridianbay.com/cdn/shop/products/vb35094_6fd6956c-a310-4873-96a7-e609d614894b.jpg?v=1704921636&width=2048,1,gallery,DOWNLOADED,image/jpeg,96262,research-assets/viridian-bay/aluminium-terrace-sea-garden-stool/img-1.jpg
viridian-bay,cmtunh2y402cfm53jftysn6t8,https://viridianbay.com/cdn/shop/products/vb35094_6fd6956c-a310-4873-96a7-e609d614894b.jpg?v=1704921636&width=1000,2,gallery,DOWNLOADED,image/jpeg,92298,research-assets/viridian-bay/aluminium-terrace-sea-garden-stool/img-2.jpg
viridian-bay,cmtunh2y402cfm53jftysn6t8,https://viridianbay.com/cdn/shop/products/vb35094_3_2939935e-9776-468f-818f-7abad8956638.jpg?v=1704921636&width=1000,3,gallery,VALIDATED,image/jpeg,217125,
viridian-bay,cmtunh2y402cfm53jftysn6t8,https://viridianbay.com/cdn/shop/products/vb35094_2_709cbe8d-116e-4460-9289-8eb8cff28eef.jpg?v=1704921636&width=1000,4,gallery,VALIDATED,image/jpeg,90593,
viridian-bay,cmtunh2y402cfm53jftysn6t8,https://viridianbay.com/cdn/shop/products/vb35094_1_25215ee8-b6c5-415a-8889-3b997aeab3a2.jpg?v=1704921636&width=1000,5,gallery,VALIDATED,image/jpeg,83142,
viridian-bay,cmtunhmki02gmm53j5o16dghk,https://viridianbay.com/cdn/shop/products/VB35149_f916e6a5-56fc-4393-9a40-22a7d6d0eac7.jpg?v=1704921589&width=1920,0,primary,DOWNLOADED,image/jpeg,38168,research-assets/viridian-bay/mirror-form-hummingbird-blossoms-vanity/img-0.jpg
viridian-bay,cmtunhmki02gmm53j5o16dghk,http://viridianbay.com/cdn/shop/products/VB35149_f916e6a5-56fc-4393-9a40-22a7d6d0eac7.jpg?v=1704921589&width=2048,1,gallery,DOWNLOADED,image/jpeg,38168,research-assets/viridian-bay/mirror-form-hummingbird-blossoms-vanity/img-1.jpg
viridian-bay,cmtunhmki02gmm53j5o16dghk,https://viridianbay.com/cdn/shop/products/VB35149_f916e6a5-56fc-4393-9a40-22a7d6d0eac7.jpg?v=1704921589&width=1000,2,gallery,DOWNLOADED,image/jpeg,36986,research-assets/viridian-bay/mirror-form-hummingbird-blossoms-vanity/img-2.jpg
viridian-bay,cmtunhmki02gmm53j5o16dghk,https://viridianbay.com/cdn/shop/products/VB35149_1_5e90a657-0a57-40c2-9aec-3248fadfd89c.jpg?v=1704921589&width=1000,3,gallery,VALIDATED,image/jpeg,31056,
viridian-bay,cmtunhmki02gmm53j5o16dghk,https://viridianbay.com/cdn/shop/products/VB35149_2_838dd9f6-0163-4a6b-ad4b-8a79410b144c.jpg?v=1704921589&width=1000,4,gallery,VALIDATED,image/jpeg,86900,
viridian-bay,cmtunhmki02gmm53j5o16dghk,https://viridianbay.com/cdn/shop/products/VB35149-VB35148_567652d9-b267-4c24-87bd-0a855644de9a.jpg?v=1704921589&width=1000,5,gallery,VALIDATED,image/jpeg,125409,
viridian-bay,cmtunhmki02gmm53j5o16dghk,https://cdn.shopify.com/s/files/1/1141/9284/files/vb35148-hummer-jewelry-holder_240x240.jpg?v=1668182894,6,gallery,VALIDATED,image/jpeg,10924,
lewpe,cmtumbprj01ckm5etl7v7ohqi,http://www.lewpe.com/cdn/shop/files/guarda-v1-black-product-photo.png?v=1779219801&width=2048,0,primary,DOWNLOADED,image/png,1302793,research-assets/lewpe/aluminium-ambient-led-wall-sconce/img-0.png
lewpe,cmtumbprj01ckm5etl7v7ohqi,https://www.lewpe.com/cdn/shop/files/guarda-v1-black-product-photo.png?v=1779219801&width=1000,1,gallery,DOWNLOADED,image/png,1240027,research-assets/lewpe/aluminium-ambient-led-wall-sconce/img-1.png
lewpe,cmtumbprj01ckm5etl7v7ohqi,https://www.lewpe.com/cdn/shop/files/guarda-v4-product-photo.png?v=1779219801&width=1000,2,gallery,DOWNLOADED,image/png,1148390,research-assets/lewpe/aluminium-ambient-led-wall-sconce/img-2.png
lewpe,cmtumbprj01ckm5etl7v7ohqi,https://www.lewpe.com/cdn/shop/files/guarda-v2-coffee-product-photo.png?v=1779219801&width=1000,3,gallery,VALIDATED,image/png,1218611,
lewpe,cmtumbprj01ckm5etl7v7ohqi,https://www.lewpe.com/cdn/shop/files/guarda-v1-black-lifestyle-3.jpg?v=1779219801&width=2000,4,gallery,VALIDATED,image/jpeg,602195,
lewpe,cmtumbprj01ckm5etl7v7ohqi,https://www.lewpe.com/cdn/shop/files/guarda-v4-lifestyle-1.jpg?v=1779219801&width=2000,5,gallery,VALIDATED,image/jpeg,605619,
lewpe,cmtumbprj01ckm5etl7v7ohqi,https://www.lewpe.com/cdn/shop/files/guarda-wall-sconce-gray.jpg?v=1781539740&width=600,6,gallery,VALIDATED,image/jpeg,30335,
lewpe,cmtumbprj01ckm5etl7v7ohqi,https://www.lewpe.com/cdn/shop/files/guarda-v1-black-product-photo.png?v=1779219801&width=168,7,gallery,VALIDATED,image/png,33482,
lewpe,cmtumbprj01ckm5etl7v7ohqi,https://www.lewpe.com/cdn/shop/files/guarda-v4-product-photo.png?v=1779219801&width=168,8,gallery,REJECTED,,,
lewpe,cmtumbprj01ckm5etl7v7ohqi,https://www.lewpe.com/cdn/shop/files/guarda-v2-coffee-product-photo.png?v=1779219801&width=168,9,gallery,REJECTED,,,
lewpe,cmtumbprj01ckm5etl7v7ohqi,https://www.lewpe.com/cdn/shop/files/guarda-v1-black-lifestyle-3.jpg?v=1779219801&width=168,10,gallery,REJECTED,,,
lewpe,cmtumbprj01ckm5etl7v7ohqi,https://www.lewpe.com/cdn/shop/files/guarda-v4-lifestyle-1.jpg?v=1779219801&width=168,11,gallery,REJECTED,,,
lewpe,cmtumbprj01ckm5etl7v7ohqi,https://www.lewpe.com/cdn/shop/files/guarda-wall-sconce-gray.jpg?v=1781539740&width=168,12,gallery,REJECTED,,,
viridian-bay,cmtumf9y702bom5etz7v33w7c,http://viridianbay.com/cdn/shop/products/vb34507c_40349f26-a7fe-4c02-a22e-8a2224c3ef1d.jpg?v=1773767975&width=2048,0,primary,DOWNLOADED,image/jpeg,117692,research-assets/viridian-bay/glass-bloom-feathers-lantern-short/img-0.jpg
viridian-bay,cmtumf9y702bom5etz7v33w7c,https://viridianbay.com/cdn/shop/products/vb34507c_40349f26-a7fe-4c02-a22e-8a2224c3ef1d.jpg?v=1773767975&width=1000,1,gallery,DOWNLOADED,image/jpeg,136280,research-assets/viridian-bay/glass-bloom-feathers-lantern-short/img-1.jpg
viridian-bay,cmtumf9y702bom5etz7v33w7c,https://viridianbay.com/cdn/shop/files/VB34508_studio_ls.jpg?v=1773767975&width=1000,2,gallery,DOWNLOADED,image/jpeg,45919,research-assets/viridian-bay/glass-bloom-feathers-lantern-short/img-2.jpg
viridian-bay,cmtumf9y702bom5etz7v33w7c,https://viridianbay.com/cdn/shop/files/VB34507_studio_ls.jpg?v=1773767975&width=1000,3,gallery,VALIDATED,image/jpeg,76660,
viridian-bay,cmtumf9y702bom5etz7v33w7c,https://viridianbay.com/cdn/shop/products/swirling_feathers_tall_short_9ce9e5d3-8709-4872-a7df-2d93c18ad78d.jpg?v=1773767975&width=1000,4,gallery,VALIDATED,image/jpeg,170829,
viridian-bay,cmtumf9y702bom5etz7v33w7c,https://viridianbay.com/cdn/shop/products/vb34508d_83f86d6a-be58-495a-889a-c125af7ad7b5.jpg?v=1773767975&width=1000,5,gallery,VALIDATED,image/jpeg,139100,
viridian-bay,cmtumf9y702bom5etz7v33w7c,https://viridianbay.com/cdn/shop/files/SwirlingFeathers_tall_short.jpg?v=1773767922&width=1000,6,gallery,VALIDATED,image/jpeg,200131,
ferm-living,cmtum7uh000tvm5et4j05g4fl,https://fermliving.com/cdn/shop/files/604179_1104272018_1.png?v=1762177880,0,primary,DOWNLOADED,image/png,604227,research-assets/ferm-living/cotton-black-soft-twill-cushion-cashmere/img-0.png
ferm-living,cmtum7uh000tvm5et4j05g4fl,https://fermliving.com/cdn/shop/files/604179_1104272018_1_x1200.png?v=1762177880,1,gallery,DOWNLOADED,image/png,259936,research-assets/ferm-living/cotton-black-soft-twill-cushion-cashmere/img-1.png
lewpe,cmtunatgr010hm53jewvy7kz3,http://www.lewpe.com/cdn/shop/files/alvor-v1-product-photo.png?v=1779219757&width=2048,0,primary,DOWNLOADED,image/png,1165246,research-assets/lewpe/metal-gather-wall-sconce-painted/img-0.png
lewpe,cmtunatgr010hm53jewvy7kz3,https://www.lewpe.com/cdn/shop/files/alvor-v1-product-photo.png?v=1779219757&width=1000,1,gallery,DOWNLOADED,image/png,1122512,research-assets/lewpe/metal-gather-wall-sconce-painted/img-1.png
lewpe,cmtunatgr010hm53jewvy7kz3,https://www.lewpe.com/cdn/shop/files/alvor-v0-product-photo.png?v=1779219757&width=1000,2,gallery,DOWNLOADED,image/png,1169205,research-assets/lewpe/metal-gather-wall-sconce-painted/img-2.png
lewpe,cmtunatgr010hm53jewvy7kz3,https://www.lewpe.com/cdn/shop/files/alvor-v0-lifestyle-3-v2.jpg?v=1779219757&width=2000,3,gallery,VALIDATED,image/jpeg,633140,
lewpe,cmtunatgr010hm53jewvy7kz3,https://www.lewpe.com/cdn/shop/files/alvor-v0-lifestyle-2.jpg?v=1779219757&width=2000,4,gallery,VALIDATED,image/jpeg,629223,
lewpe,cmtunatgr010hm53jewvy7kz3,https://www.lewpe.com/cdn/shop/files/alvor-v9-lifestyle-1.jpg?v=1779219757&width=2000,5,gallery,VALIDATED,image/jpeg,653744,
lewpe,cmtunatgr010hm53jewvy7kz3,https://www.lewpe.com/cdn/shop/files/alvor-pink-black-shades-product-9.jpg?v=1780192327&width=800,6,gallery,VALIDATED,image/jpeg,42175,
lewpe,cmtunatgr010hm53jewvy7kz3,https://www.lewpe.com/cdn/shop/files/alvor-pink-shades-product-10.jpg?v=1780192328&width=800,7,gallery,VALIDATED,image/jpeg,38133,
lewpe,cmtunatgr010hm53jewvy7kz3,https://www.lewpe.com/cdn/shop/files/alvor-beige-shades-product-11.jpg?v=1780192328&width=800,8,gallery,REJECTED,,,
lewpe,cmtunatgr010hm53jewvy7kz3,https://www.lewpe.com/cdn/shop/files/alvor-beige-black-shades-product-12.jpg?v=1780192328&width=800,9,gallery,REJECTED,,,
lewpe,cmtunatgr010hm53jewvy7kz3,https://www.lewpe.com/cdn/shop/files/alvor-green-black-shades-product-13.jpg?v=1780192328&width=800,10,gallery,REJECTED,,,
lewpe,cmtunatgr010hm53jewvy7kz3,https://www.lewpe.com/cdn/shop/files/alvor-green-shades-product-14.jpg?v=1780192328&width=800,11,gallery,REJECTED,,,
lewpe,cmtunatgr010hm53jewvy7kz3,https://www.lewpe.com/cdn/shop/files/alvor-green-red-shades-product-15.jpg?v=1780192328&width=800,12,gallery,REJECTED,,,
lewpe,cmtunatgr010hm53jewvy7kz3,https://www.lewpe.com/cdn/shop/files/alvor-beige-green-shades-product-16.jpg?v=1780192328&width=800,13,gallery,REJECTED,,,
lewpe,cmtunatgr010hm53jewvy7kz3,https://www.lewpe.com/cdn/shop/files/alvor-pink-red-shades-product-17.jpg?v=1780192328&width=800,14,gallery,REJECTED,,,
lewpe,cmtunatgr010hm53jewvy7kz3,https://www.lewpe.com/cdn/shop/files/alvor-beige-red-shades-detail-product-18.jpg?v=1780192328&width=1400,15,gallery,REJECTED,,,
lewpe,cmtunatgr010hm53jewvy7kz3,https://www.lewpe.com/cdn/shop/files/alvor-green-pink-shades-product-19.jpg?v=1780192328&width=800,16,gallery,REJECTED,,,
lewpe,cmtunatgr010hm53jewvy7kz3,https://www.lewpe.com/cdn/shop/files/alvor-beige-pink-shades-product-20.png?v=1780192328&width=1000,17,gallery,REJECTED,,,
lewpe,cmtunatgr010hm53jewvy7kz3,https://www.lewpe.com/cdn/shop/files/alvor-black-shades-product-21.jpg?v=1780192328&width=800,18,gallery,REJECTED,,,
lewpe,cmtunatgr010hm53jewvy7kz3,https://www.lewpe.com/cdn/shop/files/alvor-v1-product-photo.png?v=1779219757&width=168,19,gallery,REJECTED,,,
lewpe,cmtunatgr010hm53jewvy7kz3,https://www.lewpe.com/cdn/shop/files/alvor-v0-product-photo.png?v=1779219757&width=168,20,gallery,REJECTED,,,
lewpe,cmtunatgr010hm53jewvy7kz3,https://www.lewpe.com/cdn/shop/files/alvor-v0-lifestyle-3-v2.jpg?v=1779219757&width=168,21,gallery,REJECTED,,,
lewpe,cmtunatgr010hm53jewvy7kz3,https://www.lewpe.com/cdn/shop/files/alvor-v0-lifestyle-2.jpg?v=1779219757&width=168,22,gallery,REJECTED,,,
lewpe,cmtunatgr010hm53jewvy7kz3,https://www.lewpe.com/cdn/shop/files/alvor-v9-lifestyle-1.jpg?v=1779219757&width=168,23,gallery,REJECTED,,,
viridian-bay,cmtumf0hx029gm5et5p68ip2m,http://viridianbay.com/cdn/shop/products/vb34459e_6518e9d4-5421-420b-97f0-a4fd9128701c.jpg?v=1704927199&width=2048,0,primary,DOWNLOADED,image/jpeg,83971,research-assets/viridian-bay/aluminium-serve-sea-garden-stool/img-0.jpg
viridian-bay,cmtumf0hx029gm5et5p68ip2m,https://viridianbay.com/cdn/shop/products/vb34459e_6518e9d4-5421-420b-97f0-a4fd9128701c.jpg?v=1704927199&width=1000,1,gallery,DOWNLOADED,image/jpeg,89890,research-assets/viridian-bay/aluminium-serve-sea-garden-stool/img-1.jpg
viridian-bay,cmtumf0hx029gm5et5p68ip2m,https://viridianbay.com/cdn/shop/products/VB34611_9316f746-18cc-4357-a1a1-d758bd5e1ce7.jpg?v=1704927199&width=1000,2,gallery,DOWNLOADED,image/jpeg,65296,research-assets/viridian-bay/aluminium-serve-sea-garden-stool/img-2.jpg
viridian-bay,cmtumf0hx029gm5et5p68ip2m,https://viridianbay.com/cdn/shop/products/vb34611_2023_97557d76-ff5c-49ef-b869-aae09a64f992.jpg?v=1704927199&width=1000,3,gallery,VALIDATED,image/jpeg,136247,
viridian-bay,cmtumf0hx029gm5et5p68ip2m,https://viridianbay.com/cdn/shop/products/vb34459_2023_833b0718-e13d-4770-a0fa-b76bf69d4f43.jpg?v=1704927199&width=1000,4,gallery,VALIDATED,image/jpeg,174541,
viridian-bay,cmtumf0hx029gm5et5p68ip2m,https://viridianbay.com/cdn/shop/products/vb34459b_d2f15484-565b-47d1-bfd6-dbe408af0639.jpg?v=1704927199&width=1000,5,gallery,VALIDATED,image/jpeg,132034,
viridian-bay,cmtumf0hx029gm5et5p68ip2m,https://viridianbay.com/cdn/shop/products/vb34459c_a33f8c45-747b-4dab-992f-6c1e9f5b4708.jpg?v=1704927199&width=1000,6,gallery,VALIDATED,image/jpeg,142051,
viridian-bay,cmtumf0hx029gm5et5p68ip2m,https://viridianbay.com/cdn/shop/products/VB34611_2_184a4d36-bca6-499b-9274-cafaf47e7418.jpg?v=1704927199&width=1000,7,gallery,VALIDATED,image/jpeg,68660,
viridian-bay,cmtumf0hx029gm5et5p68ip2m,https://viridianbay.com/cdn/shop/products/vb34459d_a546232c-9025-4ff2-89cf-63e12963a6d1.jpg?v=1704927199&width=1000,8,gallery,REJECTED,,,
viridian-bay,cmtumf0hx029gm5et5p68ip2m,https://viridianbay.com/cdn/shop/products/vb34459g_f619c6b0-7498-4a65-8cc6-1088a465aee3.jpg?v=1704927199&width=1000,9,gallery,REJECTED,,,
lewpe,cmtunavqv011um53jvnlacqe7,http://www.lewpe.com/cdn/shop/files/mirandela-v10-product-photo.jpg?v=1779220046&width=2048,0,primary,DOWNLOADED,image/jpeg,111600,research-assets/lewpe/walnut-echo-wall-sconce-accent/img-0.jpg
lewpe,cmtunavqv011um53jvnlacqe7,https://www.lewpe.com/cdn/shop/files/mirandela-v10-product-photo.jpg?v=1779220046&width=2000,1,gallery,DOWNLOADED,image/jpeg,105161,research-assets/lewpe/walnut-echo-wall-sconce-accent/img-1.jpg
lewpe,cmtunavqv011um53jvnlacqe7,https://www.lewpe.com/cdn/shop/files/mirandela-v21-product-photo.jpg?v=1779220046&width=2000,2,gallery,DOWNLOADED,image/jpeg,136439,research-assets/lewpe/walnut-echo-wall-sconce-accent/img-2.jpg
lewpe,cmtunavqv011um53jvnlacqe7,https://www.lewpe.com/cdn/shop/files/mirandela-v30-product-photo.jpg?v=1779220046&width=2000,3,gallery,VALIDATED,image/jpeg,125017,
lewpe,cmtunavqv011um53jvnlacqe7,https://www.lewpe.com/cdn/shop/files/mirandela-v1-product-photo.jpg?v=1779220046&width=2000,4,gallery,VALIDATED,image/jpeg,167499,
lewpe,cmtunavqv011um53jvnlacqe7,https://www.lewpe.com/cdn/shop/files/mirandela-v1-lifestyle-1.jpg?v=1779220046&width=2000,5,gallery,VALIDATED,image/jpeg,530134,
lewpe,cmtunavqv011um53jvnlacqe7,https://www.lewpe.com/cdn/shop/files/mirandela-v21-lifestyle-1.jpg?v=1779220060&width=2000,6,gallery,VALIDATED,image/jpeg,324180,
lewpe,cmtunavqv011um53jvnlacqe7,https://www.lewpe.com/cdn/shop/files/mirandela-v21-lifestyle-3.jpg?v=1779220060&width=2000,7,gallery,VALIDATED,image/jpeg,377652,
lewpe,cmtunavqv011um53jvnlacqe7,https://www.lewpe.com/cdn/shop/files/mirandela-v30-lifestyle-1.jpg?v=1779220060&width=2000,8,gallery,REJECTED,,,
lewpe,cmtunavqv011um53jvnlacqe7,https://www.lewpe.com/cdn/shop/files/mirandela-v30-lifestyle-2.jpg?v=1779220060&width=2000,9,gallery,REJECTED,,,
lewpe,cmtunavqv011um53jvnlacqe7,https://www.lewpe.com/cdn/shop/files/mirandela-v10-product-photo.jpg?v=1779220046&width=168,10,gallery,REJECTED,,,
lewpe,cmtunavqv011um53jvnlacqe7,https://www.lewpe.com/cdn/shop/files/mirandela-v21-product-photo.jpg?v=1779220046&width=168,11,gallery,REJECTED,,,
lewpe,cmtunavqv011um53jvnlacqe7,https://www.lewpe.com/cdn/shop/files/mirandela-v30-product-photo.jpg?v=1779220046&width=168,12,gallery,REJECTED,,,
lewpe,cmtunavqv011um53jvnlacqe7,https://www.lewpe.com/cdn/shop/files/mirandela-v1-product-photo.jpg?v=1779220046&width=168,13,gallery,REJECTED,,,
lewpe,cmtunavqv011um53jvnlacqe7,https://www.lewpe.com/cdn/shop/files/mirandela-v1-lifestyle-1.jpg?v=1779220046&width=168,14,gallery,REJECTED,,,
lewpe,cmtunavqv011um53jvnlacqe7,https://www.lewpe.com/cdn/shop/files/mirandela-v21-lifestyle-1.jpg?v=1779220060&width=168,15,gallery,REJECTED,,,
lewpe,cmtunavqv011um53jvnlacqe7,https://www.lewpe.com/cdn/shop/files/mirandela-v21-lifestyle-3.jpg?v=1779220060&width=168,16,gallery,REJECTED,,,
lewpe,cmtunavqv011um53jvnlacqe7,https://www.lewpe.com/cdn/shop/files/mirandela-v30-lifestyle-1.jpg?v=1779220060&width=168,17,gallery,REJECTED,,,
lewpe,cmtunavqv011um53jvnlacqe7,https://www.lewpe.com/cdn/shop/files/mirandela-v30-lifestyle-2.jpg?v=1779220060&width=168,18,gallery,REJECTED,,,
cozy-garden,cmtume0q3023hm5etwtwtmh41,https://thecozygarden.com/cdn/shop/files/319760.jpg?v=1774657528&width=1920,0,primary,DOWNLOADED,image/jpeg,209094,research-assets/cozy-garden/rattan-brown-breeze-lounge-cushions-poly/img-0.jpg
cozy-garden,cmtume0q3023hm5etwtwtmh41,http://thecozygarden.com/cdn/shop/files/319760.jpg?v=1774657528,1,gallery,DOWNLOADED,image/jpeg,209094,research-assets/cozy-garden/rattan-brown-breeze-lounge-cushions-poly/img-1.jpg
cozy-garden,cmtume0q3023hm5etwtwtmh41,https://thecozygarden.com/cdn/shop/files/319760.jpg?v=1774657528&width=3840,2,gallery,DOWNLOADED,image/jpeg,209094,research-assets/cozy-garden/rattan-brown-breeze-lounge-cushions-poly/img-2.jpg
cozy-garden,cmtume0q3023hm5etwtwtmh41,https://thecozygarden.com/cdn/shop/files/319760_64106021.jpg?v=1774657528&width=3840,3,gallery,VALIDATED,image/jpeg,118602,
cozy-garden,cmtume0q3023hm5etwtwtmh41,https://thecozygarden.com/cdn/shop/files/319760_64106022.jpg?v=1774657528&width=3840,4,gallery,VALIDATED,image/jpeg,106047,
cozy-garden,cmtume0q3023hm5etwtwtmh41,https://thecozygarden.com/cdn/shop/files/319760_64106023.jpg?v=1774657529&width=3840,5,gallery,VALIDATED,image/jpeg,119597,
cozy-garden,cmtume0q3023hm5etwtwtmh41,https://thecozygarden.com/cdn/shop/files/319760_64106024.jpg?v=1774657528&width=3840,6,gallery,VALIDATED,image/jpeg,99468,
cozy-garden,cmtume0q3023hm5etwtwtmh41,https://thecozygarden.com/cdn/shop/files/319760_64106025.jpg?v=1774657544&width=3840,7,gallery,VALIDATED,image/jpeg,87795,
cozy-garden,cmtume0q3023hm5etwtwtmh41,https://thecozygarden.com/cdn/shop/files/319760_64106026.jpg?v=1774657528&width=3840,8,gallery,REJECTED,,,
cozy-garden,cmtume0q3023hm5etwtwtmh41,https://thecozygarden.com/cdn/shop/files/319760_64106027.jpg?v=1774657529&width=3840,9,gallery,REJECTED,,,
cozy-garden,cmtume0q3023hm5etwtwtmh41,https://thecozygarden.com/cdn/shop/files/319760_64106028.jpg?v=1774657528&width=3840,10,gallery,REJECTED,,,
cozy-garden,cmtume0q3023hm5etwtwtmh41,https://thecozygarden.com/cdn/shop/files/319760_64106029.jpg?v=1774657528&width=3840,11,gallery,REJECTED,,,
cozy-garden,cmtume0q3023hm5etwtwtmh41,https://thecozygarden.com/cdn/shop/files/319760_64106030.jpg?v=1774657528&width=3840,12,gallery,REJECTED,,,
cozy-garden,cmtume0q3023hm5etwtwtmh41,https://thecozygarden.com/cdn/shop/files/319760.jpg?v=1774657528&width=832,13,gallery,REJECTED,,,
cozy-garden,cmtume0q3023hm5etwtwtmh41,https://thecozygarden.com/cdn/shop/files/319760_64106021.jpg?v=1774657528&width=832,14,gallery,REJECTED,,,
cozy-garden,cmtume0q3023hm5etwtwtmh41,https://thecozygarden.com/cdn/shop/files/319760_64106022.jpg?v=1774657528&width=832,15,gallery,REJECTED,,,
cozy-garden,cmtume0q3023hm5etwtwtmh41,https://thecozygarden.com/cdn/shop/files/319760_64106023.jpg?v=1774657529&width=832,16,gallery,REJECTED,,,
cozy-garden,cmtume0q3023hm5etwtwtmh41,https://thecozygarden.com/cdn/shop/files/319760_64106024.jpg?v=1774657528&width=832,17,gallery,REJECTED,,,
cozy-garden,cmtume0q3023hm5etwtwtmh41,https://thecozygarden.com/cdn/shop/files/319760_64106025.jpg?v=1774657544&width=832,18,gallery,REJECTED,,,
cozy-garden,cmtume0q3023hm5etwtwtmh41,https://thecozygarden.com/cdn/shop/files/319760_64106026.jpg?v=1774657528&width=832,19,gallery,REJECTED,,,
cozy-garden,cmtume0q3023hm5etwtwtmh41,https://thecozygarden.com/cdn/shop/files/319760_64106027.jpg?v=1774657529&width=832,20,gallery,REJECTED,,,
cozy-garden,cmtume0q3023hm5etwtwtmh41,https://thecozygarden.com/cdn/shop/files/319760_64106028.jpg?v=1774657528&width=832,21,gallery,REJECTED,,,
cozy-garden,cmtume0q3023hm5etwtwtmh41,https://thecozygarden.com/cdn/shop/files/319760_64106029.jpg?v=1774657528&width=832,22,gallery,REJECTED,,,
cozy-garden,cmtume0q3023hm5etwtwtmh41,https://thecozygarden.com/cdn/shop/files/319760_64106030.jpg?v=1774657528&width=832,23,gallery,REJECTED,,,
lewpe,cmtunal2700ysm50hcq6xfld4,http://www.lewpe.com/cdn/shop/files/alge-glass-pendant-with-a-matte-black-cap-and-an-amber-glass-01.jpg?v=1787605650&width=2048,0,primary,DOWNLOADED,image/jpeg,100463,research-assets/lewpe/glass-beacon-ceiling-light-iron/img-0.jpg
lewpe,cmtunal2700ysm50hcq6xfld4,https://www.lewpe.com/cdn/shop/files/alge-glass-pendant-with-a-matte-black-cap-and-an-amber-glass-01.jpg?v=1787605650&width=1200,1,gallery,DOWNLOADED,image/jpeg,88460,research-assets/lewpe/glass-beacon-ceiling-light-iron/img-1.jpg
lewpe,cmtunal2700ysm50hcq6xfld4,https://www.lewpe.com/cdn/shop/files/alge-glass-pendant-with-a-white-cap-and-an-amber-glass-shade-02.jpg?v=1787605650&width=1200,2,gallery,DOWNLOADED,image/jpeg,75105,research-assets/lewpe/glass-beacon-ceiling-light-iron/img-2.jpg
lewpe,cmtunal2700ysm50hcq6xfld4,https://www.lewpe.com/cdn/shop/files/alge-glass-pendant-with-a-matte-black-cap-and-a-clear-glass-03.jpg?v=1787605650&width=1200,3,gallery,VALIDATED,image/jpeg,59660,
lewpe,cmtunal2700ysm50hcq6xfld4,https://www.lewpe.com/cdn/shop/files/alge-glass-pendant-with-a-white-cap-and-a-clear-glass-shade-04.jpg?v=1787605650&width=1200,4,gallery,VALIDATED,image/jpeg,70738,
lewpe,cmtunal2700ysm50hcq6xfld4,https://www.lewpe.com/cdn/shop/files/alge-glass-pendant-with-a-matte-black-cap-and-an-amber-glass-05.jpg?v=1787605651&width=1200,5,gallery,VALIDATED,image/jpeg,97543,
lewpe,cmtunal2700ysm50hcq6xfld4,https://www.lewpe.com/cdn/shop/files/alge-glass-pendant-with-a-white-cap-and-an-amber-glass-shade-06.jpg?v=1787605651&width=1200,6,gallery,VALIDATED,image/jpeg,77591,
lewpe,cmtunal2700ysm50hcq6xfld4,https://www.lewpe.com/cdn/shop/files/alge-glass-pendant-with-a-matte-black-cap-and-a-clear-glass-07.jpg?v=1787605651&width=1200,7,gallery,VALIDATED,image/jpeg,87984,
lewpe,cmtunal2700ysm50hcq6xfld4,https://www.lewpe.com/cdn/shop/files/alge-glass-pendant-with-a-white-cap-and-a-clear-glass-shade-08.jpg?v=1787605651&width=1200,8,gallery,REJECTED,,,
lewpe,cmtunal2700ysm50hcq6xfld4,https://www.lewpe.com/cdn/shop/files/alge-glass-pendant-with-a-matte-black-cap-and-an-amber-glass-09.jpg?v=1787605651&width=1200,9,gallery,REJECTED,,,
lewpe,cmtunal2700ysm50hcq6xfld4,https://www.lewpe.com/cdn/shop/files/alge-glass-pendant-with-a-white-cap-and-an-amber-glass-shade-10.jpg?v=1787605651&width=1200,10,gallery,REJECTED,,,
lewpe,cmtunal2700ysm50hcq6xfld4,https://www.lewpe.com/cdn/shop/files/alge-glass-pendant-with-a-matte-black-cap-and-a-clear-glass-11.jpg?v=1787605651&width=1200,11,gallery,REJECTED,,,
lewpe,cmtunal2700ysm50hcq6xfld4,https://www.lewpe.com/cdn/shop/files/alge-glass-pendant-with-a-white-cap-and-a-clear-glass-shade-12.jpg?v=1787605651&width=1200,12,gallery,REJECTED,,,
lewpe,cmtunal2700ysm50hcq6xfld4,https://www.lewpe.com/cdn/shop/files/alge-glass-pendant-with-a-matte-black-cap-and-an-amber-glass-13.jpg?v=1787605651&width=1200,13,gallery,REJECTED,,,
lewpe,cmtunal2700ysm50hcq6xfld4,https://www.lewpe.com/cdn/shop/files/alge-glass-pendant-with-a-white-cap-and-an-amber-glass-shade-14.jpg?v=1787605651&width=1200,14,gallery,REJECTED,,,
lewpe,cmtunal2700ysm50hcq6xfld4,https://www.lewpe.com/cdn/shop/files/alge-glass-pendant-with-a-matte-black-cap-and-a-clear-glass-15.jpg?v=1787605651&width=1200,15,gallery,REJECTED,,,
lewpe,cmtunal2700ysm50hcq6xfld4,https://www.lewpe.com/cdn/shop/files/alge-glass-pendant-with-a-white-cap-and-a-clear-glass-shade-16.jpg?v=1787605651&width=1200,16,gallery,REJECTED,,,
lewpe,cmtunal2700ysm50hcq6xfld4,https://www.lewpe.com/cdn/shop/files/alge-pendant-in-black-and-amber-tall-cylinder-shape-above-a-18.jpg?v=1787605651&width=1200,17,gallery,REJECTED,,,
lewpe,cmtunal2700ysm50hcq6xfld4,https://www.lewpe.com/cdn/shop/files/alge-pendant-in-black-and-amber-upright-cylinder-shape-above-19.jpg?v=1787605651&width=1200,18,gallery,REJECTED,,,
lewpe,cmtunal2700ysm50hcq6xfld4,https://www.lewpe.com/cdn/shop/files/alge-pendant-in-black-and-amber-globe-shape-beside-the-bed-a-20.jpg?v=1787605651&width=1200,19,gallery,REJECTED,,,
lewpe,cmtunal2700ysm50hcq6xfld4,https://www.lewpe.com/cdn/shop/files/alge-pendant-in-black-and-amber-wide-drum-shape-above-a-in-a-21.jpg?v=1787605656&width=1200,20,gallery,REJECTED,,,
lewpe,cmtunal2700ysm50hcq6xfld4,https://www.lewpe.com/cdn/shop/files/alge-pendant-in-white-and-amber-tall-cylinder-shape-above-a-22.jpg?v=1787605657&width=1200,21,gallery,REJECTED,,,
lewpe,cmtunal2700ysm50hcq6xfld4,https://www.lewpe.com/cdn/shop/files/alge-pendant-in-black-and-clear-tall-cylinder-shape-above-an-23.jpg?v=1787605656&width=1200,22,gallery,REJECTED,,,
lewpe,cmtunal2700ysm50hcq6xfld4,https://www.lewpe.com/cdn/shop/files/alge-pendant-in-white-and-clear-tall-cylinder-shape-beside-a-01.jpg?v=1788374522&width=1200,23,gallery,REJECTED,,,
lewpe,cmtumc82l01npm5et6xow9czd,http://www.lewpe.com/cdn/shop/files/tavira-modern-wooden-table-lamp-beige.png?v=1779128446&width=2048,0,primary,DOWNLOADED,image/png,1079607,research-assets/lewpe/walnut-beacon-lamp-fabric-shade/img-0.png
lewpe,cmtumc82l01npm5et6xow9czd,https://www.lewpe.com/cdn/shop/files/tavira-modern-wooden-table-lamp-beige.png?v=1779128446&width=1000,1,gallery,DOWNLOADED,image/png,1047971,research-assets/lewpe/walnut-beacon-lamp-fabric-shade/img-1.png
lewpe,cmtumc82l01npm5et6xow9czd,https://www.lewpe.com/cdn/shop/files/tavira-modern-wooden-table-lamp-tan.png?v=1779128446&width=1000,2,gallery,DOWNLOADED,image/png,1020120,research-assets/lewpe/walnut-beacon-lamp-fabric-shade/img-2.png
lewpe,cmtumc82l01npm5et6xow9czd,https://www.lewpe.com/cdn/shop/files/tavira-modern-wooden-table-lamp-green.png?v=1779128446&width=1000,3,gallery,VALIDATED,image/png,1008749,
lewpe,cmtumc82l01npm5et6xow9czd,https://www.lewpe.com/cdn/shop/files/tavira-modern-wooden-table-lamp-beige-cottage.jpg?v=1779128446&width=2000,4,gallery,VALIDATED,image/jpeg,512352,
lewpe,cmtumc82l01npm5et6xow9czd,https://www.lewpe.com/cdn/shop/files/tavira-modern-wooden-table-lamp-beige-living.jpg?v=1779128446&width=2000,5,gallery,VALIDATED,image/jpeg,379661,
lewpe,cmtumc82l01npm5et6xow9czd,https://www.lewpe.com/cdn/shop/files/tavira-modern-wooden-table-lamp-beige-library.jpg?v=1779128446&width=2000,6,gallery,VALIDATED,image/jpeg,488098,
lewpe,cmtumc82l01npm5et6xow9czd,https://www.lewpe.com/cdn/shop/files/tavira-modern-wooden-table-lamp-beige-bedroom-desk.jpg?v=1779128446&width=2000,7,gallery,VALIDATED,image/jpeg,395430,
lewpe,cmtumc82l01npm5et6xow9czd,https://www.lewpe.com/cdn/shop/files/tavira-modern-wooden-table-lamp-green-walnut-desk.jpg?v=1779128446&width=2000,8,gallery,REJECTED,,,
lewpe,cmtumc82l01npm5et6xow9czd,https://www.lewpe.com/cdn/shop/files/tavira-modern-wooden-table-lamp-beige.png?v=1779128446&width=168,9,gallery,REJECTED,,,
lewpe,cmtumc82l01npm5et6xow9czd,https://www.lewpe.com/cdn/shop/files/tavira-modern-wooden-table-lamp-tan.png?v=1779128446&width=168,10,gallery,REJECTED,,,
lewpe,cmtumc82l01npm5et6xow9czd,https://www.lewpe.com/cdn/shop/files/tavira-modern-wooden-table-lamp-green.png?v=1779128446&width=168,11,gallery,REJECTED,,,
lewpe,cmtumc82l01npm5et6xow9czd,https://www.lewpe.com/cdn/shop/files/tavira-modern-wooden-table-lamp-beige-cottage.jpg?v=1779128446&width=168,12,gallery,REJECTED,,,
lewpe,cmtumc82l01npm5et6xow9czd,https://www.lewpe.com/cdn/shop/files/tavira-modern-wooden-table-lamp-beige-living.jpg?v=1779128446&width=168,13,gallery,REJECTED,,,
lewpe,cmtumc82l01npm5et6xow9czd,https://www.lewpe.com/cdn/shop/files/tavira-modern-wooden-table-lamp-beige-library.jpg?v=1779128446&width=168,14,gallery,REJECTED,,,
lewpe,cmtumc82l01npm5et6xow9czd,https://www.lewpe.com/cdn/shop/files/tavira-modern-wooden-table-lamp-beige-bedroom-desk.jpg?v=1779128446&width=168,15,gallery,REJECTED,,,
lewpe,cmtumc82l01npm5et6xow9czd,https://www.lewpe.com/cdn/shop/files/tavira-modern-wooden-table-lamp-green-walnut-desk.jpg?v=1779128446&width=168,16,gallery,REJECTED,,,
cozy-garden,cmtumdeme01ytm5et4pl8tzdq,https://thecozygarden.com/cdn/shop/files/S324bfbe28bc54614950a7923e54de2f4p_badded7f-3ae8-4898-be06-1515fc6b6f08.webp?v=1774657420&width=1920,0,primary,DOWNLOADED,image/jpeg,272083,research-assets/cozy-garden/iron-blue-ambient-party-home-decoration/img-0.jpg
cozy-garden,cmtumdeme01ytm5et4pl8tzdq,http://thecozygarden.com/cdn/shop/files/S324bfbe28bc54614950a7923e54de2f4p_badded7f-3ae8-4898-be06-1515fc6b6f08.webp?v=1774657420,1,gallery,DOWNLOADED,image/jpeg,272083,research-assets/cozy-garden/iron-blue-ambient-party-home-decoration/img-1.jpg
cozy-garden,cmtumdeme01ytm5et4pl8tzdq,https://thecozygarden.com/cdn/shop/files/S324bfbe28bc54614950a7923e54de2f4p_badded7f-3ae8-4898-be06-1515fc6b6f08.webp?v=1774657420&width=3840,2,gallery,DOWNLOADED,image/jpeg,272083,research-assets/cozy-garden/iron-blue-ambient-party-home-decoration/img-2.jpg
cozy-garden,cmtumdeme01ytm5et4pl8tzdq,https://thecozygarden.com/cdn/shop/files/S324bfbe28bc54614950a7923e54de2f4p_38e0da36-df18-4f73-bf89-cb9f065cdffc.webp?v=1774657420&width=3840,3,gallery,VALIDATED,image/jpeg,272083,
cozy-garden,cmtumdeme01ytm5et4pl8tzdq,https://thecozygarden.com/cdn/shop/files/Sbcb4d3f8dd534b0fbfffcae6eb89f92dt_48296177-ee76-41eb-85e7-fcf57de66ae7.webp?v=1774657420&width=3840,4,gallery,VALIDATED,image/jpeg,190759,
cozy-garden,cmtumdeme01ytm5et4pl8tzdq,https://thecozygarden.com/cdn/shop/files/S2361d01de537465681cf0c06ffeac18ai_833c937b-bb8a-45f4-94a3-8fa6d5f9add9.webp?v=1774657420&width=3840,5,gallery,VALIDATED,image/jpeg,93961,
cozy-garden,cmtumdeme01ytm5et4pl8tzdq,https://thecozygarden.com/cdn/shop/files/S4594fa9af13545878c989f512c8f1726N_9ddd2cd7-19c0-4491-8fa3-c1a15143dded.webp?v=1774657420&width=3840,6,gallery,VALIDATED,image/jpeg,117590,
cozy-garden,cmtumdeme01ytm5et4pl8tzdq,https://thecozygarden.com/cdn/shop/files/S6e7d1bd7f7d9403d9c3b37ae00db71d8Q_4853032a-e136-4988-8e36-5e78952de865.webp?v=1774657420&width=3840,7,gallery,VALIDATED,image/jpeg,140962,
cozy-garden,cmtumdeme01ytm5et4pl8tzdq,https://thecozygarden.com/cdn/shop/files/S17b7464d1218465bbcaec594c7330915T_08ffa94d-95b9-4f98-a730-bc4fb2fef346.webp?v=1774657420&width=3840,8,gallery,REJECTED,,,
cozy-garden,cmtumdeme01ytm5et4pl8tzdq,https://thecozygarden.com/cdn/shop/files/S324bfbe28bc54614950a7923e54de2f4p_badded7f-3ae8-4898-be06-1515fc6b6f08.webp?v=1774657420&width=832,9,gallery,REJECTED,,,
cozy-garden,cmtumdeme01ytm5et4pl8tzdq,https://thecozygarden.com/cdn/shop/files/S324bfbe28bc54614950a7923e54de2f4p_38e0da36-df18-4f73-bf89-cb9f065cdffc.webp?v=1774657420&width=832,10,gallery,REJECTED,,,
cozy-garden,cmtumdeme01ytm5et4pl8tzdq,https://thecozygarden.com/cdn/shop/files/Sbcb4d3f8dd534b0fbfffcae6eb89f92dt_48296177-ee76-41eb-85e7-fcf57de66ae7.webp?v=1774657420&width=832,11,gallery,REJECTED,,,
cozy-garden,cmtumdeme01ytm5et4pl8tzdq,https://thecozygarden.com/cdn/shop/files/S2361d01de537465681cf0c06ffeac18ai_833c937b-bb8a-45f4-94a3-8fa6d5f9add9.webp?v=1774657420&width=832,12,gallery,REJECTED,,,
cozy-garden,cmtumdeme01ytm5et4pl8tzdq,https://thecozygarden.com/cdn/shop/files/S4594fa9af13545878c989f512c8f1726N_9ddd2cd7-19c0-4491-8fa3-c1a15143dded.webp?v=1774657420&width=832,13,gallery,REJECTED,,,
cozy-garden,cmtumdeme01ytm5et4pl8tzdq,https://thecozygarden.com/cdn/shop/files/S6e7d1bd7f7d9403d9c3b37ae00db71d8Q_4853032a-e136-4988-8e36-5e78952de865.webp?v=1774657420&width=832,14,gallery,REJECTED,,,
cozy-garden,cmtumdeme01ytm5et4pl8tzdq,https://thecozygarden.com/cdn/shop/files/S17b7464d1218465bbcaec594c7330915T_08ffa94d-95b9-4f98-a730-bc4fb2fef346.webp?v=1774657420&width=832,15,gallery,REJECTED,,,
ferm-living,cmtun523j00glm50ha6zcpz54,https://fermliving.com/cdn/shop/files/269576_1104272396_1.png?v=1762177766,0,primary,DOWNLOADED,image/png,269624,research-assets/ferm-living/mirror-still-dark-stained-burl/img-0.png
ferm-living,cmtun523j00glm50ha6zcpz54,https://fermliving.com/cdn/shop/files/269576_1104272396_1_x1200.png?v=1762177766,1,gallery,DOWNLOADED,image/png,179615,research-assets/ferm-living/mirror-still-dark-stained-burl/img-1.png
ferm-living,cmtun56z700dtm53jmcdqu4we,https://fermliving.com/cdn/shop/files/429013_1104269278_1.png?v=1762180132,0,primary,DOWNLOADED,image/png,429061,research-assets/ferm-living/oak-ambient-shelf-low-oiled/img-0.png
ferm-living,cmtun56z700dtm53jmcdqu4we,https://fermliving.com/cdn/shop/files/429013_1104269278_1_x1200.png?v=1762180132,1,gallery,DOWNLOADED,image/png,197103,research-assets/ferm-living/oak-ambient-shelf-low-oiled/img-1.png
ferm-living,cmtun4kp4008vm53j8aaplpxr,https://fermliving.com/cdn/shop/files/444935_1104272073_1.png?v=1762177968,0,primary,DOWNLOADED,image/png,444983,research-assets/ferm-living/cotton-natural-layer-rectangular-dark-chocolate/img-0.png
ferm-living,cmtun4kp4008vm53j8aaplpxr,https://fermliving.com/cdn/shop/files/444935_1104272073_1_x1200.png?v=1762177968,1,gallery,DOWNLOADED,image/png,246174,research-assets/ferm-living/cotton-natural-layer-rectangular-dark-chocolate/img-1.png
cozy-garden,cmtunbqek01chm50hc9owz0m7,https://thecozygarden.com/cdn/shop/files/44722796921105.jpg?v=1774657680&width=1920,0,primary,DOWNLOADED,image/jpeg,43836,research-assets/cozy-garden/white-ambient-falling-like-dew/img-0.jpg
cozy-garden,cmtunbqek01chm50hc9owz0m7,http://thecozygarden.com/cdn/shop/files/44722796921105.jpg?v=1774657680,1,gallery,DOWNLOADED,image/jpeg,43836,research-assets/cozy-garden/white-ambient-falling-like-dew/img-1.jpg
cozy-garden,cmtunbqek01chm50hc9owz0m7,https://thecozygarden.com/cdn/shop/files/44722796921105.jpg?v=1774657680&width=3840,2,gallery,DOWNLOADED,image/jpeg,43836,research-assets/cozy-garden/white-ambient-falling-like-dew/img-2.jpg
cozy-garden,cmtuncg0801i3m50h6aotf97a,https://thecozygarden.com/cdn/shop/files/151946.jpg?v=1778092829&width=1920,0,primary,DOWNLOADED,image/jpeg,214651,research-assets/cozy-garden/steel-rust-echo-garden-raised-bed/img-0.jpg
cozy-garden,cmtuncg0801i3m50h6aotf97a,http://thecozygarden.com/cdn/shop/files/151946.jpg?v=1778092829,1,gallery,DOWNLOADED,image/jpeg,214651,research-assets/cozy-garden/steel-rust-echo-garden-raised-bed/img-1.jpg
cozy-garden,cmtuncg0801i3m50h6aotf97a,https://thecozygarden.com/cdn/shop/files/151946.jpg?v=1778092829&width=3840,2,gallery,DOWNLOADED,image/jpeg,214651,research-assets/cozy-garden/steel-rust-echo-garden-raised-bed/img-2.jpg
cozy-garden,cmtuncg0801i3m50h6aotf97a,https://thecozygarden.com/cdn/shop/files/151946_86799190.jpg?v=1778092829&width=3840,3,gallery,VALIDATED,image/jpeg,58556,
cozy-garden,cmtuncg0801i3m50h6aotf97a,https://thecozygarden.com/cdn/shop/files/151946_86799191.jpg?v=1778092830&width=3840,4,gallery,VALIDATED,image/jpeg,37583,
cozy-garden,cmtuncg0801i3m50h6aotf97a,https://thecozygarden.com/cdn/shop/files/151946_86799192.jpg?v=1778092829&width=3840,5,gallery,VALIDATED,image/jpeg,55222,
cozy-garden,cmtuncg0801i3m50h6aotf97a,https://thecozygarden.com/cdn/shop/files/151946_86799193.jpg?v=1778092829&width=3840,6,gallery,VALIDATED,image/jpeg,100675,
cozy-garden,cmtuncg0801i3m50h6aotf97a,https://thecozygarden.com/cdn/shop/files/151946_86799194.jpg?v=1778092829&width=3840,7,gallery,VALIDATED,image/jpeg,92772,
cozy-garden,cmtuncg0801i3m50h6aotf97a,https://thecozygarden.com/cdn/shop/files/151946_86799195.jpg?v=1778092829&width=3840,8,gallery,REJECTED,,,
cozy-garden,cmtuncg0801i3m50h6aotf97a,https://thecozygarden.com/cdn/shop/files/151946.jpg?v=1778092829&width=832,9,gallery,REJECTED,,,
cozy-garden,cmtuncg0801i3m50h6aotf97a,https://thecozygarden.com/cdn/shop/files/151946_86799190.jpg?v=1778092829&width=832,10,gallery,REJECTED,,,
cozy-garden,cmtuncg0801i3m50h6aotf97a,https://thecozygarden.com/cdn/shop/files/151946_86799191.jpg?v=1778092830&width=832,11,gallery,REJECTED,,,
cozy-garden,cmtuncg0801i3m50h6aotf97a,https://thecozygarden.com/cdn/shop/files/151946_86799192.jpg?v=1778092829&width=832,12,gallery,REJECTED,,,
cozy-garden,cmtuncg0801i3m50h6aotf97a,https://thecozygarden.com/cdn/shop/files/151946_86799193.jpg?v=1778092829&width=832,13,gallery,REJECTED,,,
cozy-garden,cmtuncg0801i3m50h6aotf97a,https://thecozygarden.com/cdn/shop/files/151946_86799194.jpg?v=1778092829&width=832,14,gallery,REJECTED,,,
cozy-garden,cmtuncg0801i3m50h6aotf97a,https://thecozygarden.com/cdn/shop/files/151946_86799195.jpg?v=1778092829&width=832,15,gallery,REJECTED,,,
cozy-garden,cmtuncxjf01i6m53j81e8l2o4,https://thecozygarden.com/cdn/shop/files/150909.jpg?v=1780468131&width=1920,0,primary,DOWNLOADED,image/jpeg,126921,research-assets/cozy-garden/steel-anthracite-keep-x38-x24-galvanized/img-0.jpg
cozy-garden,cmtuncxjf01i6m53j81e8l2o4,http://thecozygarden.com/cdn/shop/files/150909.jpg?v=1780468131,1,gallery,DOWNLOADED,image/jpeg,126921,research-assets/cozy-garden/steel-anthracite-keep-x38-x24-galvanized/img-1.jpg
cozy-garden,cmtuncxjf01i6m53j81e8l2o4,https://thecozygarden.com/cdn/shop/files/150909.jpg?v=1780468131&width=3840,2,gallery,DOWNLOADED,image/jpeg,126921,research-assets/cozy-garden/steel-anthracite-keep-x38-x24-galvanized/img-2.jpg
cozy-garden,cmtuncxjf01i6m53j81e8l2o4,https://thecozygarden.com/cdn/shop/files/150909_86204746.jpg?v=1780468131&width=3840,3,gallery,VALIDATED,image/jpeg,43810,
cozy-garden,cmtuncxjf01i6m53j81e8l2o4,https://thecozygarden.com/cdn/shop/files/150909_86204747.jpg?v=1780468131&width=3840,4,gallery,VALIDATED,image/jpeg,53967,
cozy-garden,cmtuncxjf01i6m53j81e8l2o4,https://thecozygarden.com/cdn/shop/files/150909_86204748.jpg?v=1780468131&width=3840,5,gallery,VALIDATED,image/jpeg,46472,
cozy-garden,cmtuncxjf01i6m53j81e8l2o4,https://thecozygarden.com/cdn/shop/files/150909_86204749.jpg?v=1780468131&width=3840,6,gallery,VALIDATED,image/jpeg,34259,
cozy-garden,cmtuncxjf01i6m53j81e8l2o4,https://thecozygarden.com/cdn/shop/files/150909_86204750.jpg?v=1780468131&width=3840,7,gallery,VALIDATED,image/jpeg,30198,
cozy-garden,cmtuncxjf01i6m53j81e8l2o4,https://thecozygarden.com/cdn/shop/files/150909_86204751.jpg?v=1780468131&width=3840,8,gallery,REJECTED,,,
cozy-garden,cmtuncxjf01i6m53j81e8l2o4,https://thecozygarden.com/cdn/shop/files/150909_86204752.jpg?v=1780468131&width=3840,9,gallery,REJECTED,,,
cozy-garden,cmtuncxjf01i6m53j81e8l2o4,https://thecozygarden.com/cdn/shop/files/150909_86204753.jpg?v=1780468131&width=3840,10,gallery,REJECTED,,,
cozy-garden,cmtuncxjf01i6m53j81e8l2o4,https://thecozygarden.com/cdn/shop/files/150909.jpg?v=1780468131&width=832,11,gallery,REJECTED,,,
cozy-garden,cmtuncxjf01i6m53j81e8l2o4,https://thecozygarden.com/cdn/shop/files/150909_86204746.jpg?v=1780468131&width=832,12,gallery,REJECTED,,,
cozy-garden,cmtuncxjf01i6m53j81e8l2o4,https://thecozygarden.com/cdn/shop/files/150909_86204747.jpg?v=1780468131&width=832,13,gallery,REJECTED,,,
cozy-garden,cmtuncxjf01i6m53j81e8l2o4,https://thecozygarden.com/cdn/shop/files/150909_86204748.jpg?v=1780468131&width=832,14,gallery,REJECTED,,,
cozy-garden,cmtuncxjf01i6m53j81e8l2o4,https://thecozygarden.com/cdn/shop/files/150909_86204749.jpg?v=1780468131&width=832,15,gallery,REJECTED,,,
cozy-garden,cmtuncxjf01i6m53j81e8l2o4,https://thecozygarden.com/cdn/shop/files/150909_86204750.jpg?v=1780468131&width=832,16,gallery,REJECTED,,,
cozy-garden,cmtuncxjf01i6m53j81e8l2o4,https://thecozygarden.com/cdn/shop/files/150909_86204751.jpg?v=1780468131&width=832,17,gallery,REJECTED,,,
cozy-garden,cmtuncxjf01i6m53j81e8l2o4,https://thecozygarden.com/cdn/shop/files/150909_86204752.jpg?v=1780468131&width=832,18,gallery,REJECTED,,,
cozy-garden,cmtuncxjf01i6m53j81e8l2o4,https://thecozygarden.com/cdn/shop/files/150909_86204753.jpg?v=1780468131&width=832,19,gallery,REJECTED,,,
cozy-garden,cmtund31s01n3m50hxp1ii6qe,https://thecozygarden.com/cdn/shop/files/NP11847BN.jpg?v=1780468156&width=1920,0,primary,DOWNLOADED,image/jpeg,48059,research-assets/cozy-garden/rattan-red-halo-brown-color-brown/img-0.jpg
cozy-garden,cmtund31s01n3m50hxp1ii6qe,http://thecozygarden.com/cdn/shop/files/NP11847BN.jpg?v=1780468156,1,gallery,DOWNLOADED,image/jpeg,48059,research-assets/cozy-garden/rattan-red-halo-brown-color-brown/img-1.jpg
cozy-garden,cmtund31s01n3m50hxp1ii6qe,https://thecozygarden.com/cdn/shop/files/NP11847BN.jpg?v=1780468156&width=3840,2,gallery,DOWNLOADED,image/jpeg,48059,research-assets/cozy-garden/rattan-red-halo-brown-color-brown/img-2.jpg
cozy-garden,cmtund31s01n3m50hxp1ii6qe,https://thecozygarden.com/cdn/shop/files/NP11847BN_76438919.jpg?v=1780468156&width=3840,3,gallery,VALIDATED,image/jpeg,97980,
cozy-garden,cmtund31s01n3m50hxp1ii6qe,https://thecozygarden.com/cdn/shop/files/NP11847BN_76438920.jpg?v=1780468157&width=3840,4,gallery,VALIDATED,image/jpeg,119217,
cozy-garden,cmtund31s01n3m50hxp1ii6qe,https://thecozygarden.com/cdn/shop/files/NP11847BN_76438921.jpg?v=1780468157&width=3840,5,gallery,VALIDATED,image/jpeg,60595,
cozy-garden,cmtund31s01n3m50hxp1ii6qe,https://thecozygarden.com/cdn/shop/files/NP11847BN_76438922.jpg?v=1780468157&width=3840,6,gallery,VALIDATED,image/jpeg,94974,
cozy-garden,cmtund31s01n3m50hxp1ii6qe,https://thecozygarden.com/cdn/shop/files/NP11847BN.jpg?v=1780468156&width=832,7,gallery,VALIDATED,image/jpeg,48059,
cozy-garden,cmtund31s01n3m50hxp1ii6qe,https://thecozygarden.com/cdn/shop/files/NP11847BN_76438919.jpg?v=1780468156&width=832,8,gallery,REJECTED,,,
cozy-garden,cmtund31s01n3m50hxp1ii6qe,https://thecozygarden.com/cdn/shop/files/NP11847BN_76438920.jpg?v=1780468157&width=832,9,gallery,REJECTED,,,
cozy-garden,cmtund31s01n3m50hxp1ii6qe,https://thecozygarden.com/cdn/shop/files/NP11847BN_76438921.jpg?v=1780468157&width=832,10,gallery,REJECTED,,,
cozy-garden,cmtund31s01n3m50hxp1ii6qe,https://thecozygarden.com/cdn/shop/files/NP11847BN_76438922.jpg?v=1780468157&width=832,11,gallery,REJECTED,,,
cozy-garden,cmtunddvi01lom53jati5qcwa,https://thecozygarden.com/cdn/shop/files/GWDBHF45136825.jpg?v=1781134105&width=1920,0,primary,DOWNLOADED,image/jpeg,75664,research-assets/cozy-garden/jute-green-still-house-compartment-holes/img-0.jpg
cozy-garden,cmtunddvi01lom53jati5qcwa,http://thecozygarden.com/cdn/shop/files/GWDBHF45136825.jpg?v=1781134105,1,gallery,DOWNLOADED,image/jpeg,75664,research-assets/cozy-garden/jute-green-still-house-compartment-holes/img-1.jpg
cozy-garden,cmtunddvi01lom53jati5qcwa,https://thecozygarden.com/cdn/shop/files/GWDBHF45136825.jpg?v=1781134105&width=3840,2,gallery,DOWNLOADED,image/jpeg,75664,research-assets/cozy-garden/jute-green-still-house-compartment-holes/img-2.jpg
cozy-garden,cmtunddvi01lom53jati5qcwa,https://thecozygarden.com/cdn/shop/files/GWDBHF45136825_73669610.jpg?v=1781134106&width=3840,3,gallery,VALIDATED,image/jpeg,240017,
cozy-garden,cmtunddvi01lom53jati5qcwa,https://thecozygarden.com/cdn/shop/files/GWDBHF45136825_73669611.jpg?v=1781134105&width=3840,4,gallery,VALIDATED,image/jpeg,78416,
cozy-garden,cmtunddvi01lom53jati5qcwa,https://thecozygarden.com/cdn/shop/files/GWDBHF45136825.jpg?v=1781134105&width=832,5,gallery,VALIDATED,image/jpeg,67847,
cozy-garden,cmtunddvi01lom53jati5qcwa,https://thecozygarden.com/cdn/shop/files/GWDBHF45136825_73669610.jpg?v=1781134106&width=832,6,gallery,VALIDATED,image/jpeg,209895,
cozy-garden,cmtunddvi01lom53jati5qcwa,https://thecozygarden.com/cdn/shop/files/GWDBHF45136825_73669611.jpg?v=1781134105&width=832,7,gallery,VALIDATED,image/jpeg,63831,
cozy-garden,cmtundo5j01nxm53jg9wrodzj,https://thecozygarden.com/cdn/shop/files/EHWRDSWB239858147.jpg?v=1781134165&width=1920,0,primary,DOWNLOADED,image/jpeg,96435,research-assets/cozy-garden/iron-red-echo-wood-outdoor-birdhouse/img-0.jpg
cozy-garden,cmtundo5j01nxm53jg9wrodzj,http://thecozygarden.com/cdn/shop/files/EHWRDSWB239858147.jpg?v=1781134165,1,gallery,DOWNLOADED,image/jpeg,96435,research-assets/cozy-garden/iron-red-echo-wood-outdoor-birdhouse/img-1.jpg
cozy-garden,cmtundo5j01nxm53jg9wrodzj,https://thecozygarden.com/cdn/shop/files/EHWRDSWB239858147.jpg?v=1781134165&width=3840,2,gallery,DOWNLOADED,image/jpeg,96435,research-assets/cozy-garden/iron-red-echo-wood-outdoor-birdhouse/img-2.jpg
cozy-garden,cmtundo5j01nxm53jg9wrodzj,https://thecozygarden.com/cdn/shop/files/EHWRDSWB239858147_73669482.jpg?v=1781134165&width=3840,3,gallery,VALIDATED,image/jpeg,157869,
cozy-garden,cmtundo5j01nxm53jg9wrodzj,https://thecozygarden.com/cdn/shop/files/EHWRDSWB239858147_73669483.jpg?v=1781134165&width=3840,4,gallery,VALIDATED,image/jpeg,134241,
cozy-garden,cmtundo5j01nxm53jg9wrodzj,https://thecozygarden.com/cdn/shop/files/EHWRDSWB239858147.jpg?v=1781134165&width=832,5,gallery,VALIDATED,image/jpeg,78062,
cozy-garden,cmtundo5j01nxm53jg9wrodzj,https://thecozygarden.com/cdn/shop/files/EHWRDSWB239858147_73669482.jpg?v=1781134165&width=832,6,gallery,VALIDATED,image/jpeg,139805,
cozy-garden,cmtundo5j01nxm53jg9wrodzj,https://thecozygarden.com/cdn/shop/files/EHWRDSWB239858147_73669483.jpg?v=1781134165&width=832,7,gallery,VALIDATED,image/jpeg,119903,
lewpe,cmtunasjd0101m53jpq4mb69a,http://www.lewpe.com/cdn/shop/files/setubal-v0-product-photo.png?v=1779220127&width=2048,0,primary,DOWNLOADED,image/png,1348573,research-assets/lewpe/glass-halo-sconce-painted-iron/img-0.png
lewpe,cmtunasjd0101m53jpq4mb69a,https://www.lewpe.com/cdn/shop/files/setubal-v0-product-photo.png?v=1779220127&width=1000,1,gallery,DOWNLOADED,image/png,1283233,research-assets/lewpe/glass-halo-sconce-painted-iron/img-1.png
lewpe,cmtunasjd0101m53jpq4mb69a,https://www.lewpe.com/cdn/shop/files/setubal-v1-brass-amber-globe-product-photo.png?v=1779220127&width=1000,2,gallery,DOWNLOADED,image/png,1281950,research-assets/lewpe/glass-halo-sconce-painted-iron/img-2.png
lewpe,cmtunasjd0101m53jpq4mb69a,https://www.lewpe.com/cdn/shop/files/setubal-v3-chrome-white-globe-product-photo.png?v=1779220127&width=1000,3,gallery,VALIDATED,image/png,1243251,
lewpe,cmtunasjd0101m53jpq4mb69a,https://www.lewpe.com/cdn/shop/files/setubal-v2-chrome-amber-globe-product-photo.png?v=1779220127&width=1000,4,gallery,VALIDATED,image/png,1265443,
lewpe,cmtunasjd0101m53jpq4mb69a,https://www.lewpe.com/cdn/shop/files/setubal-front-view-lit-product-1.png?v=1780192328&width=800,5,gallery,VALIDATED,image/png,1085858,
lewpe,cmtunasjd0101m53jpq4mb69a,https://www.lewpe.com/cdn/shop/files/setubal-side-angle-iron-arm-product-2.png?v=1780192328&width=800,6,gallery,VALIDATED,image/png,1088464,
lewpe,cmtunasjd0101m53jpq4mb69a,https://www.lewpe.com/cdn/shop/files/setubal-globe-fitting-detail-product-3.png?v=1780192328&width=800,7,gallery,VALIDATED,image/png,963157,
lewpe,cmtunasjd0101m53jpq4mb69a,https://www.lewpe.com/cdn/shop/files/setubal-wall-mounted-room-lifestyle-1.png?v=1780192336&width=800,8,gallery,REJECTED,,,
lewpe,cmtunasjd0101m53jpq4mb69a,https://www.lewpe.com/cdn/shop/files/setubal-v0-product-photo.png?v=1779220127&width=168,9,gallery,REJECTED,,,
lewpe,cmtunasjd0101m53jpq4mb69a,https://www.lewpe.com/cdn/shop/files/setubal-v1-brass-amber-globe-product-photo.png?v=1779220127&width=168,10,gallery,REJECTED,,,
lewpe,cmtunasjd0101m53jpq4mb69a,https://www.lewpe.com/cdn/shop/files/setubal-v3-chrome-white-globe-product-photo.png?v=1779220127&width=168,11,gallery,REJECTED,,,
lewpe,cmtunasjd0101m53jpq4mb69a,https://www.lewpe.com/cdn/shop/files/setubal-v2-chrome-amber-globe-product-photo.png?v=1779220127&width=168,12,gallery,REJECTED,,,
lewpe,cmtunasjd0101m53jpq4mb69a,https://www.lewpe.com/cdn/shop/files/setubal-front-view-lit-product-1.png?v=1780192328&width=168,13,gallery,REJECTED,,,
lewpe,cmtunasjd0101m53jpq4mb69a,https://www.lewpe.com/cdn/shop/files/setubal-side-angle-iron-arm-product-2.png?v=1780192328&width=168,14,gallery,REJECTED,,,
lewpe,cmtunasjd0101m53jpq4mb69a,https://www.lewpe.com/cdn/shop/files/setubal-globe-fitting-detail-product-3.png?v=1780192328&width=168,15,gallery,REJECTED,,,
lewpe,cmtunasjd0101m53jpq4mb69a,https://www.lewpe.com/cdn/shop/files/setubal-wall-mounted-room-lifestyle-1.png?v=1780192336&width=168,16,gallery,REJECTED,,,
viridian-bay,cmtunftfr026gm50h9jvbnstb,https://viridianbay.com/cdn/shop/products/VB35036_1_b321a583-0583-4812-8a81-6e78a14d97cf.jpg?v=1707932180&width=1920,0,primary,DOWNLOADED,image/jpeg,49984,research-assets/viridian-bay/aluminium-planter-tropical-flamingo-planters/img-0.jpg
viridian-bay,cmtunftfr026gm50h9jvbnstb,http://viridianbay.com/cdn/shop/products/VB35036_1_b321a583-0583-4812-8a81-6e78a14d97cf.jpg?v=1707932180&width=2048,1,gallery,DOWNLOADED,image/jpeg,49984,research-assets/viridian-bay/aluminium-planter-tropical-flamingo-planters/img-1.jpg
viridian-bay,cmtunftfr026gm50h9jvbnstb,https://viridianbay.com/cdn/shop/products/VB35036_1_b321a583-0583-4812-8a81-6e78a14d97cf.jpg?v=1707932180&width=1000,2,gallery,DOWNLOADED,image/jpeg,48255,research-assets/viridian-bay/aluminium-planter-tropical-flamingo-planters/img-2.jpg
viridian-bay,cmtunftfr026gm50h9jvbnstb,https://viridianbay.com/cdn/shop/products/VB35036_f_121f563a-ff52-4fc4-be0c-bf5830e4d674.jpg?v=1707932180&width=1000,3,gallery,VALIDATED,image/jpeg,199156,
viridian-bay,cmtunftfr026gm50h9jvbnstb,https://viridianbay.com/cdn/shop/products/vb35036.jpg?v=1707932180&width=1000,4,gallery,VALIDATED,image/jpeg,196616,
viridian-bay,cmtunftfr026gm50h9jvbnstb,https://viridianbay.com/cdn/shop/products/vb35036-scale.jpg?v=1707932180&width=1000,5,gallery,VALIDATED,image/jpeg,222058,
viridian-bay,cmtunftfr026gm50h9jvbnstb,https://viridianbay.com/cdn/shop/products/VB35036_4_c04f14a8-b82c-4a48-9ac4-8ece154fd6b0.jpg?v=1707932180&width=1000,6,gallery,VALIDATED,image/jpeg,28757,
viridian-bay,cmtunftfr026gm50h9jvbnstb,https://viridianbay.com/cdn/shop/products/VB35036_8_46b5ef7a-ca45-4a6b-aeea-aa6de9daf581.jpg?v=1707932180&width=1000,7,gallery,VALIDATED,image/jpeg,51431,
viridian-bay,cmtunftfr026gm50h9jvbnstb,https://viridianbay.com/cdn/shop/products/vb35036-scale2.jpg?v=1707932180&width=1000,8,gallery,REJECTED,,,
viridian-bay,cmtung1jd0287m50hvcaqwojk,https://viridianbay.com/cdn/shop/products/VB35035_c_9a0be44e-e0f1-4336-b8ac-11938bb6fecb.jpg?v=1711756225&width=1920,0,primary,DOWNLOADED,image/jpeg,132264,research-assets/viridian-bay/aluminium-pot-staked-planter-candleholder/img-0.jpg
viridian-bay,cmtung1jd0287m50hvcaqwojk,https://cdn.shopify.com/s/files/1/1141/9284/products/VB35035_c_9a0be44e-e0f1-4336-b8ac-11938bb6fecb.jpg?v=1711756225,1,gallery,DOWNLOADED,image/jpeg,132264,research-assets/viridian-bay/aluminium-pot-staked-planter-candleholder/img-1.jpg
viridian-bay,cmtung1jd0287m50hvcaqwojk,http://viridianbay.com/cdn/shop/products/VB35035_c_9a0be44e-e0f1-4336-b8ac-11938bb6fecb.jpg?v=1711756225&width=2048,2,gallery,DOWNLOADED,image/jpeg,132264,research-assets/viridian-bay/aluminium-pot-staked-planter-candleholder/img-2.jpg
viridian-bay,cmtung1jd0287m50hvcaqwojk,https://viridianbay.com/cdn/shop/products/VB35035_c_9a0be44e-e0f1-4336-b8ac-11938bb6fecb.jpg?v=1711756225&width=1000,3,gallery,VALIDATED,image/jpeg,130486,
viridian-bay,cmtung1jd0287m50hvcaqwojk,https://viridianbay.com/cdn/shop/products/VB35035_4_9793e5b7-ce4e-4e72-9449-303ded4151a0.jpg?v=1711756225&width=1000,4,gallery,VALIDATED,image/jpeg,15416,
viridian-bay,cmtung1jd0287m50hvcaqwojk,https://viridianbay.com/cdn/shop/products/VB35035_3_0cdc2063-e176-4d15-bcfb-09939a0dc4d0.jpg?v=1711756225&width=1000,5,gallery,VALIDATED,image/jpeg,129894,
viridian-bay,cmtung1jd0287m50hvcaqwojk,https://viridianbay.com/cdn/shop/products/VB35035_e_ab6d83df-a077-4909-9f6f-28e9f111cc0b.jpg?v=1704923689&width=1000,6,gallery,VALIDATED,image/jpeg,185531,
viridian-bay,cmtungfqi027gm53jej067gr2,https://viridianbay.com/cdn/shop/files/vb53045_ls.jpg?v=1709749640&width=1920,0,primary,DOWNLOADED,image/jpeg,119765,research-assets/viridian-bay/aluminium-layer-nuzzles-garden-sculpture/img-0.jpg
viridian-bay,cmtungfqi027gm53jej067gr2,http://viridianbay.com/cdn/shop/files/vb53045_ls.jpg?v=1709749640&width=2048,1,gallery,DOWNLOADED,image/jpeg,119765,research-assets/viridian-bay/aluminium-layer-nuzzles-garden-sculpture/img-1.jpg
viridian-bay,cmtungfqi027gm53jej067gr2,https://viridianbay.com/cdn/shop/files/vb53045_ls.jpg?v=1709749640&width=1000,2,gallery,DOWNLOADED,image/jpeg,120229,research-assets/viridian-bay/aluminium-layer-nuzzles-garden-sculpture/img-2.jpg
viridian-bay,cmtungfqi027gm53jej067gr2,https://viridianbay.com/cdn/shop/products/vb53045_1_4617ec52-3607-429a-b1d0-b29f32e97999.jpg?v=1709749640&width=1000,3,gallery,VALIDATED,image/jpeg,53108,
viridian-bay,cmtungfqi027gm53jej067gr2,https://viridianbay.com/cdn/shop/products/vb53045_42550b81-9be0-4500-932c-b63b74cd3722.jpg?v=1709749640&width=1000,4,gallery,VALIDATED,image/jpeg,51077,
viridian-bay,cmtungfqi027gm53jej067gr2,https://viridianbay.com/cdn/shop/files/vb53045_closeup.jpg?v=1709749640&width=1000,5,gallery,VALIDATED,image/jpeg,154241,
viridian-bay,cmtungfqi027gm53jej067gr2,https://viridianbay.com/cdn/shop/files/VB53045_ls2.jpg?v=1709749640&width=1000,6,gallery,VALIDATED,image/jpeg,94706,
viridian-bay,cmtungntm0296m53ja2pywngb,https://viridianbay.com/cdn/shop/products/vb23242-silo-b_b3e955df-439f-4e4a-a7b2-c9d6b7c22a37.jpg?v=1704921794&width=1920,0,primary,DOWNLOADED,image/jpeg,105107,research-assets/viridian-bay/ceramic-vessel-vase-last-chance/img-0.jpg
viridian-bay,cmtungntm0296m53ja2pywngb,http://viridianbay.com/cdn/shop/products/vb23242-silo-b_b3e955df-439f-4e4a-a7b2-c9d6b7c22a37.jpg?v=1704921794&width=2048,1,gallery,DOWNLOADED,image/jpeg,105107,research-assets/viridian-bay/ceramic-vessel-vase-last-chance/img-1.jpg
viridian-bay,cmtungntm0296m53ja2pywngb,https://viridianbay.com/cdn/shop/products/vb23242-silo-b_b3e955df-439f-4e4a-a7b2-c9d6b7c22a37.jpg?v=1704921794&width=1000,2,gallery,DOWNLOADED,image/jpeg,118629,research-assets/viridian-bay/ceramic-vessel-vase-last-chance/img-2.jpg
viridian-bay,cmtungntm0296m53ja2pywngb,https://viridianbay.com/cdn/shop/products/vb23242-zoom_120e11d8-2917-430c-9f8d-f8f5d3cedcaa.jpg?v=1710878404&width=1000,3,gallery,VALIDATED,image/jpeg,229314,
viridian-bay,cmtungntm0296m53ja2pywngb,https://viridianbay.com/cdn/shop/products/vb23242_vb23244-recolor_9a6243c6-ca25-40f8-a061-d18772dd77d0.jpg?v=1710878404&width=1000,4,gallery,VALIDATED,image/jpeg,225937,
viridian-bay,cmtungntm0296m53ja2pywngb,https://viridianbay.com/cdn/shop/products/vb23242-silo-a_b4e02b24-62a7-4d00-8d35-0f297bd49923.jpg?v=1710878404&width=1000,5,gallery,VALIDATED,image/jpeg,124471,
viridian-bay,cmtungntm0296m53ja2pywngb,https://viridianbay.com/cdn/shop/products/vb23242_2_recolor_c0321aaa-c447-47a6-bdb2-cde1e5113189.jpg?v=1704921794&width=1000,6,gallery,VALIDATED,image/jpeg,164307,
viridian-bay,cmtunh1qu02c6m53j1bnueu5o,https://viridianbay.com/cdn/shop/products/vb35076_3_30240dac-a387-487f-83dd-b53d9e7674b2.jpg?v=1768855727&width=1920,0,primary,DOWNLOADED,image/jpeg,169760,research-assets/viridian-bay/aluminium-share-tides-garden-stool/img-0.jpg
viridian-bay,cmtunh1qu02c6m53j1bnueu5o,https://cdn.shopify.com/s/files/1/1141/9284/products/vb35076_3_30240dac-a387-487f-83dd-b53d9e7674b2.jpg?v=1768855727,1,gallery,DOWNLOADED,image/jpeg,169760,research-assets/viridian-bay/aluminium-share-tides-garden-stool/img-1.jpg
viridian-bay,cmtunh1qu02c6m53j1bnueu5o,http://viridianbay.com/cdn/shop/products/vb35076_3_30240dac-a387-487f-83dd-b53d9e7674b2.jpg?v=1768855727&width=2048,2,gallery,DOWNLOADED,image/jpeg,169760,research-assets/viridian-bay/aluminium-share-tides-garden-stool/img-2.jpg
viridian-bay,cmtunh1qu02c6m53j1bnueu5o,https://viridianbay.com/cdn/shop/products/vb35076_3_30240dac-a387-487f-83dd-b53d9e7674b2.jpg?v=1768855727&width=1000,3,gallery,VALIDATED,image/jpeg,165071,
viridian-bay,cmtunh1qu02c6m53j1bnueu5o,https://viridianbay.com/cdn/shop/products/vb35076_c8c7207a-3dea-419d-b700-f33a04ea5d91.jpg?v=1768855727&width=1000,4,gallery,VALIDATED,image/jpeg,106616,
viridian-bay,cmtunh1qu02c6m53j1bnueu5o,https://viridianbay.com/cdn/shop/products/vb35076_1_3107dde6-9882-4013-befc-4a940df422ff.jpg?v=1762283900&width=1000,5,gallery,VALIDATED,image/jpeg,103140,
viridian-bay,cmtunh1qu02c6m53j1bnueu5o,https://viridianbay.com/cdn/shop/products/vb35076_4_e035772f-d004-497b-b6f5-8098c98fa2c3.jpg?v=1762283900&width=1000,6,gallery,VALIDATED,image/jpeg,225703,
viridian-bay,cmtunh1qu02c6m53j1bnueu5o,https://viridianbay.com/cdn/shop/products/vb35076_5_20155c7a-1fef-4dd2-addb-136393bfb34b.jpg?v=1762283900&width=1000,7,gallery,VALIDATED,image/jpeg,190349,
viridian-bay,cmtunh1qu02c6m53j1bnueu5o,https://viridianbay.com/cdn/shop/products/vb35076_2_4588cb14-0df3-4fa7-a54e-203bbc5a5b86.jpg?v=1704921849&width=1000,8,gallery,REJECTED,,,
viridian-bay,cmtunh6e702d6m53j1udycha3,https://viridianbay.com/cdn/shop/products/VB35106_edcda0ae-a00e-427f-9311-e6364ecb3a53.jpg?v=1724456650&width=1920,0,primary,DOWNLOADED,image/jpeg,122590,research-assets/viridian-bay/aluminium-table-abuzz-garden-stool/img-0.jpg
viridian-bay,cmtunh6e702d6m53j1udycha3,http://viridianbay.com/cdn/shop/products/VB35106_edcda0ae-a00e-427f-9311-e6364ecb3a53.jpg?v=1724456650&width=2048,1,gallery,DOWNLOADED,image/jpeg,122590,research-assets/viridian-bay/aluminium-table-abuzz-garden-stool/img-1.jpg
viridian-bay,cmtunh6e702d6m53j1udycha3,https://viridianbay.com/cdn/shop/products/VB35106_edcda0ae-a00e-427f-9311-e6364ecb3a53.jpg?v=1724456650&width=1000,2,gallery,DOWNLOADED,image/jpeg,119381,research-assets/viridian-bay/aluminium-table-abuzz-garden-stool/img-2.jpg
viridian-bay,cmtunh6e702d6m53j1udycha3,https://viridianbay.com/cdn/shop/products/vb35106_b_716deafe-fdd5-4f72-a071-00dbcb0e6c07.jpg?v=1724456650&width=1000,3,gallery,VALIDATED,image/jpeg,253289,
viridian-bay,cmtunh6e702d6m53j1udycha3,https://viridianbay.com/cdn/shop/products/VB35106_1_cce4a814-38e9-4688-8e0f-8f279be9c07e.jpg?v=1704921273&width=1000,4,gallery,VALIDATED,image/jpeg,110869,
viridian-bay,cmtunh6e702d6m53j1udycha3,https://viridianbay.com/cdn/shop/products/VB35106_2_6ad82b96-564e-4551-bd3c-5f4862d1353f.jpg?v=1704921273&width=1000,5,gallery,VALIDATED,image/jpeg,142751,
viridian-bay,cmtunh6e702d6m53j1udycha3,https://viridianbay.com/cdn/shop/products/VB35106_3_0d402971-05ad-472f-8213-778e771e0a1f.jpg?v=1704921273&width=1000,6,gallery,VALIDATED,image/jpeg,208492,
viridian-bay,cmtunh6e702d6m53j1udycha3,https://viridianbay.com/cdn/shop/products/VB35106_4_a8b5522e-fec0-41eb-94d7-c2bd80c64c8f.jpg?v=1704921273&width=1000,7,gallery,VALIDATED,image/jpeg,154966,
viridian-bay,cmtunh6e702d6m53j1udycha3,https://viridianbay.com/cdn/shop/products/vb35106_c_7434a450-9562-45af-9d7f-f4e222079929.jpg?v=1704921273&width=1000,8,gallery,REJECTED,,,
viridian-bay,cmtunh6e702d6m53j1udycha3,https://viridianbay.com/cdn/shop/products/vb35106_a_3b2b7fb7-2b84-48f0-8804-d75272af822d.jpg?v=1704921273&width=1000,9,gallery,REJECTED,,,
viridian-bay,cmtunhbur02i2m50hxwe4z35v,https://viridianbay.com/cdn/shop/products/vb35131-a_2fcc0386-a1d0-417f-a23d-3acf3156ba6f.jpg?v=1704921321&width=1920,0,primary,DOWNLOADED,image/jpeg,166542,research-assets/viridian-bay/aluminium-echo-palmas-garden-stool/img-0.jpg
viridian-bay,cmtunhbur02i2m50hxwe4z35v,http://viridianbay.com/cdn/shop/products/vb35131-a_2fcc0386-a1d0-417f-a23d-3acf3156ba6f.jpg?v=1704921321&width=2048,1,gallery,DOWNLOADED,image/jpeg,166542,research-assets/viridian-bay/aluminium-echo-palmas-garden-stool/img-1.jpg
viridian-bay,cmtunhbur02i2m50hxwe4z35v,https://viridianbay.com/cdn/shop/products/vb35131-a_2fcc0386-a1d0-417f-a23d-3acf3156ba6f.jpg?v=1704921321&width=1000,2,gallery,DOWNLOADED,image/jpeg,177629,research-assets/viridian-bay/aluminium-echo-palmas-garden-stool/img-2.jpg
viridian-bay,cmtunhbur02i2m50hxwe4z35v,https://viridianbay.com/cdn/shop/products/vb35131_d7da549f-08af-4d59-ae78-342fb98eaeb1.jpg?v=1704921321&width=1000,3,gallery,VALIDATED,image/jpeg,95117,
viridian-bay,cmtunhbur02i2m50hxwe4z35v,https://viridianbay.com/cdn/shop/products/vb35131_4_9828f1a3-3d07-4bb1-b1f0-b18f78a2f58c.jpg?v=1704921321&width=1000,4,gallery,VALIDATED,image/jpeg,115046,
viridian-bay,cmtunhbur02i2m50hxwe4z35v,https://viridianbay.com/cdn/shop/products/vb35131_1_1a7d4fab-fefe-46b0-8d4b-ffe80d567b51.jpg?v=1704921321&width=1000,5,gallery,VALIDATED,image/jpeg,86273,
viridian-bay,cmtunhbur02i2m50hxwe4z35v,https://viridianbay.com/cdn/shop/products/vb35131_2_62d5edad-38b5-41ab-827e-b1f5f6fa1da5.jpg?v=1704921321&width=1000,6,gallery,VALIDATED,image/jpeg,93580,
viridian-bay,cmtunhbur02i2m50hxwe4z35v,https://viridianbay.com/cdn/shop/products/vb35131_3_eb74e98e-df25-4be5-b813-d64a82261a41.jpg?v=1704921321&width=1000,7,gallery,VALIDATED,image/jpeg,90790,
viridian-bay,cmtunh0l802bxm53jkspi795w,https://viridianbay.com/cdn/shop/products/vb35061_2_2521817c-b878-4dbd-83fa-5cef9843f141.jpg?v=1704922642&width=1920,0,primary,DOWNLOADED,image/jpeg,156748,research-assets/viridian-bay/aluminium-layer-king-garden-sculpture/img-0.jpg
viridian-bay,cmtunh0l802bxm53jkspi795w,http://viridianbay.com/cdn/shop/products/vb35061_2_2521817c-b878-4dbd-83fa-5cef9843f141.jpg?v=1704922642&width=2048,1,gallery,DOWNLOADED,image/jpeg,156748,research-assets/viridian-bay/aluminium-layer-king-garden-sculpture/img-1.jpg
viridian-bay,cmtunh0l802bxm53jkspi795w,https://viridianbay.com/cdn/shop/products/vb35061_2_2521817c-b878-4dbd-83fa-5cef9843f141.jpg?v=1704922642&width=1000,2,gallery,DOWNLOADED,image/jpeg,155875,research-assets/viridian-bay/aluminium-layer-king-garden-sculpture/img-2.jpg
viridian-bay,cmtunh0l802bxm53jkspi795w,https://viridianbay.com/cdn/shop/products/vb35061_1_bee1414e-3c9b-46cc-82c5-1be3d0cdfd90.jpg?v=1704922642&width=1000,3,gallery,VALIDATED,image/jpeg,35316,
viridian-bay,cmtunh0l802bxm53jkspi795w,https://viridianbay.com/cdn/shop/products/vb35061_3_3fa663a8-0536-44d1-8ba4-86914cf84d8c.jpg?v=1704922642&width=1000,4,gallery,VALIDATED,image/jpeg,192070,
viridian-bay,cmtunh0l802bxm53jkspi795w,https://viridianbay.com/cdn/shop/products/vb35061_ce63e3e1-165d-471d-b801-f10a0c5c976f.jpg?v=1704922642&width=1000,5,gallery,VALIDATED,image/jpeg,38053,
viridian-bay,cmtunhq3402hdm53jda6fsprg,https://viridianbay.com/cdn/shop/products/VB35155_4_0e9e6218-0a89-4004-9e88-bdac709ce2c1.jpg?v=1709772881&width=1920,0,primary,DOWNLOADED,image/jpeg,183950,research-assets/viridian-bay/aluminium-layer-couple-garden-statue/img-0.jpg
viridian-bay,cmtunhq3402hdm53jda6fsprg,http://viridianbay.com/cdn/shop/products/VB35155_4_0e9e6218-0a89-4004-9e88-bdac709ce2c1.jpg?v=1709772881&width=2048,1,gallery,DOWNLOADED,image/jpeg,183950,research-assets/viridian-bay/aluminium-layer-couple-garden-statue/img-1.jpg
viridian-bay,cmtunhq3402hdm53jda6fsprg,https://viridianbay.com/cdn/shop/products/VB35155_4_0e9e6218-0a89-4004-9e88-bdac709ce2c1.jpg?v=1709772881&width=1000,2,gallery,DOWNLOADED,image/jpeg,182240,research-assets/viridian-bay/aluminium-layer-couple-garden-statue/img-2.jpg
viridian-bay,cmtunhq3402hdm53jda6fsprg,https://viridianbay.com/cdn/shop/products/VB35155_1_0e07fd4b-b8be-44a4-b3cf-11cd541c78d9.jpg?v=1709772881&width=1000,3,gallery,VALIDATED,image/jpeg,171891,
viridian-bay,cmtunhq3402hdm53jda6fsprg,https://viridianbay.com/cdn/shop/products/VB35155_5_f3479fae-0060-4ddb-95f8-2ea87d956bce.jpg?v=1709772881&width=1000,4,gallery,VALIDATED,image/jpeg,169813,
viridian-bay,cmtunhq3402hdm53jda6fsprg,https://viridianbay.com/cdn/shop/products/VB35155_2_35064b01-da3b-436d-915c-e7711c397b8e.jpg?v=1709772878&width=1000,5,gallery,VALIDATED,image/jpeg,172660,
viridian-bay,cmtunhq3402hdm53jda6fsprg,https://viridianbay.com/cdn/shop/products/VB35155_3_ab1359bf-7f4c-40ff-b915-d5f43caa6351.jpg?v=1704922753&width=1000,6,gallery,VALIDATED,image/jpeg,168524,
viridian-bay,cmtunhq3402hdm53jda6fsprg,https://viridianbay.com/cdn/shop/products/VB35155_94272709-ebc1-48a0-8cd9-b66e128c5228.jpg?v=1704922753&width=1000,7,gallery,VALIDATED,image/jpeg,139260,
ferm-living,cmtun4qn400a6m53j4clcqh7t,https://fermliving.com/cdn/shop/files/1104272315_1.png?v=1762246014,0,primary,DOWNLOADED,image/png,150097,research-assets/ferm-living/halo-pillar-candles-bronze/img-0.png
ferm-living,cmtun4qn400a6m53j4clcqh7t,https://fermliving.com/cdn/shop/files/1104272315_1_x1200.png?v=1762246014,1,gallery,DOWNLOADED,image/png,67218,research-assets/ferm-living/halo-pillar-candles-bronze/img-1.png
cozy-garden,cmtund7z101khm53jdynbclfg,https://thecozygarden.com/cdn/shop/files/TZSKLT85FTHJA79H8001V0.jpg?v=1780468546&width=1920,0,primary,DOWNLOADED,image/jpeg,462523,research-assets/cozy-garden/steel-red-tidy-grilling-canopy-garden/img-0.jpg
cozy-garden,cmtund7z101khm53jdynbclfg,http://thecozygarden.com/cdn/shop/files/TZSKLT85FTHJA79H8001V0.jpg?v=1780468546,1,gallery,DOWNLOADED,image/jpeg,462523,research-assets/cozy-garden/steel-red-tidy-grilling-canopy-garden/img-1.jpg
cozy-garden,cmtund7z101khm53jdynbclfg,https://thecozygarden.com/cdn/shop/files/TZSKLT85FTHJA79H8001V0.jpg?v=1780468546&width=3840,2,gallery,DOWNLOADED,image/jpeg,462523,research-assets/cozy-garden/steel-red-tidy-grilling-canopy-garden/img-2.jpg
cozy-garden,cmtund7z101khm53jdynbclfg,https://thecozygarden.com/cdn/shop/files/TZSKLT85FTHJA79H8001V0_90936075.jpg?v=1780468545&width=3840,3,gallery,VALIDATED,image/jpeg,56707,
cozy-garden,cmtund7z101khm53jdynbclfg,https://thecozygarden.com/cdn/shop/files/TZSKLT85FTHJA79H8001V0_90936076.jpg?v=1780468545&width=3840,4,gallery,VALIDATED,image/jpeg,52388,
cozy-garden,cmtund7z101khm53jdynbclfg,https://thecozygarden.com/cdn/shop/files/TZSKLT85FTHJA79H8001V0_90936077.jpg?v=1780468546&width=3840,5,gallery,VALIDATED,image/jpeg,52333,
cozy-garden,cmtund7z101khm53jdynbclfg,https://thecozygarden.com/cdn/shop/files/TZSKLT85FTHJA79H8001V0_90936078.jpg?v=1780468545&width=3840,6,gallery,VALIDATED,image/jpeg,45913,
cozy-garden,cmtund7z101khm53jdynbclfg,https://thecozygarden.com/cdn/shop/files/TZSKLT85FTHJA79H8001V0_90936079.jpg?v=1780468545&width=3840,7,gallery,VALIDATED,image/jpeg,37920,
cozy-garden,cmtund7z101khm53jdynbclfg,https://thecozygarden.com/cdn/shop/files/TZSKLT85FTHJA79H8001V0_90936080.jpg?v=1780468545&width=3840,8,gallery,REJECTED,,,
cozy-garden,cmtund7z101khm53jdynbclfg,https://thecozygarden.com/cdn/shop/files/TZSKLT85FTHJA79H8001V0_90936081.jpg?v=1780468545&width=3840,9,gallery,REJECTED,,,
cozy-garden,cmtund7z101khm53jdynbclfg,https://thecozygarden.com/cdn/shop/files/TZSKLT85FTHJA79H8001V0_90936082.jpg?v=1780468545&width=3840,10,gallery,REJECTED,,,
cozy-garden,cmtund7z101khm53jdynbclfg,https://thecozygarden.com/cdn/shop/files/TZSKLT85FTHJA79H8001V0_90936083.jpg?v=1780468546&width=3840,11,gallery,REJECTED,,,
cozy-garden,cmtund7z101khm53jdynbclfg,https://thecozygarden.com/cdn/shop/files/TZSKLT85FTHJA79H8001V0.jpg?v=1780468546&width=832,12,gallery,REJECTED,,,
cozy-garden,cmtund7z101khm53jdynbclfg,https://thecozygarden.com/cdn/shop/files/TZSKLT85FTHJA79H8001V0_90936075.jpg?v=1780468545&width=832,13,gallery,REJECTED,,,
cozy-garden,cmtund7z101khm53jdynbclfg,https://thecozygarden.com/cdn/shop/files/TZSKLT85FTHJA79H8001V0_90936076.jpg?v=1780468545&width=832,14,gallery,REJECTED,,,
cozy-garden,cmtund7z101khm53jdynbclfg,https://thecozygarden.com/cdn/shop/files/TZSKLT85FTHJA79H8001V0_90936077.jpg?v=1780468546&width=832,15,gallery,REJECTED,,,
cozy-garden,cmtund7z101khm53jdynbclfg,https://thecozygarden.com/cdn/shop/files/TZSKLT85FTHJA79H8001V0_90936078.jpg?v=1780468545&width=832,16,gallery,REJECTED,,,
cozy-garden,cmtund7z101khm53jdynbclfg,https://thecozygarden.com/cdn/shop/files/TZSKLT85FTHJA79H8001V0_90936079.jpg?v=1780468545&width=832,17,gallery,REJECTED,,,
cozy-garden,cmtund7z101khm53jdynbclfg,https://thecozygarden.com/cdn/shop/files/TZSKLT85FTHJA79H8001V0_90936080.jpg?v=1780468545&width=832,18,gallery,REJECTED,,,
cozy-garden,cmtund7z101khm53jdynbclfg,https://thecozygarden.com/cdn/shop/files/TZSKLT85FTHJA79H8001V0_90936081.jpg?v=1780468545&width=832,19,gallery,REJECTED,,,
cozy-garden,cmtund7z101khm53jdynbclfg,https://thecozygarden.com/cdn/shop/files/TZSKLT85FTHJA79H8001V0_90936082.jpg?v=1780468545&width=832,20,gallery,REJECTED,,,
cozy-garden,cmtund7z101khm53jdynbclfg,https://thecozygarden.com/cdn/shop/files/TZSKLT85FTHJA79H8001V0_90936083.jpg?v=1780468546&width=832,21,gallery,REJECTED,,,
viridian-bay,cmtunf8w701ycm53j3tfr8l6i,https://viridianbay.com/cdn/shop/files/VB34544_ls.jpg?v=1709751108&width=1920,0,primary,DOWNLOADED,image/jpeg,115310,research-assets/viridian-bay/pine-soft-dance-garden-sculpture/img-0.jpg
viridian-bay,cmtunf8w701ycm53j3tfr8l6i,http://viridianbay.com/cdn/shop/files/VB34544_ls.jpg?v=1709751108&width=2048,1,gallery,DOWNLOADED,image/jpeg,115310,research-assets/viridian-bay/pine-soft-dance-garden-sculpture/img-1.jpg
viridian-bay,cmtunf8w701ycm53j3tfr8l6i,https://viridianbay.com/cdn/shop/files/VB34544_ls.jpg?v=1709751108&width=1000,2,gallery,DOWNLOADED,image/jpeg,180135,research-assets/viridian-bay/pine-soft-dance-garden-sculpture/img-2.jpg
viridian-bay,cmtunf8w701ycm53j3tfr8l6i,https://viridianbay.com/cdn/shop/files/vb53045_3.jpg?v=1709751108&width=1000,3,gallery,VALIDATED,image/jpeg,37806,
viridian-bay,cmtunf8w701ycm53j3tfr8l6i,https://viridianbay.com/cdn/shop/products/vb34544_57cd4e0b-9472-4ab1-8314-47fb0f9b6f21.jpg?v=1709751108&width=1000,4,gallery,VALIDATED,image/jpeg,41623,
viridian-bay,cmtumf7da02b1m5etj8x3vnpm,https://viridianbay.com/cdn/shop/products/damask_bowl.jpg?v=1704927936&width=1920,0,primary,DOWNLOADED,image/jpeg,164864,research-assets/viridian-bay/stoneware-table-diameter-last-chance/img-0.jpg
viridian-bay,cmtumf7da02b1m5etj8x3vnpm,http://viridianbay.com/cdn/shop/products/damask_bowl.jpg?v=1704927936&width=2048,1,gallery,DOWNLOADED,image/jpeg,164864,research-assets/viridian-bay/stoneware-table-diameter-last-chance/img-1.jpg
viridian-bay,cmtumf7da02b1m5etj8x3vnpm,https://viridianbay.com/cdn/shop/products/damask_bowl.jpg?v=1704927936&width=1000,2,gallery,DOWNLOADED,image/jpeg,182808,research-assets/viridian-bay/stoneware-table-diameter-last-chance/img-2.jpg
viridian-bay,cmtumf7da02b1m5etj8x3vnpm,https://viridianbay.com/cdn/shop/products/vb56004a2_6eed4520-8906-4a4a-8efe-66fffd7928d0.jpg?v=1704927936&width=1000,3,gallery,VALIDATED,image/jpeg,104690,
viridian-bay,cmtumf7da02b1m5etj8x3vnpm,https://viridianbay.com/cdn/shop/products/vb56004b4_f0d6f0b3-79da-48ab-868b-cede95d972b0.jpg?v=1704927936&width=1000,4,gallery,VALIDATED,image/jpeg,50871,
viridian-bay,cmtumf7da02b1m5etj8x3vnpm,https://viridianbay.com/cdn/shop/products/vb56004a_3f0cd668-dbb6-4ad6-9a9e-7e92dbb5abd2.jpg?v=1704927936&width=1000,5,gallery,VALIDATED,image/jpeg,101085,
cozy-garden,cmtunc5ge01fqm50habe8zxzj,https://thecozygarden.com/cdn/shop/files/45919.jpg?v=1778092116&width=1920,0,primary,DOWNLOADED,image/jpeg,41893,research-assets/cozy-garden/acacia-rhythm-x11-solid-wood/img-0.jpg
cozy-garden,cmtunc5ge01fqm50habe8zxzj,http://thecozygarden.com/cdn/shop/files/45919.jpg?v=1778092116,1,gallery,DOWNLOADED,image/jpeg,41893,research-assets/cozy-garden/acacia-rhythm-x11-solid-wood/img-1.jpg
cozy-garden,cmtunc5ge01fqm50habe8zxzj,https://thecozygarden.com/cdn/shop/files/45919.jpg?v=1778092116&width=3840,2,gallery,DOWNLOADED,image/jpeg,41893,research-assets/cozy-garden/acacia-rhythm-x11-solid-wood/img-2.jpg
cozy-garden,cmtunc5ge01fqm50habe8zxzj,https://thecozygarden.com/cdn/shop/files/45919_64031558.jpg?v=1778092116&width=3840,3,gallery,VALIDATED,image/jpeg,37915,
cozy-garden,cmtunc5ge01fqm50habe8zxzj,https://thecozygarden.com/cdn/shop/files/45919_64031559.jpg?v=1778092116&width=3840,4,gallery,VALIDATED,image/jpeg,61701,
cozy-garden,cmtunc5ge01fqm50habe8zxzj,https://thecozygarden.com/cdn/shop/files/45919_64031560.jpg?v=1778092116&width=3840,5,gallery,VALIDATED,image/jpeg,66655,
cozy-garden,cmtunc5ge01fqm50habe8zxzj,https://thecozygarden.com/cdn/shop/files/45919_64031561.jpg?v=1778092116&width=3840,6,gallery,VALIDATED,image/jpeg,100477,
cozy-garden,cmtunc5ge01fqm50habe8zxzj,https://thecozygarden.com/cdn/shop/files/45919_64031562.jpg?v=1778092116&width=3840,7,gallery,VALIDATED,image/jpeg,63714,
cozy-garden,cmtunc5ge01fqm50habe8zxzj,https://thecozygarden.com/cdn/shop/files/45919.jpg?v=1778092116&width=832,8,gallery,REJECTED,,,
cozy-garden,cmtunc5ge01fqm50habe8zxzj,https://thecozygarden.com/cdn/shop/files/45919_64031558.jpg?v=1778092116&width=832,9,gallery,REJECTED,,,
cozy-garden,cmtunc5ge01fqm50habe8zxzj,https://thecozygarden.com/cdn/shop/files/45919_64031559.jpg?v=1778092116&width=832,10,gallery,REJECTED,,,
cozy-garden,cmtunc5ge01fqm50habe8zxzj,https://thecozygarden.com/cdn/shop/files/45919_64031560.jpg?v=1778092116&width=832,11,gallery,REJECTED,,,
cozy-garden,cmtunc5ge01fqm50habe8zxzj,https://thecozygarden.com/cdn/shop/files/45919_64031561.jpg?v=1778092116&width=832,12,gallery,REJECTED,,,
cozy-garden,cmtunc5ge01fqm50habe8zxzj,https://thecozygarden.com/cdn/shop/files/45919_64031562.jpg?v=1778092116&width=832,13,gallery,REJECTED,,,
cozy-garden,cmtundkfb01qtm50hfbjzo8zz,https://thecozygarden.com/cdn/shop/files/GWRBH3150692871.jpg?v=1781134137&width=1920,0,primary,DOWNLOADED,image/jpeg,89727,research-assets/cozy-garden/iron-red-glow-hanging-bird-house/img-0.jpg
cozy-garden,cmtundkfb01qtm50hfbjzo8zz,http://thecozygarden.com/cdn/shop/files/GWRBH3150692871.jpg?v=1781134137,1,gallery,DOWNLOADED,image/jpeg,89727,research-assets/cozy-garden/iron-red-glow-hanging-bird-house/img-1.jpg
cozy-garden,cmtundkfb01qtm50hfbjzo8zz,https://thecozygarden.com/cdn/shop/files/GWRBH3150692871.jpg?v=1781134137&width=3840,2,gallery,DOWNLOADED,image/jpeg,89727,research-assets/cozy-garden/iron-red-glow-hanging-bird-house/img-2.jpg
cozy-garden,cmtundkfb01qtm50hfbjzo8zz,https://thecozygarden.com/cdn/shop/files/GWRBH3150692871_73669470.jpg?v=1781134137&width=3840,3,gallery,VALIDATED,image/jpeg,165153,
cozy-garden,cmtundkfb01qtm50hfbjzo8zz,https://thecozygarden.com/cdn/shop/files/GWRBH3150692871_73669471.jpg?v=1781134137&width=3840,4,gallery,VALIDATED,image/jpeg,74800,
cozy-garden,cmtundkfb01qtm50hfbjzo8zz,https://thecozygarden.com/cdn/shop/files/GWRBH3150692871.jpg?v=1781134137&width=832,5,gallery,VALIDATED,image/jpeg,77755,
cozy-garden,cmtundkfb01qtm50hfbjzo8zz,https://thecozygarden.com/cdn/shop/files/GWRBH3150692871_73669470.jpg?v=1781134137&width=832,6,gallery,VALIDATED,image/jpeg,144932,
cozy-garden,cmtundkfb01qtm50hfbjzo8zz,https://thecozygarden.com/cdn/shop/files/GWRBH3150692871_73669471.jpg?v=1781134137&width=832,7,gallery,VALIDATED,image/jpeg,65751,
viridian-bay,cmtunevv101z8m50hbqodl8ra,https://viridianbay.com/cdn/shop/products/vb34847_8e000075-089d-4a1b-97c5-c5611b493801.jpg?v=1704924709&width=1920,0,primary,DOWNLOADED,image/jpeg,112000,research-assets/viridian-bay/aluminium-shade-coco-garden-stool/img-0.jpg
viridian-bay,cmtunevv101z8m50hbqodl8ra,http://viridianbay.com/cdn/shop/products/vb34847_8e000075-089d-4a1b-97c5-c5611b493801.jpg?v=1704924709&width=2048,1,gallery,DOWNLOADED,image/jpeg,112000,research-assets/viridian-bay/aluminium-shade-coco-garden-stool/img-1.jpg
viridian-bay,cmtunevv101z8m50hbqodl8ra,https://viridianbay.com/cdn/shop/products/vb34847_8e000075-089d-4a1b-97c5-c5611b493801.jpg?v=1704924709&width=1000,2,gallery,DOWNLOADED,image/jpeg,107670,research-assets/viridian-bay/aluminium-shade-coco-garden-stool/img-2.jpg
viridian-bay,cmtunevv101z8m50hbqodl8ra,https://viridianbay.com/cdn/shop/files/VB34847-edit-flowers.jpg?v=1729886356&width=1000,3,gallery,VALIDATED,image/jpeg,241788,
viridian-bay,cmtunevv101z8m50hbqodl8ra,https://viridianbay.com/cdn/shop/products/vb34847e_e4c4be81-bc75-4a0c-b7fd-4975b40d2618.jpg?v=1704924709&width=1000,4,gallery,VALIDATED,image/jpeg,89345,
viridian-bay,cmtunevv101z8m50hbqodl8ra,https://viridianbay.com/cdn/shop/products/VB34847-top-view_4be91df1-b175-4cc7-9b83-6eaccf40e500.jpg?v=1704924709&width=1000,5,gallery,VALIDATED,image/jpeg,234299,
viridian-bay,cmtunevv101z8m50hbqodl8ra,https://viridianbay.com/cdn/shop/products/vb34847a_8d219667-2e4b-4d45-b15b-c45bb8ef564d.jpg?v=1704924709&width=1000,6,gallery,VALIDATED,image/jpeg,272866,
viridian-bay,cmtunevv101z8m50hbqodl8ra,https://viridianbay.com/cdn/shop/products/vb34847f_8541de47-3771-40cb-8c9a-e9d2241d3005.jpg?v=1704924709&width=1000,7,gallery,VALIDATED,image/jpeg,235420,
cozy-garden,cmtumd5bt01wwm5et23700wtv,https://thecozygarden.com/cdn/shop/files/3228248.jpg?v=1774657376&width=1920,0,primary,DOWNLOADED,image/jpeg,191463,research-assets/cozy-garden/rattan-black-layer-sofa-cushions-poly/img-0.jpg
cozy-garden,cmtumd5bt01wwm5et23700wtv,http://thecozygarden.com/cdn/shop/files/3228248.jpg?v=1774657376,1,gallery,DOWNLOADED,image/jpeg,191463,research-assets/cozy-garden/rattan-black-layer-sofa-cushions-poly/img-1.jpg
cozy-garden,cmtumd5bt01wwm5et23700wtv,https://thecozygarden.com/cdn/shop/files/3228248.jpg?v=1774657376&width=3840,2,gallery,DOWNLOADED,image/jpeg,191463,research-assets/cozy-garden/rattan-black-layer-sofa-cushions-poly/img-2.jpg
cozy-garden,cmtumd5bt01wwm5et23700wtv,https://thecozygarden.com/cdn/shop/files/3228248_78169325.jpg?v=1774657375&width=3840,3,gallery,VALIDATED,image/jpeg,39822,
cozy-garden,cmtumd5bt01wwm5et23700wtv,https://thecozygarden.com/cdn/shop/files/3228248_78169326.jpg?v=1774657376&width=3840,4,gallery,VALIDATED,image/jpeg,76381,
cozy-garden,cmtumd5bt01wwm5et23700wtv,https://thecozygarden.com/cdn/shop/files/3228248_78169327.jpg?v=1774657375&width=3840,5,gallery,VALIDATED,image/jpeg,92505,
cozy-garden,cmtumd5bt01wwm5et23700wtv,https://thecozygarden.com/cdn/shop/files/3228248_78169328.jpg?v=1774657376&width=3840,6,gallery,VALIDATED,image/jpeg,82776,
cozy-garden,cmtumd5bt01wwm5et23700wtv,https://thecozygarden.com/cdn/shop/files/3228248_78169329.jpg?v=1774657376&width=3840,7,gallery,VALIDATED,image/jpeg,75735,
cozy-garden,cmtumd5bt01wwm5et23700wtv,https://thecozygarden.com/cdn/shop/files/3228248_78169330.jpg?v=1774657376&width=3840,8,gallery,REJECTED,,,
cozy-garden,cmtumd5bt01wwm5et23700wtv,https://thecozygarden.com/cdn/shop/files/3228248_78169331.jpg?v=1774657376&width=3840,9,gallery,REJECTED,,,
cozy-garden,cmtumd5bt01wwm5et23700wtv,https://thecozygarden.com/cdn/shop/files/3228248_78169332.jpg?v=1774657376&width=3840,10,gallery,REJECTED,,,
cozy-garden,cmtumd5bt01wwm5et23700wtv,https://thecozygarden.com/cdn/shop/files/3228248_78169333.jpg?v=1774657376&width=3840,11,gallery,REJECTED,,,
cozy-garden,cmtumd5bt01wwm5et23700wtv,https://thecozygarden.com/cdn/shop/files/3228248_78169334.jpg?v=1774657376&width=3840,12,gallery,REJECTED,,,
cozy-garden,cmtumd5bt01wwm5et23700wtv,https://thecozygarden.com/cdn/shop/files/3228248.jpg?v=1774657376&width=832,13,gallery,REJECTED,,,
cozy-garden,cmtumd5bt01wwm5et23700wtv,https://thecozygarden.com/cdn/shop/files/3228248_78169325.jpg?v=1774657375&width=832,14,gallery,REJECTED,,,
cozy-garden,cmtumd5bt01wwm5et23700wtv,https://thecozygarden.com/cdn/shop/files/3228248_78169326.jpg?v=1774657376&width=832,15,gallery,REJECTED,,,
cozy-garden,cmtumd5bt01wwm5et23700wtv,https://thecozygarden.com/cdn/shop/files/3228248_78169327.jpg?v=1774657375&width=832,16,gallery,REJECTED,,,
cozy-garden,cmtumd5bt01wwm5et23700wtv,https://thecozygarden.com/cdn/shop/files/3228248_78169328.jpg?v=1774657376&width=832,17,gallery,REJECTED,,,
cozy-garden,cmtumd5bt01wwm5et23700wtv,https://thecozygarden.com/cdn/shop/files/3228248_78169329.jpg?v=1774657376&width=832,18,gallery,REJECTED,,,
cozy-garden,cmtumd5bt01wwm5et23700wtv,https://thecozygarden.com/cdn/shop/files/3228248_78169330.jpg?v=1774657376&width=832,19,gallery,REJECTED,,,
cozy-garden,cmtumd5bt01wwm5et23700wtv,https://thecozygarden.com/cdn/shop/files/3228248_78169331.jpg?v=1774657376&width=832,20,gallery,REJECTED,,,
cozy-garden,cmtumd5bt01wwm5et23700wtv,https://thecozygarden.com/cdn/shop/files/3228248_78169332.jpg?v=1774657376&width=832,21,gallery,REJECTED,,,
cozy-garden,cmtumd5bt01wwm5et23700wtv,https://thecozygarden.com/cdn/shop/files/3228248_78169333.jpg?v=1774657376&width=832,22,gallery,REJECTED,,,
cozy-garden,cmtumd5bt01wwm5et23700wtv,https://thecozygarden.com/cdn/shop/files/3228248_78169334.jpg?v=1774657376&width=832,23,gallery,REJECTED,,,