source,productUrl,productName,category,price,currency,imageCount,variantCount,descriptionPresent,materialPresent,dimensionsPresent,weightPresent,brandPresent,skuPresent,technicalSpecsPresent,complianceDataPresent,completenessScore,extractionConfidence,status,origin
wall-panel-centre,https://thewallpanelcentre.co.uk/products/pastel-green-starter-trim-for-hygienic-wall-cladding,Pastel Willow Green Starter Trim for Hygienic Wall Cladding,Homepage > Back,6.6,GBP,1,1,true,false,false,false,true,true,false,false,64,100,NORMALIZED,REAL_EXTRACTED
viridian-bay,https://viridianbay.com/products/tapered-cornice-lantern,Acanthus Cornice Lantern,Lanterns,260.95,USD,8,1,true,true,false,false,true,true,false,true,65,100,SELECTED,REAL_EXTRACTED
ferm-living,https://fermliving.com/products/lapel-planter-38-rust,Lapel Planter - Square - Rust,Home > Lapel Planter - Square - Rust,159.2,EUR,2,1,true,true,false,false,true,true,false,true,64,100,NORMALIZED,REAL_EXTRACTED
viridian-bay,https://viridianbay.com/products/bronze-garden-edging,Alloro Garden Edging,Trellises,68,USD,8,1,true,true,false,false,true,true,false,true,71,100,SELECTED,REAL_EXTRACTED
viridian-bay,https://viridianbay.com/products/belrose-candelabra,Belrose Candelabra,Candle Holders,155,USD,7,1,true,true,false,false,true,true,false,true,71,100,SELECTED,REAL_EXTRACTED
wall-panel-centre,https://thewallpanelcentre.co.uk/products/pastel-mint-hygienic-wall-cladding-pastel-colour,Pastel Mint Hygienic Wall Cladding PVC Sheet,Homepage > Back,74.41,GBP,1,2,true,true,false,false,true,true,false,true,70,100,DUPLICATE,REAL_EXTRACTED
wall-panel-centre,https://thewallpanelcentre.co.uk/products/pastel-clay-hygienic-wall-cladding-pastel-colour,Pastel Clay Hygienic Wall Cladding PVC Sheet,Homepage > Back,74.41,GBP,1,2,true,true,false,false,true,true,false,true,70,100,DUPLICATE,REAL_EXTRACTED
wall-panel-centre,https://thewallpanelcentre.co.uk/products/wet-wall-external-corner-trim,Wet Wall External Corner Joint,Homepage > Back,16.43,GBP,1,4,true,true,false,false,true,true,false,false,70,100,NORMALIZED,REAL_EXTRACTED
viridian-bay,https://viridianbay.com/products/terra-striato-garden-seat,Terra Striato Garden Seat,Outdoor Seating,374,USD,3,1,true,true,false,false,true,true,false,true,71,100,NORMALIZED,REAL_EXTRACTED
lampenwelt,https://lampenwelt.de/p/tom-dixon-led-kronleuchter-melt-chandelier-chromfarben-10041766.html,"Tom Dixon LED-Kronleuchter Melt Chandelier, chromfarben",Lampen & Leuchten > Innenleuchten > Kronleuchter,5545.4,EUR,15,0,true,true,false,false,true,true,true,false,65,100,NORMALIZED,REAL_EXTRACTED
wall-panel-centre,https://thewallpanelcentre.co.uk/products/hygienic-wall-cladding-satin-white,Hygienic Wall Cladding Satin White,Homepage > Back,30.74,GBP,1,8,true,true,false,false,true,true,false,false,70,100,NORMALIZED,REAL_EXTRACTED
wall-panel-centre,https://thewallpanelcentre.co.uk/products/premierbond-ht-adhesive-6-5kg-tub,Premierbond 2PT Adhesive 6.5kg Tub,Homepage > Back,22.8,GBP,1,1,true,true,false,false,true,true,false,false,70,100,NORMALIZED,REAL_EXTRACTED
wall-panel-centre,https://thewallpanelcentre.co.uk/products/wet-wall-starter-end-trim,Wet Wall Starter/End Trim,Homepage > Back,10.57,GBP,1,4,true,true,false,false,true,true,false,false,70,100,NORMALIZED,REAL_EXTRACTED
lampenwelt,https://lampenwelt.de/p/tom-dixon-mirror-ball-floor-chandelier-silberfarben-182-cm-10042135.html,"Tom Dixon Mirror Ball Floor Chandelier, silberfarben, 182 cm",Lampen & Leuchten > Innenleuchten > Stehlampen,5485.9,EUR,12,0,true,true,true,false,true,true,true,false,65,100,NORMALIZED,REAL_EXTRACTED
ferm-living,https://fermliving.com/products/twill-cushion-cashmere-black,Twill Cushion - Cashmere/Black,Home > Twill Cushion - Cashmere/Black,60,EUR,2,3,true,true,false,false,true,true,false,true,70,88,IMPORTED,REAL_EXTRACTED
wall-panel-centre,https://thewallpanelcentre.co.uk/products/wet-wall-bath-and-shower-sealing-strip,Wet Wall Bath and Shower Sealing Strip,Homepage > Back,22.18,GBP,1,1,true,false,false,false,true,true,false,false,70,100,NORMALIZED,REAL_EXTRACTED
wall-panel-centre,https://thewallpanelcentre.co.uk/products/wet-wall-adhesive,Wet Wall Adhesive,Homepage > Back,10.36,GBP,1,1,true,false,false,false,true,true,false,false,70,100,NORMALIZED,REAL_EXTRACTED
viridian-bay,https://viridianbay.com/products/cream-urna-garden-seat,Cream Urna Garden Seat,Outdoor Seating,369,USD,3,1,true,true,false,false,true,true,false,true,71,100,NORMALIZED,REAL_EXTRACTED
wall-panel-centre,https://thewallpanelcentre.co.uk/products/white-hygienic-cladding-joint-strip,White Hygienic Cladding Joint Strip,Homepage > Back,5.4,GBP,1,2,true,false,false,false,true,true,false,false,70,100,NORMALIZED,REAL_EXTRACTED
wall-panel-centre,https://thewallpanelcentre.co.uk/products/white-hygienic-cladding-small-internal-corner,White Hygienic Cladding Small Internal Corner,Homepage > Back,5.4,GBP,1,2,true,false,false,false,true,true,false,false,70,100,NORMALIZED,REAL_EXTRACTED
nordic-nest,https://www.nordicnest.com/brands/new-works/kite-pendant-lamp-o75-cm,Kite pendant lamp Ø75 cm from New Works - NordicNest.com,,49,EUR,0,0,true,false,false,false,false,false,false,false,0,0,IMPORTED,REAL_EXTRACTED
cozy-garden,https://thecozygarden.com/collections,Collections - The Cozy Garden,,40.92,EUR,0,0,true,false,false,false,false,false,false,false,0,0,IMPORTED,REAL_EXTRACTED
cozy-garden,https://thecozygarden.com/products/b593-np11608-62-feet-tall-patio-garden-arbor-with-pergola-and-2-seat-bench-for-garden-lawn-backyard-decoration-yellow,6.2 Feet Tall Patio Garden Arbor with Pergola and 2-Seat Bench for,,55.24,EUR,0,0,true,false,false,false,false,false,false,false,0,0,IMPORTED,REAL_EXTRACTED
govee-eu,https://us.govee.com,LED Lights: High-Quality LEDs for Home,,60,EUR,0,0,true,false,false,false,false,false,false,false,0,0,IMPORTED,REAL_EXTRACTED
lampenwelt,https://www.lampenwelt.de/p/market-set-wandlampe-screen-70-s-40-cm-hoch-birke-textil-10020773.html,"MARKET SET Wandlampe Screen 70's, 40 cm hoch, birke, Textil",,,EUR,0,0,true,false,false,false,false,false,false,false,0,0,IMPORTED,REAL_EXTRACTED
unknown,https://www.google.com/m/storepages?q=govee.com&c=US&hl=en-US,5 NEW Products RELEASED For 🇺🇲! (January 2024),,69.99,EUR,0,0,true,false,false,false,false,false,false,false,0,0,IMPORTED,REAL_EXTRACTED
nordic-nest,https://www.nordicnest.com/brands/globen-lighting/santa-maria-30-pendant-lamp/?variantId=526334-01,Santa Maria 30 pendant lamp from Globen Lighting - NordicNest.com,,1.57,EUR,0,0,true,false,false,false,false,false,false,false,0,0,IMPORTED,REAL_EXTRACTED
govee-eu,https://ca.govee.com,Smart Lighting Guides | Govee CA,,,EUR,0,0,true,false,false,false,false,false,false,false,0,0,IMPORTED,REAL_EXTRACTED
nordic-nest,https://www.nordicnest.com/brands/muuto/fluid-pendant-lamp,Fluid pendant lamp from Muuto - NordicNest.com,,219,EUR,0,0,true,false,false,false,false,false,false,false,0,0,IMPORTED,REAL_EXTRACTED
nordic-nest,https://www.nordicnest.com/brands/innolux/bulbo-pendant-lamp,Bulbo pendant lamp from Innolux - NordicNest.com,,278.15,EUR,0,0,true,false,false,false,false,false,false,false,0,0,IMPORTED,REAL_EXTRACTED
nordic-nest,https://www.nordicnest.com/brands/muuto/rime-pendant-lamp-o25-cm,Rime pendant lamp Ø25 cm from Muuto - NordicNest.com,,369,EUR,0,0,true,false,false,false,false,false,false,false,0,0,IMPORTED,REAL_EXTRACTED
nordic-nest,https://www.nordicnest.com/inspiration-tips/interior-design-tips/scandinavian-design-lamps,Scandinavian design lamps - find your favourite!,,811.8,EUR,0,0,true,false,false,false,false,false,false,false,0,0,IMPORTED,REAL_EXTRACTED
nordic-nest,https://www.nordicnest.com/brands/new-works/margin-ceiling-lamp-o70-cm,Margin pendant lamp Ø70 cm from New Works - NordicNest.com,,879,EUR,0,0,true,false,false,false,false,false,false,false,0,0,IMPORTED,REAL_EXTRACTED
unknown,https://www.google.com/m/storepages?q=kavehome.com&c=US&hl=en-US,Outdoor lighting,,,EUR,0,0,true,false,false,false,false,false,false,false,0,0,IMPORTED,REAL_EXTRACTED
kave-home,https://kavehome.com,Aldet outdoor solar floor lamp in black flat rope cord with,,,EUR,0,0,true,false,false,false,false,false,false,false,0,0,IMPORTED,REAL_EXTRACTED
kave-home,https://au.kavehome.com,Create a softer atmosphere for the seasons ahead,,,EUR,0,0,true,false,false,false,false,false,false,false,0,0,IMPORTED,REAL_EXTRACTED
maisons-du-monde,https://corporate.maisonsdumonde.com/en/file-download/download/public/23391,"[PDF] THE SEASON'S MOST BEAUTIFUL LIGHTING, BY MAISONS DU",,,EUR,0,0,true,false,false,false,false,false,false,false,0,0,IMPORTED,REAL_EXTRACTED
maisons-du-monde,https://www.maisonsdumonde.com/UK/en/luminaire.htm,"Lighting, reading lamps, floors lamps and more",,,EUR,0,0,true,false,false,false,false,false,false,false,0,0,IMPORTED,REAL_EXTRACTED
maisons-du-monde,https://www.maisonsdumonde.com/UK/en/inspirations/exotic-ne605649f6f95072434d5d82e87a1f3fc98c3c28.html,Furniture & home accessories - Exotic,,44,EUR,0,0,true,false,false,false,false,false,false,false,0,0,IMPORTED,REAL_EXTRACTED
maisons-du-monde,https://www.maisonsdumonde.com/DE/de/p/viereckige-haengelampe-aus-eisen-messing-M26071932.htm,"Viereckige Hängelampe aus Eisen, Messing",,,EUR,0,0,true,false,false,false,false,false,false,false,0,0,IMPORTED,REAL_EXTRACTED
maisons-du-monde,https://www.maisonsdumonde.com/IT/it/p/lampada-a-sospensione-in-rattan-e-metallo-dorato-flavio-243060.htm,Flavio - Lampada a sospensione in rattan e metallo dorato,,,EUR,0,0,true,false,false,false,false,false,false,false,0,0,IMPORTED,REAL_EXTRACTED
lampenwelt,https://www.lampenwelt.de/c/marken/nordlux,Lampen & Leuchten von Nordlux | Lampenwelt.de,,,EUR,0,0,true,false,false,false,false,false,false,false,0,0,IMPORTED,REAL_EXTRACTED
lampenwelt,https://www.lampenwelt.de/c/marken/serien-lighting,Serien Lighting Leuchten & Lampen | Lampenwelt.de,,,EUR,0,0,true,false,false,false,false,false,false,false,0,0,IMPORTED,REAL_EXTRACTED
lampenwelt,https://www.lampenwelt.de/p/philips-superslim-led-ip44-o-24-5cm-4-000k-weiss-10013798.html,"Philips SuperSlim LED IP44 Ø 24,5cm 4.000K weiß | Lampenwelt.de",,,EUR,0,0,true,false,false,false,false,false,false,false,0,0,IMPORTED,REAL_EXTRACTED
ferm-living,https://fermliving.com/collections/portable-lamps,Portable Lamps,,,EUR,0,0,true,false,false,false,false,false,false,false,0,0,IMPORTED,REAL_EXTRACTED
ferm-living,https://fermliving.com/products/arum-portable-lamp-black,Arum Portable Lamp - Black,,,EUR,0,0,true,false,false,false,false,false,false,false,0,0,IMPORTED,REAL_EXTRACTED
ferm-living,https://fermliving.com/products/luver-portable-lamp-natural,Luver Portable Lamp - Natural,,,EUR,0,0,true,false,false,false,false,false,false,false,0,0,IMPORTED,REAL_EXTRACTED
ferm-living,https://fermliving.com/products/vuelta-portable-lamp-white,Vuelta Portable Lamp – White,,,EUR,0,0,true,false,false,false,false,false,false,false,0,0,IMPORTED,REAL_EXTRACTED
ferm-living,https://fermliving.com/blogs/stories/living-with-kids-at-home-with-fanny-nilsson,Living with Kids: At Home with Fanny Nilsson,,,EUR,0,0,true,false,false,false,false,false,false,false,0,0,IMPORTED,REAL_EXTRACTED
ferm-living,https://fermliving.com/products/arum-portable-lamp-cashmere,Arum Portable Lamp - Beige,,,EUR,0,0,true,false,false,false,false,false,false,false,0,0,IMPORTED,REAL_EXTRACTED
ferm-living,https://fermliving.com/products/frill-portable-lamp-rose-white,Frill Portable Lamp – Rose/White,,,EUR,0,0,true,false,false,false,false,false,false,false,0,0,IMPORTED,REAL_EXTRACTED
ferm-living,https://fermliving.com/products/arum-portable-lamp-tea-green,Arum Portable Lamp - Light Green,,,EUR,0,0,true,false,false,false,false,false,false,false,0,0,IMPORTED,REAL_EXTRACTED
ferm-living,https://fermliving.com/products/arum-portable-lamp-white,Arum Portable Lamp - White,,,EUR,0,0,true,false,false,false,false,false,false,false,0,0,IMPORTED,REAL_EXTRACTED
nordic-nest,https://www.nordicnest.com/brands/tradition,&Tradition Lighting & Home accessories - Shop at NordicNest.com,,,EUR,0,0,true,false,false,false,false,false,false,false,0,0,IMPORTED,REAL_EXTRACTED
unknown,https://www.google.com/m/storepages?q=kavehome.com&c=US&hl=en-US,Slatted bed bases,,,EUR,0,0,true,false,false,false,false,false,false,false,0,0,IMPORTED,REAL_EXTRACTED
cozy-garden,https://thecozygarden.com/products/y829-1399254375784423438-200-led-string-fairy-lights-hanging-starburst-lamp-diy-firework-christmas-garland-festival-decoration-remote-twinkle-lights-x250627,200 LED String Fairy Lights Hanging Starburst Lamp DIY Firework,,60.78,EUR,0,0,true,false,false,false,false,false,false,false,0,0,IMPORTED,REAL_EXTRACTED
cozy-garden,https://thecozygarden.com/products/y829-1479533167346950159-resin-parrot-statue-ornament-diy-outdoor-garden-decoration-animal-sculpture-home-living-room-office-bonsai-ornament-crafts-birds-260106,Resin Parrot Statue Ornament DIY Outdoor Garden Decoration,,60.78,EUR,0,0,true,false,false,false,false,false,false,false,0,0,IMPORTED,REAL_EXTRACTED
viridian-bay,https://viridianbay.com,Three Outdoor Lighting Ideas to Brighten up your Summer,,,EUR,0,0,true,false,false,false,false,false,false,false,0,0,IMPORTED,REAL_EXTRACTED
govee-eu,https://eu.govee.com,"Smart Lights - LED Strips, Bulbs & More",,,EUR,0,0,true,false,false,false,false,false,false,false,0,0,IMPORTED,REAL_EXTRACTED
govee-eu,https://community.govee.com,10 NEW Products RELEASED In 🇪🇺! (May & June 2023),,,EUR,0,0,true,false,false,false,false,false,false,false,0,0,IMPORTED,REAL_EXTRACTED
govee-eu,https://community.govee.com,What is the difference between a dream view and a normal,,,EUR,0,0,true,false,false,false,false,false,false,false,0,0,IMPORTED,REAL_EXTRACTED
govee-eu,https://eu.govee.com,Shedding Light on Smart Bulbs and Why You Need Them,,,EUR,0,0,true,false,false,false,false,false,false,false,0,0,IMPORTED,REAL_EXTRACTED
govee-eu,https://uk.govee.com,[Prime Day Prize] Govee Outdoor LED Dot String Lights,,,EUR,0,0,true,false,false,false,false,false,false,false,0,0,IMPORTED,REAL_EXTRACTED
nordic-nest,https://www.nordicnest.com/lighting/lamps/pendant-lamps,Pendant Lighting & Hanging Lamps - Shop at NordicNest.com,,114,EUR,0,0,true,false,false,false,false,false,false,false,0,0,IMPORTED,REAL_EXTRACTED
maisons-du-monde,https://www.maisonsdumonde.com/UK/en/inspirations/contemporary-n3f0036ef37ebc14403bdbef025b68de2c5033b1.html,Contemporary Furniture - Modern Interiors,,5.55,EUR,0,0,true,false,false,false,false,false,false,false,0,0,IMPORTED,REAL_EXTRACTED
cozy-garden,https://thecozygarden.com/products/n270-476246-12-brown-wood-indoor-outdoor-square-planter-box,"12"" Brown Wood Indoor Outdoor Square Planter Box",,,EUR,0,0,true,false,false,false,false,false,false,false,0,0,IMPORTED,REAL_EXTRACTED
cozy-garden,https://thecozygarden.com/products/y829-1350988315396714510-210pcs-bird-repeller-reflective-windmill-bird-repellent-anti-birds-windmill-spinner-child-windmill-garden-orchard-protection-250207,2/10pcs Bird Repeller Reflective Windmill Bird Repellent Anti Birds Wi,,,EUR,0,0,true,false,false,false,false,false,false,false,0,0,IMPORTED,REAL_EXTRACTED
maisons-du-monde,https://www.maisonsdumonde.com,Patina finished furniture and objects,,44,EUR,0,0,true,false,false,false,false,false,false,false,0,0,IMPORTED,REAL_EXTRACTED
cozy-garden,https://thecozygarden.com/products/d681-np11847bn-45-inch-propane-rattan-firepit-table-with-glass-stones-and-protective-cover-mixed-brown-color-brown,45 Inch Propane Rattan Firepit Table with Glass Stones and Protective,,60,EUR,0,0,true,false,false,false,false,false,false,false,0,0,IMPORTED,REAL_EXTRACTED
lampenwelt,https://www.lampenwelt.de/p/led-wandleuchte-cover-schwarz-ausladung-30-cm-metall-10054517.html,"LED-Wandleuchte COVER, schwarz, Ausladung 30 cm, Metall",,,EUR,0,0,true,false,false,false,false,false,false,false,0,0,IMPORTED,REAL_EXTRACTED
lampenwelt,https://www.lampenwelt.de/p/pr-home-wandleuchte-emmi-messingfarben-antik-o-12-cm-10024570.html,"PR Home Wandleuchte Emmi, messingfarben antik, Ø 12 cm",,,EUR,0,0,true,false,false,false,false,false,false,false,0,0,IMPORTED,REAL_EXTRACTED
lampenwelt,https://www.lampenwelt.de,"Tom Dixon LED-Kronleuchter Melt Chandelier, goldfarben",,,EUR,0,0,true,false,false,false,false,false,false,false,0,0,IMPORTED,REAL_EXTRACTED
ferm-living,https://fermliving.com/products/ripple-portable-lamp-white,Ripple Portable Lamp - White,,,EUR,0,0,true,false,false,false,false,false,false,false,0,0,IMPORTED,REAL_EXTRACTED
nordic-nest,https://www.nordicnest.com/brands/belid/capo-pendant-lamp-o30-cm,Capo pendant lamp Ø30 cm from Belid - NordicNest.com,,,EUR,0,0,true,false,false,false,false,false,false,false,0,0,IMPORTED,REAL_EXTRACTED
cozy-garden,https://thecozygarden.com/products/d681-op70369-42-inch-60000-btu-propane-fire-pit-table-with-ceramic-tabletop-color-black,42 Inch 60000 BTU Propane Fire Pit Table with Ceramic Tabletop,,60.78,EUR,0,0,true,false,false,false,false,false,false,false,0,0,IMPORTED,REAL_EXTRACTED
kave-home,https://au.kavehome.com,Llonga set of 2 terracotta planters with natural finish Ø 54 /,,759,EUR,0,0,true,false,false,false,false,false,false,false,0,0,IMPORTED,REAL_EXTRACTED
kave-home,https://kavehome.com,Rotja set of 3 terracotta planters with glazed blue finish Ø,,,EUR,0,0,true,false,false,false,false,false,false,false,0,0,IMPORTED,REAL_EXTRACTED
kave-home,https://kavehome.com,Analy stool with backrest in solid oak wood with walnut,,,EUR,0,0,true,false,false,false,false,false,false,false,0,0,IMPORTED,REAL_EXTRACTED
maisons-du-monde,https://store.maisonsdumonde.com,Maisons du Monde - Marbella Málaga,,,EUR,0,0,true,false,false,false,false,false,false,false,0,0,IMPORTED,REAL_EXTRACTED
maisons-du-monde,https://www.maisonsdumonde.com/PT/pt/p/suspensao-nao-eletrificada-em-vime-d60-miley-189334.htm,Miley - Suspensão não eletrificada em vime D60,,,EUR,0,0,true,false,false,false,false,false,false,false,0,0,IMPORTED,REAL_EXTRACTED
maisons-du-monde,https://www.maisonsdumonde.com/PT/pt/p/candeeiro-de-chao-em-rattan-trancado-e-aco-preto-191-cm-de-altura-wild-165316.htm,"Candeeiro de chão em rattan trançado e aço preto, 191 cm de altura.",,,EUR,0,0,true,false,false,false,false,false,false,false,0,0,IMPORTED,REAL_EXTRACTED
maisons-du-monde,https://www.maisonsdumonde.com/DE/de/p/pendelleuchte-aus-rattan-in-braun-50x50x50cm-matcha-whisk-M26002415.htm,"Matcha whisk - Pendelleuchte aus rattan in braun, 50x50x50cm",,,EUR,0,0,true,false,false,false,false,false,false,false,0,0,IMPORTED,REAL_EXTRACTED
lampenwelt,https://www.lampenwelt.de/p/audo-tr-bulb-suspended-wandleuchte-stecker-grau-weiss-10041977.html,"Audo TR Bulb Suspended Wandleuchte, Stecker, grau/weiß",,,EUR,0,0,true,false,false,false,false,false,false,false,0,0,IMPORTED,REAL_EXTRACTED
luxent,https://luxent.com,About Luxent: A Senior NetSuite Consulting Team,,,EUR,0,0,true,false,false,false,false,false,false,false,0,0,IMPORTED,REAL_EXTRACTED
maisons-du-monde,https://www.maisonsdumonde.com/UK/en/inspirations/seaside-n071ac168e0a57e039d5145a25118266843a42d5.html,Furniture & home accessories - Seaside,,15.15,EUR,0,0,true,false,false,false,false,false,false,false,0,0,IMPORTED,REAL_EXTRACTED
cozy-garden,https://thecozygarden.com/products/y829-1399435832336015360-1pc-colorful-stone-tree-of-life-crystal-glass-pendant-outdoor-garden-light-and-sun-catcher-decorative-crafts-x2506271,1pc Colorful Stone Tree Of Life Crystal Glass Pendant Outdoor,,,EUR,0,0,true,false,false,false,false,false,false,false,0,0,IMPORTED,REAL_EXTRACTED
unknown,https://www.google.com/m/storepages?q=kavehome.com&c=US&hl=en-US,Outdoor Decor,,699,EUR,0,0,true,false,false,false,false,false,false,false,0,0,IMPORTED,REAL_EXTRACTED
nordic-nest,https://www.nordicnest.com,Ceramic plant pots - Buy Scandinavian Design →,,,EUR,0,0,true,false,false,false,false,false,false,false,0,0,IMPORTED,REAL_EXTRACTED
maisons-du-monde,https://corporate.maisonsdumonde.com,BRITISH COTTAGE INSPIRATION,,,EUR,0,0,true,false,false,false,false,false,false,false,0,0,IMPORTED,REAL_EXTRACTED
maisons-du-monde,https://www.maisonsdumonde.com,Vases en rotin : Décorez avec élégance et authenticité,,,EUR,0,0,true,false,false,false,false,false,false,false,0,0,IMPORTED,REAL_EXTRACTED
ferm-living,https://fermliving.com,Dedali Vase – Large – Off-White,,,EUR,0,0,true,false,false,false,false,false,false,false,0,0,IMPORTED,REAL_EXTRACTED
cozy-garden,https://thecozygarden.com/products/q280-gwrbh3150692871-outdoor-red-wood-and-metal-barn-style-hanging-bird-house,Outdoor Red Wood and Metal Barn Style Hanging Bird House,For The Birds,85.04,USD,8,1,true,true,false,false,true,true,false,false,68,88,IMPORTED,REAL_EXTRACTED
wall-panel-centre,https://thewallpanelcentre.co.uk/products/white-hygienic-cladding-starter-trim,White Hygienic Cladding Starter Trim,Homepage > Back,5.4,GBP,1,2,true,false,false,false,true,true,false,false,70,100,NORMALIZED,REAL_EXTRACTED
wall-panel-centre,https://thewallpanelcentre.co.uk/products/pastel-grey-straight-joint-trim-for-hygienic-wall-cladding,Pastel Grey Straight Joint Trim for Hygienic Wall Cladding,Homepage > Back,6.6,GBP,1,1,true,false,false,false,true,true,false,false,64,100,NORMALIZED,REAL_EXTRACTED
wall-panel-centre,https://thewallpanelcentre.co.uk/products/pastel-grey-internal-corner-joint-for-hygienic-wall-cladding,Pastel Grey Internal Corner Joint for Hygienic Wall Cladding,Homepage > Back,6.6,GBP,1,1,true,false,false,false,true,true,false,false,70,100,NORMALIZED,REAL_EXTRACTED
wall-panel-centre,https://thewallpanelcentre.co.uk/products/pastel-grey-hygienic-wall-cladding-pastel-colour,Pastel Grey Hygienic Wall Cladding Pastel Colour,Homepage > Back,67.9,GBP,1,2,true,true,false,false,true,true,false,true,70,100,DUPLICATE,REAL_EXTRACTED
viridian-bay,https://viridianbay.com/products/elefante-garden-seat,Elefante Garden Seat,Outdoor Seating,385,USD,3,1,true,true,false,false,true,true,false,true,71,100,NORMALIZED,REAL_EXTRACTED
ferm-living,https://fermliving.com/products/nova-pinboard-light-celedon,Nova Pinboard - Light Celedon,Home > Nova Pinboard - Light Celedon,199.2,EUR,2,3,true,true,false,false,true,true,false,true,64,88,IMPORTED,REAL_EXTRACTED
ferm-living,https://fermliving.com/products/nova-storage-box-light-celedon,Nova Storage Box - Light Celedon,Home > Nova Storage Box - Light Celedon,23.2,EUR,2,5,true,true,false,false,true,true,false,true,64,88,IMPORTED,REAL_EXTRACTED
viridian-bay,https://viridianbay.com/products/girasole-planter-trellis,Girasole Planter Trellis,Plant Cages & Supports,75,USD,7,1,true,true,false,false,true,true,false,true,76,88,IMPORTED,REAL_EXTRACTED
wall-panel-centre,https://thewallpanelcentre.co.uk/products/pastel-mint-colour-match-silicone-310ml-tube,Pastel Mint Colour Match Silicone 310ml Tube,Homepage > Back,29.9,GBP,0,1,true,true,false,false,true,true,false,false,61,100,NORMALIZED,REAL_EXTRACTED
lampenwelt,https://lampenwelt.de/p/audo-led-pendellampe-tr-bulb-schwarz-opal-matt-glas-e27-6731021.html,"Audo LED-Pendellampe TR Bulb, schwarz/opal matt, Glas, E27",Lampen & Leuchten > Innenleuchten > Pendelleuchten & Hängelampen,244.99,EUR,12,0,true,true,true,false,true,true,true,false,79,88,NORMALIZED,REAL_EXTRACTED
viridian-bay,https://viridianbay.com/products/seafoam-cascade-garden-stool,Teal Cascade Garden Stool,Outdoor Chairs,599,USD,3,1,true,true,false,false,true,true,false,true,76,100,NORMALIZED,REAL_EXTRACTED
wall-panel-centre,https://thewallpanelcentre.co.uk/products/pastel-mint-starter-trim-for-hygienic-wall-cladding,Pastel Mint Starter Trim for Hygienic Wall Cladding,Homepage > Back,6.6,GBP,1,1,true,false,false,false,true,true,false,false,64,100,NORMALIZED,REAL_EXTRACTED
ferm-living,https://fermliving.com/products/ori-candle-holder-dark-stained-beech,Ori Candle Holder - Dark Stained Beech,Home > Ori Candle Holder - Dark Stained Beech,55.2,EUR,2,1,true,false,false,false,true,true,false,true,65,88,IMPORTED,REAL_EXTRACTED
viridian-bay,https://viridianbay.com/products/brindille-tealight-candelabra,Brindille Tealight Candelabra,Candle Holders,80,USD,5,1,true,true,false,false,true,true,false,true,65,100,NORMALIZED,REAL_EXTRACTED
cozy-garden,https://thecozygarden.com/products/a949-316391-trellis-planter-with-arch-193x154x461-firwood,"Trellis Planter with Arch 19.3""x15.4""x46.1"" Firwood",Gardening,87.79,USD,12,1,true,true,false,false,true,true,false,true,74,88,NORMALIZED,REAL_EXTRACTED
wall-panel-centre,https://thewallpanelcentre.co.uk/products/pastel-clay-external-corner-joint-for-hygienic-wall-cladding,Pastel Clay External Corner Joint for Hygienic Wall Cladding,Homepage > Back,6.6,GBP,1,1,true,true,false,false,true,true,false,false,70,100,NORMALIZED,REAL_EXTRACTED
viridian-bay,https://viridianbay.com/products/palazzo-lantern,Palazzo Lantern,Home & Garden,205,USD,7,4,true,true,false,false,true,true,false,true,76,88,IMPORTED,REAL_EXTRACTED
wall-panel-centre,https://thewallpanelcentre.co.uk/products/pastel-green-internal-corner-joint-for-hygienic-wall-cladding,Pastel Willow Green Internal Corner Joint for Hygienic Wall Cladding,Homepage > Back,6.6,GBP,1,1,true,false,false,false,true,true,false,false,70,100,NORMALIZED,REAL_EXTRACTED
cozy-garden,https://thecozygarden.com/products/e415-peltlthktz6j1y3e6001v0-6-piece-outdoor-patio-furniture-set-wicker-rattan-outdoor-sectional-conversation-set-with-50000btu-propane-fire-pit-table-cushioned-sofas-coffee-table-ottoman-for-patio-garden-backyard,"6-Piece Outdoor Patio Furniture Set, Wicker Rattan Outdoor Sectional Conversation Set with 50000BTU Propane Fire Pit Table, Cushioned Sofas, Coffee Table & Ottoman for Patio Garden Backyard",Outdoor Lounge Furniture,868.65,USD,22,1,true,true,false,false,true,true,false,false,74,88,IMPORTED,REAL_EXTRACTED
ferm-living,https://fermliving.com/products/twill-bolster-cushion-cashmere-black,Twill Bolster Cushion - Cashmere/Black,Home > Twill Bolster Cushion - Cashmere/Black,76,EUR,2,3,true,true,false,false,true,true,false,true,70,88,IMPORTED,REAL_EXTRACTED
lampenwelt,https://lampenwelt.de/p/tom-dixon-mirror-ball-floor-chandelier-goldfarben-182-cm-10042136.html,"Tom Dixon Mirror Ball Floor Chandelier, goldfarben, 182 cm",Lampen & Leuchten > Innenleuchten > Stehlampen,5485.9,EUR,16,0,true,true,true,false,true,true,true,false,65,100,NORMALIZED,REAL_EXTRACTED
wall-panel-centre,https://thewallpanelcentre.co.uk/products/pastel-green-hygienic-wall-cladding-pastel-colour,Pastel Willow Green Hygienic Wall Cladding PVC Sheet,Homepage > Back,67.9,GBP,1,2,true,true,false,false,true,true,false,true,70,100,DUPLICATE,REAL_EXTRACTED
wall-panel-centre,https://thewallpanelcentre.co.uk/products/pastel-cream-hygienic-wall-cladding-pastel-colour,Pastel Cream Hygienic Wall Cladding PVC Sheet,Homepage > Back,67.9,GBP,1,2,true,true,false,false,true,true,false,true,70,100,DUPLICATE,REAL_EXTRACTED
ferm-living,https://fermliving.com/products/jot-cushion-elm-green,Jot Cushion - Elm Green,Home > Jot Cushion - Elm Green,63.2,EUR,2,4,true,true,false,false,true,true,false,true,70,100,NORMALIZED,REAL_EXTRACTED
lewpe,https://lewpe.com/products/maresia-acoustic-slat-wall-panel-felt-backed,"Maresia. Acoustic Slat Wall Panel, Felt-Backed",Wall Paneling,200.95,USD,24,10,true,true,true,false,true,true,false,false,86,88,IMPORTED,REAL_EXTRACTED
ferm-living,https://fermliving.com/products/jot-cushion-natural,Jot Cushion - Natural,Home > Jot Cushion - Natural,63.2,EUR,2,4,true,true,false,false,true,true,false,true,70,100,NORMALIZED,REAL_EXTRACTED
ferm-living,https://fermliving.com/products/jot-cushion-cover-aged-gold,Jot Cushion Cover - Aged Gold,Home > Jot Cushion Cover - Aged Gold,55.2,EUR,2,4,true,true,false,false,true,true,false,true,70,100,NORMALIZED,REAL_EXTRACTED
lewpe,https://lewpe.com/products/mosteiros-polystyrene-cloud-pendant-light,Mosteiros. Polystyrene Cloud Pendant Light,Lighting,195.95,USD,24,20,true,true,true,false,true,true,false,false,80,88,IMPORTED,REAL_EXTRACTED
lewpe,https://lewpe.com/products/braga-retractable-arm-table-lamp-clip-mount,"Braga. Retractable Arm Table Lamp, Clip Mount",Lighting,64,USD,17,20,true,true,false,false,true,true,false,false,70,88,IMPORTED,REAL_EXTRACTED
lewpe,https://lewpe.com/products/elvas-art-deco-tiered-glass-flush-mount-ceiling-light,"Elvas. Art Deco Tiered Flush Mount Ceiling Light, Glass",Lighting,195.95,USD,19,20,true,true,true,false,true,true,false,false,80,88,IMPORTED,REAL_EXTRACTED
lewpe,https://lewpe.com/products/tomar-bentwood-pleated-floor-lamp-beech-wood,"Tomar. Bentwood Pleated Floor Lamp, Beech Wood",Floor Lamps,559.95,USD,24,20,true,true,false,false,true,true,false,false,70,88,IMPORTED,REAL_EXTRACTED
ferm-living,https://fermliving.com/products/burren-pillar-candles-set-of-2-bronze,Burren Pillar Candles - Set of 2 - Bronze,Home > Burren Pillar Candles - Set of 2 - Bronze,23.2,EUR,2,1,true,false,false,false,true,true,false,true,59,88,IMPORTED,REAL_EXTRACTED
ferm-living,https://fermliving.com/products/dryp-pillar-candle-h30-olive-green,Dryp Pillar Candle - Large - Olive Green,Home > Dryp Pillar Candle - Large - Olive Green,15.2,EUR,2,7,true,false,false,false,true,true,false,true,70,100,NORMALIZED,REAL_EXTRACTED
cozy-garden,https://thecozygarden.com/products/f640-12000027711588628-emitting-color-forest-green-wattage-6-10w-10m7m-solar-string-christmas-lights-outdoor-1005020led-8mode-waterproof-flower-garden-blossom-lighting-party-home-decoration,"Emitting Color: forest green, Wattage: 6-10W - 10M/7M Solar String Christmas Lights Outdoor 100/50/20LED 8Mode Waterproof Flower Garden Blossom Lighting Party Home Decoration",Outdoor Lighting,18.5,USD,16,1,true,true,false,false,true,true,false,false,68,88,IMPORTED,REAL_EXTRACTED
ferm-living,https://fermliving.com/products/vitto-scented-candle-h10-light-celedon,Vitto Scented Candle - Small - Light Celedon,Home > Vitto Scented Candle - Small - Light Celedon,31.2,EUR,2,3,true,true,false,false,true,true,false,true,64,100,NORMALIZED,REAL_EXTRACTED
cozy-garden,https://thecozygarden.com/products/q280-grwfp1243582935-outdoor-patio-garden-solid-wood-wishing-well-water-fountain-with-pump,Outdoor Patio Garden Solid Wood Wishing Well Water Fountain with Pump,Outdoor Fountains,219.9,USD,8,1,true,true,false,false,true,true,false,false,74,88,IMPORTED,REAL_EXTRACTED
viridian-bay,https://viridianbay.com/products/tapered-cornice-lantern,Acanthus Cornice Lantern,Lanterns,260.95,USD,8,1,true,true,false,false,true,true,false,true,65,100,NORMALIZED,REAL_EXTRACTED
cozy-garden,https://thecozygarden.com/products/b593-hw74046-patio-furniture-set-with-raised-garden-bed-for-porch-and-yard,Patio Furniture Set with Raised Garden Bed for Porch and Yard,Outdoor & Patio Furniture,183.48,USD,11,2,true,true,false,false,true,true,false,false,74,88,IMPORTED,REAL_EXTRACTED
cozy-garden,https://thecozygarden.com/products/a949-45533-greenhouse-green-pe-mesh-fabric-galvanized-steel-484-square-feet,"Greenhouse 48.4 ft 118.1""x59.1""x78.7",Gardening,135.79,USD,24,1,true,true,false,false,true,true,false,true,74,88,NORMALIZED,REAL_EXTRACTED
ferm-living,https://fermliving.com/products/alas-bowl-small-moss-green,Alas Bowl - Small - Moss Green,Home > Alas Bowl - Small - Moss Green,79.2,EUR,2,1,true,true,false,false,true,true,false,true,70,100,NORMALIZED,REAL_EXTRACTED
cozy-garden,https://thecozygarden.com/products/a949-3107795-patio-lounge-set-modular-garden-lounge-set-rectangular-modern,7 Piece Patio Lounge Set with Cushions Aluminum Anthracite,Outdoor Furniture Sets,868.68,USD,24,1,true,true,false,false,true,true,false,true,68,88,IMPORTED,REAL_EXTRACTED
wall-panel-centre,https://thewallpanelcentre.co.uk/products/pastel-blue-external-corner-joint-for-hygienic-wall-cladding,Pastel Sky Blue External Corner Joint for Hygienic Wall Cladding,Homepage > Back,6.6,GBP,1,1,true,false,false,false,true,true,false,false,70,100,NORMALIZED,REAL_EXTRACTED
viridian-bay,https://viridianbay.com/products/lighthouse-lantern,Lighthouse Lantern,Candle Holders,265,USD,8,1,true,true,false,false,true,true,false,true,70,88,IMPORTED,REAL_EXTRACTED
viridian-bay,https://viridianbay.com/products/diving-fish-candleholder,Diving Fish Candleholder,Candle Holders,70,USD,10,1,true,true,false,false,true,true,false,true,70,88,NORMALIZED,REAL_EXTRACTED
viridian-bay,https://viridianbay.com/products/sandpipers-lantern,Sandpipers Lantern,Lanterns,218,USD,8,1,true,true,false,false,true,true,false,true,70,88,IMPORTED,REAL_EXTRACTED
wall-panel-centre,https://thewallpanelcentre.co.uk/products/pastel-clay-internal-corner-joint-for-hygienic-wall-cladding,Pastel Clay Internal Corner Joint for Hygienic Wall Cladding,Homepage > Back,6.6,GBP,1,1,true,true,false,false,true,true,false,false,70,100,NORMALIZED,REAL_EXTRACTED
cozy-garden,https://thecozygarden.com/products/e415-sxpqjy550w53242tqv1-pond-aerator-550w-power-52cfm-for-up-to-3-acre-50-lake-pond-aeration-kit-includes-34-hp-compressor-2-100-weighted-tubings-2-diffusers-air-compressor-for-deep-water-oxygen-circulation,"Pond Aerator, 550W Power, 5.2CFM for Up to 3 Acre 50' Lake, Pond Aeration Kit Includes 3/4 HP Compressor & 2 100' Weighted Tubings & 2 Diffusers, Air Compressor for Deep Water Oxygen Circulation",Ponds & Pond Accessories,478.84,USD,3,1,true,false,false,false,true,true,false,false,63,88,IMPORTED,REAL_EXTRACTED
ferm-living,https://fermliving.com/products/falda-smocked-cushion-cover-undyed,Falda Smocked Cushion Cover - Undyed,Home > Falda Smocked Cushion Cover - Undyed,47.2,EUR,2,1,true,true,false,false,true,true,false,true,70,88,IMPORTED,REAL_EXTRACTED
ferm-living,https://fermliving.com/products/soothe-block-candle-holder-brass-finish,Soothe Block Candle Holder - Brass Finish,Home > Soothe Block Candle Holder - Brass Finish,20,EUR,2,3,true,true,false,false,true,true,false,true,70,100,NORMALIZED,REAL_EXTRACTED
ferm-living,https://fermliving.com/products/symmetry-mirror-travertine,Symmetry Mirror - Travertine,Home > Symmetry Mirror - Travertine,175.2,EUR,2,1,true,true,false,false,true,true,false,true,64,88,IMPORTED,REAL_EXTRACTED
ferm-living,https://fermliving.com/products/lager-tray-for-plant-box-aluminium,Lager Tray for Plant Box - Aluminium,Home > Lager Tray for Plant Box - Aluminium,44,EUR,2,1,true,true,false,false,true,true,false,true,70,88,NORMALIZED,REAL_EXTRACTED
wall-panel-centre,https://thewallpanelcentre.co.uk/products/pastel-mint-internal-corner-joint-for-hygienic-wall-cladding,Pastel Mint Internal Corner Joint for Hygienic Wall Cladding,Homepage > Back,6.6,GBP,1,1,true,false,false,false,true,true,false,false,70,100,NORMALIZED,REAL_EXTRACTED
lewpe,https://lewpe.com/products/viseu-nordic-led-semi-flush-mount-ceiling-light,Viseu. Nordic LED Semi-Flush Mount Ceiling Light,Lighting,84.95,USD,19,20,true,true,false,false,true,true,false,false,70,88,IMPORTED,REAL_EXTRACTED
ferm-living,https://fermliving.com/products/folia-mirror-h82-dark-stained-burl,Folia Mirror - Medium - Dark Stained Burl,Home > Folia Mirror - Medium - Dark Stained Burl,391.2,EUR,2,3,true,true,false,false,true,true,false,true,70,88,IMPORTED,REAL_EXTRACTED
wall-panel-centre,https://thewallpanelcentre.co.uk/products/pastel-clay-straight-joint-trim-for-hygienic-wall-cladding,Pastel Clay Straight Joint Trim for Hygienic Wall Cladding,Homepage > Back,6.6,GBP,1,1,true,true,false,false,true,true,false,false,64,100,NORMALIZED,REAL_EXTRACTED
lewpe,https://lewpe.com/products/onda-faux-leather-wall-panel-4-pack-quilted,"Onda. Faux Leather Wall Panel, 4-Pack Quilted",Wall Paneling,170.95,USD,19,10,true,true,true,false,true,true,false,false,80,88,IMPORTED,REAL_EXTRACTED
lewpe,https://lewpe.com/products/bussola-hexagon-mosaic-wall-panel-walnut-wood,"Bússola. Hexagon Mosaic Wall Panel, Walnut Finish",Wall Paneling,140.95,USD,17,4,true,true,true,false,true,true,false,false,80,88,NORMALIZED,REAL_EXTRACTED
ferm-living,https://fermliving.com/products/stagger-shelf-low-oiled-oak,Stagger Shelf - Low - Oiled Oak,Home > Stagger Shelf - Low - Oiled Oak,71.2,EUR,2,1,true,true,false,false,true,true,false,true,64,88,IMPORTED,REAL_EXTRACTED
cozy-garden,https://thecozygarden.com/products/e415-dcspqysjzs18qckx0001v1-outdoor-water-fountain-365-in-height-fountain-and-waterfall-2-tier-floor-standing-rock-base-style-fiberglass-and-resin-fountains-with-pump-for-outdoor-indoor-garden-home-patio-backyard,"Outdoor Water Fountain, 36.5 in Height Fountain and Waterfall, 2-Tier Floor Standing Rock Base Style Fiberglass and Resin Fountains with Pump, for Outdoor Indoor Garden, Home, Patio & Backyard",Outdoor Decor,300.3,USD,22,1,true,true,false,false,true,true,false,false,74,88,NORMALIZED,REAL_EXTRACTED
lewpe,https://lewpe.com/products/caminha-linear-outdoor-wall-light-motion-sensor,"Caminha. Linear Outdoor Wall Light, Motion Sensor",Lighting,177.95,USD,11,60,true,true,false,false,true,true,false,false,70,94,NORMALIZED,REAL_EXTRACTED
lewpe,https://lewpe.com/products/manteigas-motion-sensor-led-wall-sconce-solid-wood,"Manteigas. Motion-Sensor LED Wall Sconce, Solid Wood",Lighting,129.95,USD,13,4,true,true,false,false,true,true,false,false,70,94,NORMALIZED,REAL_EXTRACTED
viridian-bay,https://viridianbay.com/products/ming-temple-lantern,Ming Temple Lantern,Lanterns,220,USD,7,1,true,true,false,false,true,true,false,true,76,88,IMPORTED,REAL_EXTRACTED
viridian-bay,https://viridianbay.com/products/tour-en-spirale-teal-garden-stool,Tour en Spirale Teal Garden Stool,Garden Stool,469,USD,3,1,true,true,false,false,true,true,false,true,71,100,NORMALIZED,REAL_EXTRACTED
lewpe,https://lewpe.com/products/belmonte-flame-led-night-light-usb-charging,"Belmonte. Flame LED Night Light, USB Charging",Night Lights & Ambient Lighting,77.95,USD,17,4,true,true,false,false,true,true,false,false,70,94,NORMALIZED,REAL_EXTRACTED
cozy-garden,https://thecozygarden.com/products/b593-gt3958-7-x-35-x-7-feet-lean-to-greenhouse-with-flower-rack,7 x 3.5 x 7 Feet Lean-to Greenhouse with Flower Rack,Garden,88.48,USD,7,2,true,true,false,false,true,true,false,false,74,88,IMPORTED,REAL_EXTRACTED
cozy-garden,https://thecozygarden.com/products/q280-mlwrgbn14583917-outdoor-modern-natural-cedar-wood-raised-garden-bed-planter-70-inch-x-31-inch,Outdoor Modern Natural Cedar Wood Raised Garden Bed Planter 70-inch x 31-inch,Planters,264.56,USD,8,1,true,true,false,false,true,true,false,false,74,88,IMPORTED,REAL_EXTRACTED
viridian-bay,https://viridianbay.com/products/caya-coco-garden-stool-1,Cayo Coco Garden Stool,Outdoor Chairs,248,USD,8,1,true,true,false,false,true,true,false,true,76,88,IMPORTED,REAL_EXTRACTED
cozy-garden,https://thecozygarden.com/products/a949-315694-garden-lamp-set-of-6-silver-pp-35x31x116-in-solar,"Solar LED Garden Lights 6 pcs 3.5""x3.1""x11.6",Outdoor Lighting,50.72,USD,16,1,true,true,false,false,true,true,false,true,68,100,NORMALIZED,REAL_EXTRACTED
lewpe,https://lewpe.com/products/lagos-geometric-mushroom-table-lamp-mid-century,"Lagos. Geometric Mushroom Table Lamp, Mid-Century",Lamps,199.95,USD,23,80,true,true,false,false,true,true,false,false,70,94,NORMALIZED,REAL_EXTRACTED
ferm-living,https://fermliving.com/products/falda-smocked-bolster-cushion-undyed,Falda Smocked Bolster Cushion - Undyed,Home > Falda Smocked Bolster Cushion - Undyed,79.2,EUR,2,1,true,true,false,false,true,true,false,true,70,88,IMPORTED,REAL_EXTRACTED
viridian-bay,https://viridianbay.com/products/tropical-flamingo-planters-pair,Tropical Flamingo Planters Pair,Pots & Planters,279.95,USD,9,1,true,true,false,false,true,true,false,true,76,88,IMPORTED,REAL_EXTRACTED
lewpe,https://lewpe.com/products/comporta-cordless-touch-table-lamp-glass-orb,"Comporta. Cordless Touch Table Lamp, Glass Orb",Lamps,125.95,USD,15,6,true,true,false,false,true,true,false,false,70,94,NORMALIZED,REAL_EXTRACTED
lewpe,https://lewpe.com/products/aveiro-iron-bucket-table-lamp-macaron-colors,"Aveiro. Iron Bucket Table Lamp, Macaron Colors",Lamps,72.95,USD,24,24,true,true,false,false,true,true,false,false,70,94,NORMALIZED,REAL_EXTRACTED
wall-panel-centre,https://thewallpanelcentre.co.uk/products/pastel-blue-internal-corner-joint-for-hygienic-wall-cladding,Pastel Sky Blue Internal Corner Joint for Hygienic Wall Cladding,Homepage > Back,6.6,GBP,1,1,true,false,false,false,true,true,false,false,70,100,NORMALIZED,REAL_EXTRACTED
govee-eu,https://us.govee.com/products/govee-outdoor-garden-lights,Govee Outdoor Garden Lights,Outdoor Lights > Pathway Lights,89.99,USD,10,0,true,false,false,false,true,true,false,false,60,100,NORMALIZED,REAL_EXTRACTED
ferm-living,https://fermliving.com/products/burren-block-candle-large-bronze,Burren Block Candle - Large - Bronze,Home > Burren Block Candle - Large - Bronze,36,EUR,2,1,true,false,false,false,true,true,false,true,65,88,IMPORTED,REAL_EXTRACTED
lewpe,https://lewpe.com/products/obidos-marble-table-lamp-white-glass-orb,"Óbidos. Marble Table Lamp, White Glass Orb",Table Lamps,135.95,USD,17,24,true,true,false,false,true,true,false,false,70,94,NORMALIZED,REAL_EXTRACTED
cozy-garden,https://thecozygarden.com/products/b593-gt43242-set-of-2-pe-rattan-raised-garden-bed-with-trellis-planter-box-for-climbing-plants-rustic-brown,Set of 2 PE Rattan Raised Garden Bed with Trellis Planter Box for Climbing Plants-Rustic Brown,Garden,144.48,USD,11,2,true,true,false,false,true,true,false,false,68,88,IMPORTED,REAL_EXTRACTED
lewpe,https://lewpe.com/products/angra-glowing-globe-floor-lamp-frosted-resin,"Angra. Glowing Globe Floor Lamp, Frosted Resin",Floor Lamps,210.95,USD,13,12,true,false,false,false,true,true,false,false,70,94,NORMALIZED,REAL_EXTRACTED
lewpe,https://lewpe.com/products/sintra-wavy-stem-pleated-floor-lamp-fabric-shade,"Sintra. Wavy-Stem Pleated Floor Lamp, Fabric Shade",Floor Lamps,346.95,USD,15,24,true,true,false,false,true,true,false,false,70,94,NORMALIZED,REAL_EXTRACTED
lewpe,https://lewpe.com/products/evora-adjustable-multi-light-floor-lamp-gold,"Évora. Adjustable Multi-Light Floor Lamp, Gold",Floor Lamps,195.95,USD,23,32,true,true,false,false,true,true,false,false,70,94,NORMALIZED,REAL_EXTRACTED
lewpe,https://lewpe.com/products/mafra-vintage-pleated-floor-lamp-linen-shade,"Mafra. Vintage Pleated Floor Lamp, Linen Shade",Floor Lamps,249.95,USD,13,16,true,true,false,false,true,true,false,false,70,94,NORMALIZED,REAL_EXTRACTED
lewpe,https://lewpe.com/products/abrantes-arched-led-ring-floor-lamp,"Abrantes. Arched LED Ring Floor Lamp, Metal Frame",Floor Lamps,335,USD,19,8,true,true,false,false,true,true,false,false,70,94,NORMALIZED,REAL_EXTRACTED
wall-panel-centre,https://thewallpanelcentre.co.uk/products/pastel-cream-internal-corner-joint-for-hygienic-wall-cladding,Pastel Cream Internal Corner Joint for Hygienic Wall Cladding,Homepage > Back,6.6,GBP,1,1,true,false,false,false,true,true,false,false,70,100,NORMALIZED,REAL_EXTRACTED
ferm-living,https://fermliving.com/products/burren-block-candle-small-bronze,Burren Block Candle - Small - Bronze,Home > Burren Block Candle - Small - Bronze,23.2,EUR,2,1,true,false,false,false,true,true,false,true,65,88,IMPORTED,REAL_EXTRACTED
wall-panel-centre,https://thewallpanelcentre.co.uk/products/pastel-cream-colour-match-silicone-310ml-tube,Pastel Cream Colour Match Silicone 310ml Tube,Homepage > Back,29.9,GBP,0,1,true,true,false,false,true,true,false,false,61,100,NORMALIZED,REAL_EXTRACTED
cozy-garden,https://thecozygarden.com/products/y829-1479533167346950159-resin-parrot-statue-ornament-diy-outdoor-garden-decoration-animal-sculpture-home-living-room-office-bonsai-ornament-crafts-birds-260106,Resin Parrot Statue Ornament DIY Outdoor Garden Decoration Animal Sculpture Home Living Room Office Bonsai Ornament Crafts Birds 260106,Garden Decorations,38.65,USD,3,1,true,false,false,false,true,true,false,false,69,100,NORMALIZED,REAL_EXTRACTED
ferm-living,https://fermliving.com/products/twill-cushion-cover-cashmere-black,Twill Cushion Cover - Cashmere/Black,Home > Twill Cushion Cover - Cashmere/Black,47.2,EUR,2,3,true,true,false,false,true,true,false,true,70,88,IMPORTED,REAL_EXTRACTED
wall-panel-centre,https://thewallpanelcentre.co.uk/products/pastel-grey-colour-match-silicone-310ml-tube,Pastel Grey Colour Match Silicone 310ml Tube,Homepage > Back,29.9,GBP,0,1,true,true,false,false,true,true,false,false,61,100,NORMALIZED,REAL_EXTRACTED
ferm-living,https://fermliving.com/products/orbelle-etagere-mirror-polished,Orbelle Etagere - Mirror Polished,Home > Orbelle Etagere - Mirror Polished,119.2,EUR,2,1,true,true,false,false,true,true,false,true,64,88,IMPORTED,REAL_EXTRACTED
cozy-garden,https://thecozygarden.com/products/b593-op70661-5-tier-raised-garden-bed-with-water-drainage-for-flowers-vegetables,5-Tier Raised Garden Bed with Water Drainage for Flowers Vegetables,Garden,102.98,USD,11,2,true,true,false,false,true,true,false,false,69,94,DUPLICATE,REAL_EXTRACTED
ferm-living,https://fermliving.com/products/swif-bird-embroidered-cushion-rectangular-multi,Swif Bird Embroidered Cushion - Rectangular - Multi,Home > Swif Bird Embroidered Cushion - Rectangular - Multi,60,EUR,2,1,true,true,false,false,true,true,false,true,64,88,IMPORTED,REAL_EXTRACTED
cozy-garden,https://thecozygarden.com/products/f640-12000027711588624-emitting-color-sunny-yellow-wattage-6-10w-10m7m-solar-string-christmas-lights-outdoor-1005020led-8mode-waterproof-flower-garden-blossom-lighting-party-home-decoration,"Emitting Color: sunny yellow, Wattage: 6-10W - 10M/7M Solar String Christmas Lights Outdoor 100/50/20LED 8Mode Waterproof Flower Garden Blossom Lighting Party Home Decoration",Outdoor Lighting,18.22,USD,16,1,true,true,false,false,true,true,false,false,63,100,DUPLICATE,REAL_EXTRACTED
ferm-living,https://fermliving.com/products/dryp-pillar-candle-h30-deep-blue,Dryp Pillar Candle - Large - Deep Blue,Home > Dryp Pillar Candle - Large - Deep Blue,15.2,EUR,2,7,true,false,false,false,true,true,false,true,70,100,NORMALIZED,REAL_EXTRACTED
ferm-living,https://fermliving.com/products/folia-mirror-h82-natural-burl,Folia Mirror - Medium - Natural Burl,Home > Folia Mirror - Medium - Natural Burl,391.2,EUR,2,3,true,true,false,false,true,true,false,true,70,88,IMPORTED,REAL_EXTRACTED
wall-panel-centre,https://thewallpanelcentre.co.uk/products/pastel-duck-egg-hygienic-wall-cladding-pastel-colour,Pastel Duck Egg Hygienic Wall Cladding PVC Sheet,Homepage > Back,74.41,GBP,1,2,true,true,false,false,true,true,false,true,70,100,DUPLICATE,REAL_EXTRACTED
wall-panel-centre,https://thewallpanelcentre.co.uk/products/pastel-sandstone-hygienic-wall-cladding-pastel-colour,Pastel Sandstone Hygienic Wall Cladding PVC Sheet,Homepage > Back,74.41,GBP,1,2,true,true,false,false,true,true,false,true,70,100,DUPLICATE,REAL_EXTRACTED
cozy-garden,https://thecozygarden.com/products/a949-151952-garden-raised-bed-rusty-63x157x177-corten-steel,"Garden Raised Bed Rusty 63""x15.7""x17.7"" Corten Steel",Gardening,89.19,USD,18,1,true,true,false,false,true,true,false,true,69,100,NORMALIZED,REAL_EXTRACTED
ferm-living,https://fermliving.com/products/twill-bolster-cushion-off-white-black,Twill Bolster Cushion - Off-White/Black,Home > Twill Bolster Cushion - Off-White/Black,76,EUR,2,3,true,true,false,false,true,true,false,true,70,88,IMPORTED,REAL_EXTRACTED
cozy-garden,https://thecozygarden.com/products/d681-hw70439wh-7-pieces-patio-rattan-furniture-set-sectional-sofa-garden-cushion-white-color-white,7 Pieces Patio Rattan Furniture Set Sectional Sofa Garden Cushion-White - Color: White,Outdoor > Outdoor & Patio Furniture > Patio Furniture Sets > Outdoor Sectionals,626.48,USD,12,1,true,true,false,false,true,true,false,true,74,88,IMPORTED,REAL_EXTRACTED
ferm-living,https://fermliving.com/products/stagger-shelf-square-oiled-oak,Stagger Shelf - Square - Oiled Oak,Home > Stagger Shelf - Square - Oiled Oak,87.2,EUR,2,1,true,true,false,false,true,true,false,true,64,88,IMPORTED,REAL_EXTRACTED
cozy-garden,https://thecozygarden.com/products/y829-1391995213443178526-3-leds-solar-outdoor-dandelion-lights-led-color-scallion-ball-lights-lawn-lights-for-garden-patio-walkway-lawn-decoration-w250607,3 LEDS Solar Outdoor Dandelion Lights LED Color Scallion Ball Lights Lawn Lights for Garden Patio Walkway Lawn Decoration W250607,Lawn Lamps,60.61,USD,3,1,true,false,false,false,true,true,false,false,63,100,NORMALIZED,REAL_EXTRACTED
wall-panel-centre,https://thewallpanelcentre.co.uk/products/pastel-sandstone-internal-corner-joint-for-hygienic-wall-cladding,Pastel Sandstone Internal Corner Joint for Hygienic Wall Cladding,Homepage > Back,6.6,GBP,1,1,true,true,false,false,true,true,false,false,70,100,NORMALIZED,REAL_EXTRACTED
ferm-living,https://fermliving.com/products/jot-cushion-cover-natural,Jot Cushion Cover - Natural,Home > Jot Cushion Cover - Natural,55.2,EUR,2,4,true,true,false,false,true,true,false,true,70,100,NORMALIZED,REAL_EXTRACTED
lewpe,https://lewpe.com/products/balsemao-curved-arm-ceiling-light,"Balsemão. Curved-Arm Ceiling Light, Metal",Ceiling Light,213,USD,24,12,true,true,false,false,true,true,false,false,70,88,IMPORTED,REAL_EXTRACTED
ferm-living,https://fermliving.com/products/dryp-pillar-candle-h30-warm-grey,Dryp Pillar Candle - Large - Warm Grey,Home > Dryp Pillar Candle - Large - Warm Grey,15.2,EUR,2,7,true,false,false,false,true,true,false,true,70,100,NORMALIZED,REAL_EXTRACTED
lewpe,https://lewpe.com/products/valenca-nordic-minimalist-wall-sconce-glass-ring-base,"Valença. Nordic Minimalist Wall Sconce, Glass Ring Base",Wall Light Fixtures,63.95,USD,17,16,true,true,false,false,true,true,false,false,70,88,IMPORTED,REAL_EXTRACTED
cozy-garden,https://thecozygarden.com/products/k290-5747713477-style-warm-yellow-solar-powered-dragonfly-led-light-string,Style: Warm Yellow - Solar Powered DragonFly LED Light String,led light,31.92,USD,3,1,true,false,false,false,true,true,false,true,63,100,NORMALIZED,REAL_EXTRACTED
cozy-garden,https://thecozygarden.com/products/a949-318939-garden-raised-bed-grey-powder-coated-steel-large,"Garden Raised Bed Galvanized Steel 201.6""x31.5""x14.2"" Gray",Gardening,146.38,USD,14,1,true,true,false,false,true,true,false,true,74,88,NORMALIZED,REAL_EXTRACTED
ferm-living,https://fermliving.com/products/flow-tea-pot-off-white-speckle,Flow Teapot - Off-White Speckle,Home > Flow Teapot - Off-White Speckle,60,EUR,2,3,true,true,false,false,true,true,false,true,70,100,NORMALIZED,REAL_EXTRACTED
lewpe,https://lewpe.com/products/ancos-strip-led-wall-sconce-acrylic,"Anços. Strip LED Wall Sconce, Acrylic",Wall Light Fixtures,183,USD,21,20,true,true,true,false,true,true,false,false,80,88,IMPORTED,REAL_EXTRACTED
cozy-garden,https://thecozygarden.com/products/e415-dcspqwzcds13fk1hn001v1-outdoor-water-fountain-315-in-height-fountain-and-waterfall-5-tier-floor-standing-bowl-shaped-cascading-fountains-with-led-light-and-pump-for-outdoor-indoor-garden-home-patio-backyard,"Outdoor Water Fountain, 31.5 in Height Fountain and Waterfall, 5-Tier Floor Standing Bowl-Shaped Cascading Fountains with LED Light and Pump, for Outdoor Indoor Garden, Home, Patio & Backyard",Outdoor Decor,253.41,USD,22,1,true,true,false,false,true,true,false,false,63,100,NORMALIZED,REAL_EXTRACTED
cozy-garden,https://thecozygarden.com/products/a949-316229-garden-shed-green-galvanized-steel-and-metal-large-garden-shed,"Wall-mounted Garden Shed Green 46.5""x150.4""x70.1"" Galvanized Steel",Outdoor Living,485.01,USD,16,1,true,true,false,false,true,true,false,true,74,88,IMPORTED,REAL_EXTRACTED
cozy-garden,https://thecozygarden.com/products/a949-47091-garden-log-storage-shed-galvanized-steel-642x327x606-anthracite,"Garden Log Storage Shed Galvanized Steel 64.2""x32.7""x60.6"" Anthracite",Log Rack & Carrier Accessories,146.38,USD,16,1,true,true,false,false,true,true,false,true,74,88,IMPORTED,REAL_EXTRACTED
ferm-living,https://fermliving.com/products/soothe-candle-holder-brass-finish,Soothe Candle Holder - Brass Finish,Home > Soothe Candle Holder - Brass Finish,12,EUR,2,3,true,true,false,false,true,true,false,true,70,100,NORMALIZED,REAL_EXTRACTED
cozy-garden,https://thecozygarden.com/products/f640-12000038430490442-emitting-color-moon-blue-wattage-0-5w-6810-led-solar-garden-lights-powered-firefly-lights-outdoor-garden-decoration-landscape-lights-firework-firefly-lawn-lamps,"Emitting Color: moon blue, Wattage: 0-5W - 6/8/10 LED Solar Garden Lights Powered Firefly Lights Outdoor Garden Decoration Landscape Lights Firework Firefly Lawn Lamps",Outdoor Lighting,29,USD,16,1,true,false,false,false,true,true,false,false,63,88,IMPORTED,REAL_EXTRACTED
viridian-bay,https://viridianbay.com/products/giallo-vase,Giallo Vase - LAST CHANCE,Vases,42.97,USD,7,1,true,true,false,false,true,true,false,true,70,88,IMPORTED,REAL_EXTRACTED
viridian-bay,https://viridianbay.com/products/las-palmas-garden-stool,Las Palmas Garden Stool,Accent Tables,260,USD,8,1,true,true,false,false,true,true,false,true,76,88,IMPORTED,REAL_EXTRACTED
viridian-bay,https://viridianbay.com/products/stylized-fleur-de-lys-fireplace-candelabra,Stylized Fleur de Lys Fireplace Candelabra,Candle Holders,275,USD,10,4,true,true,false,false,true,true,false,true,70,88,NORMALIZED,REAL_EXTRACTED
wall-panel-centre,https://thewallpanelcentre.co.uk/products/pastel-duck-egg-colour-match-silicone-310ml-tube,Pastel Duck Egg Colour Match Silicone 310ml Tube,Homepage > Back,29.9,GBP,0,1,true,true,false,false,true,true,false,false,61,100,NORMALIZED,REAL_EXTRACTED
cozy-garden,https://thecozygarden.com/products/d681-gt4441na-raised-garden-bed-with-trellis-wooden-elevated-planter-box-with-legs-natural-color-natural,Raised Garden Bed with Trellis Wooden Elevated Planter Box with Legs-Natural - Color: Natural,Outdoor > Garden > Raised Garden Beds,113.48,USD,12,1,true,true,false,false,true,true,false,true,74,88,IMPORTED,REAL_EXTRACTED
wall-panel-centre,https://thewallpanelcentre.co.uk/products/pastel-linen-hygienic-wall-cladding-pastel-colour,Pastel Linen Hygienic Wall Cladding PVC Sheet,Homepage > Back,74.41,GBP,1,2,true,true,false,false,true,true,false,true,70,100,DUPLICATE,REAL_EXTRACTED
wall-panel-centre,https://thewallpanelcentre.co.uk/products/white-external-corner-joint-for-hygienic-wall-cladding,Satin White External Corner Joint for Hygienic Wall Cladding,Homepage > Back,4.2,GBP,1,2,true,false,false,false,true,true,false,false,70,100,NORMALIZED,REAL_EXTRACTED
cozy-garden,https://thecozygarden.com/products/a949-837483-garden-planters-2-pcs-impregnated-wood-pine,Garden Planters 2 pcs Impregnated Wood Pine,Gardening,259.23,USD,24,1,true,true,false,false,true,true,false,true,74,88,IMPORTED,REAL_EXTRACTED
wall-panel-centre,https://thewallpanelcentre.co.uk/products/gloss-blue-hygienic-wall-cladding-gloss-colour,Gloss Blue Lagoon Hygienic Wall Cladding PVC Sheet,Homepage > Back,93.61,GBP,1,2,true,true,false,false,true,true,false,true,70,100,NORMALIZED,REAL_EXTRACTED
cozy-garden,https://thecozygarden.com/products/q280-gdswbh21438695-farmhouse-solid-wood-hanging-birdhouse-in-blue-green-yellow-brown,Farmhouse Solid Wood Hanging Birdhouse in Blue Green Yellow Brown,Bird Houses,62.69,USD,8,1,true,true,false,false,true,true,false,false,74,88,IMPORTED,REAL_EXTRACTED
ferm-living,https://fermliving.com/products/soothe-candle-holder-aluminium,Soothe Candle Holder - Aluminium,Home > Soothe Candle Holder - Aluminium,12,EUR,2,3,true,true,false,false,true,true,false,true,70,100,NORMALIZED,REAL_EXTRACTED
lewpe,https://lewpe.com/products/ancos-strip-led-wall-sconce-acrylic,"Anços. Strip LED Wall Sconce, Acrylic",Wall Light Fixtures,183,USD,21,40,true,true,true,false,true,true,false,false,70,94,NORMALIZED,REAL_EXTRACTED
viridian-bay,https://viridianbay.com/products/tete-a-tete-garden-sculpture,Tête à Tête Garden Sculpture,Garden Sculptures,138,USD,7,1,true,true,false,false,true,true,false,true,76,88,IMPORTED,REAL_EXTRACTED
lewpe,https://lewpe.com/products/mastro-wood-strip-wall-panel-solid-wood,"Mastro. Wood Strip Wall Panel, Solid Wood",Wall Paneling,315.95,USD,19,4,true,true,false,false,true,true,false,false,76,94,NORMALIZED,REAL_EXTRACTED
lewpe,https://lewpe.com/products/alcobaca-rectangular-led-wall-sconce-aluminum,"Alcobaça. Rectangular LED Wall Sconce, Aluminum",Wall Light Fixtures,53.95,USD,24,48,true,true,false,false,true,true,false,false,70,94,NORMALIZED,REAL_EXTRACTED
wall-panel-centre,https://thewallpanelcentre.co.uk/products/pastel-duck-egg-starter-trim-for-hygienic-wall-cladding,Pastel Duck Egg Starter Trim for Hygienic Wall Cladding,Homepage > Back,6.6,GBP,1,1,true,false,false,false,true,true,false,false,64,100,NORMALIZED,REAL_EXTRACTED
viridian-bay,https://viridianbay.com/products/white-moderno-garden-seat,White Moderno Garden Seat,Outdoor Seating,349,USD,3,1,true,true,false,false,true,true,false,true,71,100,NORMALIZED,REAL_EXTRACTED
lewpe,https://lewpe.com/products/carvoeiro-outdoor-pillar-light-ribbed-glass,"Carvoeiro. Outdoor Pillar Light, Ribbed Glass",Lighting,320.95,USD,24,100,true,true,false,false,true,true,false,false,70,94,NORMALIZED,REAL_EXTRACTED
lewpe,https://lewpe.com/products/ferragudo-glass-flower-plug-in-pendant-light,Ferragudo. Glass Flower Plug-In Pendant Light,Lamps,135.95,USD,24,6,true,true,false,false,true,true,false,false,70,94,NORMALIZED,REAL_EXTRACTED
viridian-bay,https://viridianbay.com/products/octavius-and-the-sea-garden-stool,Octavius and the Sea Garden Stool,Outdoor Chairs,275,USD,6,1,true,true,false,false,true,true,false,true,76,88,IMPORTED,REAL_EXTRACTED
lewpe,https://lewpe.com/products/alandroal-square-landscape-light,"Alandroal. Square Landscape Light, Aluminum",Landscape Pathway Lighting,137,USD,24,36,true,true,false,false,true,true,false,false,70,94,NORMALIZED,REAL_EXTRACTED
cozy-garden,https://thecozygarden.com/products/c122-1070726-solar-30-led-outdoor-waterproof-party-string-fairy-light-festival-ambience-lights,Solar 30 LED Outdoor Waterproof Party String Fairy Light Festival Ambience Lights,Lights & Lighting,36.81,USD,21,14,true,true,false,false,true,true,false,false,63,94,NORMALIZED,REAL_EXTRACTED
wall-panel-centre,https://thewallpanelcentre.co.uk/products/pastel-sandstone-hygienic-wall-cladding-pastel-colour,Pastel Sandstone Hygienic Wall Cladding PVC Sheet,Homepage > Back,74.41,GBP,1,2,true,true,false,false,true,true,false,true,70,100,DUPLICATE,REAL_EXTRACTED
lewpe,https://lewpe.com/products/monsaraz-mulberry-paper-table-lamp-handmade,"Monsaraz. Mulberry Paper Table Lamp, Handmade",Lamps,249.95,USD,24,72,true,true,false,false,true,true,false,false,70,94,NORMALIZED,REAL_EXTRACTED
cozy-garden,https://thecozygarden.com/products/a949-315694-garden-lamp-set-of-6-silver-pp-35x31x116-in-solar,"Solar LED Garden Lights 6 pcs 3.5""x3.1""x11.6",Outdoor Lighting,50.72,USD,16,1,true,true,false,false,true,true,false,true,68,100,NORMALIZED,REAL_EXTRACTED
lampenwelt,https://lampenwelt.de/p/buster-punch-exhaust-pendant-cross-grafit-schwarz-10023327.html,Buster+Punch Exhaust Pendant Cross grafit/schwarz,Lampen & Leuchten > Innenleuchten > Pendelleuchten & Hängelampen,324,EUR,13,0,true,true,false,false,true,true,true,false,65,100,NORMALIZED,REAL_EXTRACTED
wall-panel-centre,https://thewallpanelcentre.co.uk/products/wet-wall-joining-trim,Wet Wall Straight Joint,Homepage > Back,11.02,GBP,1,4,true,true,false,false,true,true,false,false,70,100,NORMALIZED,REAL_EXTRACTED
ferm-living,https://fermliving.com/products/eddy-vase-mirror-polished,Eddy Vase - Mirror Polished,Home > Eddy Vase - Mirror Polished,111.2,EUR,2,1,true,true,false,false,true,true,false,true,70,88,IMPORTED,REAL_EXTRACTED
lewpe,https://lewpe.com/products/guimaraes-wood-table-lamp-amber-glass-dome,"Guimarães. Wood Table Lamp, Walnut Finish, Amber Dome",Lamps,205.95,USD,13,16,true,true,false,false,true,true,false,false,70,94,NORMALIZED,REAL_EXTRACTED
wall-panel-centre,https://thewallpanelcentre.co.uk/products/wet-wall-silicone-sealant,Wet Wall Silicone Sealant,Homepage > Back,12.17,GBP,0,2,true,false,false,false,true,true,false,false,61,100,NORMALIZED,REAL_EXTRACTED
wall-panel-centre,https://thewallpanelcentre.co.uk/products/white-hygienic-cladding-small-external-corner,White Hygienic Cladding Small External Corner,Homepage > Back,5.4,GBP,1,2,true,false,false,false,true,true,false,false,70,100,NORMALIZED,REAL_EXTRACTED
wall-panel-centre,https://thewallpanelcentre.co.uk/products/wet-wall-internal-corner-trim,Wet Wall Internal Corner Joint,Homepage > Back,14.15,GBP,1,4,true,true,false,false,true,true,false,false,70,100,NORMALIZED,REAL_EXTRACTED
wall-panel-centre,https://thewallpanelcentre.co.uk/products/pastel-blue-starter-trim-for-hygienic-wall-cladding,Pastel Sky Blue Starter Trim for Hygienic Wall Cladding,Homepage > Back,6.6,GBP,1,1,true,false,false,false,true,true,false,false,64,100,NORMALIZED,REAL_EXTRACTED
wall-panel-centre,https://thewallpanelcentre.co.uk/products/white-hygienic-wall-cladding-external-angle,White Hygienic Wall Cladding External Angle,Homepage > Back,5.4,GBP,1,6,true,false,false,false,true,true,false,false,70,100,DUPLICATE,REAL_EXTRACTED
ferm-living,https://fermliving.com/products/flow-tea-pot-black,Flow Teapot - Black,Home > Flow Teapot - Black,60,EUR,2,3,true,true,false,false,true,true,false,true,70,88,NORMALIZED,REAL_EXTRACTED
wall-panel-centre,https://thewallpanelcentre.co.uk/products/pastel-blue-hygienic-wall-cladding-pastel-colour,Pastel Sky Blue Hygienic Wall Cladding PVC Sheet,Homepage > Back,67.9,GBP,1,2,true,true,false,false,true,true,false,true,70,100,DUPLICATE,REAL_EXTRACTED
wall-panel-centre,https://thewallpanelcentre.co.uk/products/pastel-grey-external-corner-joint-for-hygienic-wall-cladding,Pastel Grey External Corner Joint for Hygienic Wall Cladding,Homepage > Back,6.6,GBP,1,1,true,false,false,false,true,true,false,false,70,100,NORMALIZED,REAL_EXTRACTED
lewpe,https://lewpe.com/products/farol-pine-wood-wall-panel-block-mosaic,"Farol. Block Mosaic Wood Wall Panel, Pine Finish",Wall Paneling,85.95,USD,12,1,true,true,true,false,true,true,false,false,80,88,IMPORTED,REAL_EXTRACTED
wall-panel-centre,https://thewallpanelcentre.co.uk/products/pastel-mint-external-corner-joint-for-hygienic-wall-cladding,Pastel Mint External Corner Joint for Hygienic Wall Cladding,Homepage > Back,6.6,GBP,1,1,true,false,false,false,true,true,false,false,70,100,NORMALIZED,REAL_EXTRACTED
lewpe,https://lewpe.com/products/barcelos-bauhaus-glass-mini-pendant-light,Barcelos. Bauhaus Glass Mini Pendant Light,Lamps,93.95,USD,24,20,true,true,true,false,true,true,false,false,80,88,IMPORTED,REAL_EXTRACTED
wall-panel-centre,https://thewallpanelcentre.co.uk/products/pastel-clay-colour-match-silicone-310ml-tube,Pastel Clay Colour Match Silicone 310ml Tube,Homepage > Back,29.9,GBP,0,1,true,true,false,false,true,true,false,false,61,100,NORMALIZED,REAL_EXTRACTED
wall-panel-centre,https://thewallpanelcentre.co.uk/products/pastel-blue-colour-match-silicone-310ml-tube,Pastel Sky Blue Colour Match Silicone 310ml Tube,Homepage > Back,29.9,GBP,0,1,true,true,false,false,true,true,false,false,61,100,NORMALIZED,REAL_EXTRACTED
cozy-garden,https://thecozygarden.com/products/y829-1393137829362384924-solar-led-pathway-lights-outdoor-waterproof-garden-decor-lamp-for-patio-lawn-balcony-walkway-solar-lantern-z250610,Solar LED Pathway Lights Outdoor Waterproof Garden Decor Lamp For Patio Lawn Balcony Walkway Solar Lantern Z250610,Lawn Lamps,46.73,USD,3,1,true,false,false,false,true,true,false,false,63,100,NORMALIZED,REAL_EXTRACTED
cozy-garden,https://thecozygarden.com/products/y829-1411937509980774419-solar-icicle-string-lights-35m-led-waterproof-eaves-decor-light-outdoor-curtain-icicle-light-patio-yard-garden-party-decoration-x250801,Solar Icicle String Lights 3.5M LED Waterproof Eaves Decor Light Outdoor Curtain Icicle Light Patio Yard Garden Party Decoration X250801,LED Neon Sign,42.11,USD,3,1,true,false,false,false,true,true,false,false,63,100,NORMALIZED,REAL_EXTRACTED
lewpe,https://lewpe.com/products/ancora-plank-wood-wall-panel-cherry-or-walnut,"Âncora. Plank Wood Wall Panel, Cherry or Walnut",Wall Paneling,435.95,USD,19,4,true,true,true,false,true,true,false,false,86,88,IMPORTED,REAL_EXTRACTED
viridian-bay,https://viridianbay.com/products/white-trafitto-garden-seat,White Trafitto Garden Seat,Garden Stool,374,USD,3,1,true,true,false,false,true,true,false,true,71,100,NORMALIZED,REAL_EXTRACTED
cozy-garden,https://thecozygarden.com/products/a949-810768-planter-set-of-2-black-solid-pinewood-787x122x122-in,"Garden Planters 2 pcs Black 78.7""x12.2""x12.2"" Solid Wood Pine",Gardening,256.54,USD,20,1,true,true,false,false,true,true,false,true,74,88,NORMALIZED,REAL_EXTRACTED
ferm-living,https://fermliving.com/products/dryp-pillar-candle-h20-olive-green,Dryp Pillar Candle - Small - Olive Green,Home > Dryp Pillar Candle - Small - Olive Green,12,EUR,2,7,true,false,false,false,true,true,false,true,70,100,NORMALIZED,REAL_EXTRACTED
cozy-garden,https://thecozygarden.com/products/b593-hw63890-33-gallon-wooden-storage-bench-with-liner-for-patio-garden-porch,33 Gallon Wooden Storage Bench with Liner for Patio Garden Porch,Outdoor & Patio Furniture,209.48,USD,13,2,true,true,false,false,true,true,false,false,68,88,DUPLICATE,REAL_EXTRACTED
wall-panel-centre,https://thewallpanelcentre.co.uk/products/gloss-grape-green-starter-trim-for-hygienic-wall-cladding,Gloss Grape Green Starter Trim for Hygienic Wall Cladding,Homepage > Back,6.6,GBP,1,1,true,false,false,false,true,true,false,false,64,100,NORMALIZED,REAL_EXTRACTED
viridian-bay,https://viridianbay.com/products/peacock-feathers-garden-stool,Peacock Feathers Garden Stool,Outdoor Chairs,315.95,USD,10,1,true,true,false,false,true,true,false,true,76,88,IMPORTED,REAL_EXTRACTED
wall-panel-centre,https://thewallpanelcentre.co.uk/products/pastel-linen-external-corner-joint-for-hygienic-wall-cladding,Pastel Linen External Corner Joint for Hygienic Wall Cladding,Homepage > Back,6.6,GBP,1,1,true,true,false,false,true,true,false,false,70,100,NORMALIZED,REAL_EXTRACTED
wall-panel-centre,https://thewallpanelcentre.co.uk/products/pastel-green-colour-match-silicone-310ml-tube,Pastel Willow Green Colour Match Silicone 310ml Tube,Homepage > Back,29.9,GBP,0,1,true,true,false,false,true,true,false,false,61,100,NORMALIZED,REAL_EXTRACTED
ferm-living,https://fermliving.com/products/ombre-candles-set-of-24-khaki,Ombre Candles - Set of 24 - Khaki,Home > Ombre Candles - Set of 24 - Khaki,23.2,EUR,2,3,true,false,false,false,true,true,false,true,64,100,NORMALIZED,REAL_EXTRACTED
ferm-living,https://fermliving.com/products/soothe-4-candle-holder-aluminium,Soothe 4 Candle Holder - Aluminium,Home > Soothe 4 Candle Holder - Aluminium,36,EUR,2,3,true,true,false,false,true,true,false,true,70,100,DUPLICATE,REAL_EXTRACTED
wall-panel-centre,https://thewallpanelcentre.co.uk/products/pastel-sandstone-colour-match-silicone-310ml-tube,Pastel Sandstone Colour Match Silicone 310ml Tube,Homepage > Back,29.9,GBP,0,1,true,true,false,false,true,true,false,false,61,100,NORMALIZED,REAL_EXTRACTED
ferm-living,https://fermliving.com/products/soothe-4-candle-holder-brass-finish,Soothe 4 Candle Holder - Brass Finish,Home > Soothe 4 Candle Holder - Brass Finish,36,EUR,2,3,true,true,false,false,true,true,false,true,70,100,DUPLICATE,REAL_EXTRACTED
wall-panel-centre,https://thewallpanelcentre.co.uk/products/pastel-linen-external-corner-joint-for-hygienic-wall-cladding,Pastel Linen External Corner Joint for Hygienic Wall Cladding,Homepage > Back,6.6,GBP,1,1,true,true,false,false,true,true,false,false,70,100,NORMALIZED,REAL_EXTRACTED
lewpe,https://lewpe.com/products/amarante-cordless-led-mood-lamp-tap-activated,"Amarante. Cordless LED Mood Lamp, Tap-Activated",Lighting,30.95,USD,17,20,true,true,false,false,true,true,false,false,70,94,NORMALIZED,REAL_EXTRACTED
lewpe,https://lewpe.com/products/nisa-rechargeable-led-pivot-wall-sconce-360-mount,"Nisa. Rechargeable LED Pivot Wall Sconce, 360° Mount",Lighting,99.95,USD,15,6,true,true,false,false,true,true,false,false,70,94,NORMALIZED,REAL_EXTRACTED
wall-panel-centre,https://thewallpanelcentre.co.uk/products/gloss-avocado-green-hygienic-wall-cladding-gloss-colour,Gloss Avocado Green Hygienic Wall Cladding PVC Sheet,Homepage > Back,78.22,GBP,1,2,true,true,false,false,true,true,false,true,70,100,DUPLICATE,REAL_EXTRACTED
cozy-garden,https://thecozygarden.com/products/e415-zzbhz1pcs120z3706001v0-crop-cage-95-x-636-x-636-ft-plant-protection-tent-with-zippered-door-wind-resistant-tall-crop-cage-easy-to-install-outdoor-raised-bed-cover-tomato-plant-netting-for-garden-patio-lawn,"Crop Cage, 9.5 x 6.36 x 6.36 ft Plant Protection Tent with Zippered Door, Wind-Resistant Tall Crop Cage, Easy to Install, Outdoor Raised Bed Cover, Tomato Plant Netting for Garden Patio Lawn",Plant Support,128.11,USD,22,1,true,true,false,false,true,true,false,false,74,88,NORMALIZED,REAL_EXTRACTED
viridian-bay,https://viridianbay.com/products/pergamena-tall-oil-lantern,Pergamena Tall Oil Lantern,Lighting,62.95,USD,6,1,true,true,false,false,true,true,false,true,65,100,NORMALIZED,REAL_EXTRACTED
lewpe,https://lewpe.com/products/guarda-minimalist-aluminum-wall-sconce-flat-2-light-led,Guarda. Minimalist Aluminum 2-Light LED Wall Sconce,Wall Light Fixtures,61.95,USD,13,20,true,true,true,false,true,true,false,false,80,88,IMPORTED,REAL_EXTRACTED
lewpe,https://lewpe.com/products/chaves-led-flush-mount-ceiling-light-walnut-finish,"Chaves. LED Flush Mount Ceiling Light, Walnut Finish",Lighting,525.95,USD,9,48,true,true,true,false,true,true,false,false,70,94,NORMALIZED,REAL_EXTRACTED
cozy-garden,https://thecozygarden.com/products/e415-bxsrqhk19ycba36r1v0-propane-fire-pit-19-inch-diameter-outdoor-portable-gas-fire-pit-with-cover-lava-rocks-adjustable-flame-height-camping-firepit-for-heating-lighting-gathering-58000-btu-black,"Propane Fire Pit, 19-Inch Diameter Outdoor Portable Gas Fire Pit with Cover & Lava Rocks, Adjustable Flame Height Camping Firepit for Heating, Lighting, Gathering, 58,000 BTU, Black",Fire Pits,149.7,USD,6,1,true,true,false,false,true,true,false,false,63,100,NORMALIZED,REAL_EXTRACTED
wall-panel-centre,https://thewallpanelcentre.co.uk/products/pastel-cream-starter-trim-for-hygienic-wall-cladding,Pastel Cream Starter Trim for Hygienic Wall Cladding,Homepage > Back,6.6,GBP,1,1,true,false,false,false,true,true,false,false,64,100,NORMALIZED,REAL_EXTRACTED
wall-panel-centre,https://thewallpanelcentre.co.uk/products/pastel-linen-hygienic-wall-cladding-pastel-colour,Pastel Linen Hygienic Wall Cladding PVC Sheet,Homepage > Back,74.41,GBP,1,2,true,true,false,false,true,true,false,true,70,100,DUPLICATE,REAL_EXTRACTED
ferm-living,https://fermliving.com/products/tydra-bowl-h10-mirror-polished,Tydra Bowl - Large - Mirror Polished,Home > Tydra Bowl - Large - Mirror Polished,55.2,EUR,2,1,true,true,false,false,true,true,false,true,64,100,NORMALIZED,REAL_EXTRACTED
wall-panel-centre,https://thewallpanelcentre.co.uk/products/pastel-cream-external-corner-joint-for-hygienic-wall-cladding,Pastel Cream External Corner Joint for Hygienic Wall Cladding,Homepage > Back,6.6,GBP,1,1,true,false,false,false,true,true,false,false,70,100,NORMALIZED,REAL_EXTRACTED
wall-panel-centre,https://thewallpanelcentre.co.uk/products/white-hygienic-wall-cladding-internal-angle,White Hygienic Wall Cladding Internal Angle,Homepage > Back,5.4,GBP,1,6,true,false,false,false,true,true,false,false,70,100,NORMALIZED,REAL_EXTRACTED
cozy-garden,https://thecozygarden.com/products/a949-145658-gabion-planter-silver-steel-wire-1024-x-157-x-157-in,"H-Shaped Gabion Planter Steel Wire 102.4""x15.7""x15.7""",Gardening,106.69,USD,12,1,true,true,false,false,true,true,false,true,63,100,NORMALIZED,REAL_EXTRACTED
viridian-bay,https://viridianbay.com/products/short-swirling-feathers-lantern-bronze-verdi-or-white-finish,Swirling Feathers Lantern Short,Candle Holders,123.95,USD,7,4,true,true,false,false,true,true,false,true,76,88,IMPORTED,REAL_EXTRACTED
wall-panel-centre,https://thewallpanelcentre.co.uk/products/white-external-corner-joint-for-hygienic-wall-cladding,Satin White External Corner Joint for Hygienic Wall Cladding,Homepage > Back,4.2,GBP,1,2,true,false,false,false,true,true,false,false,70,100,NORMALIZED,REAL_EXTRACTED
wall-panel-centre,https://thewallpanelcentre.co.uk/products/pastel-linen-starter-trim-for-hygienic-wall-cladding,Pastel Linen Starter Trim for Hygienic Wall Cladding,Homepage > Back,6.6,GBP,1,1,true,true,false,false,true,true,false,false,64,100,NORMALIZED,REAL_EXTRACTED
wall-panel-centre,https://thewallpanelcentre.co.uk/products/panel-adhesive-290ml-tube,Premierbond HT Adhesive 290ml Tube,Homepage > Back,5.99,GBP,1,1,true,true,false,false,true,true,false,false,70,100,NORMALIZED,REAL_EXTRACTED
wall-panel-centre,https://thewallpanelcentre.co.uk/products/gloss-lime-green-colour-match-silicone-310ml-tube,Gloss Lime Green Colour Match Silicone 310ml Tube,Homepage > Back,29.9,GBP,0,1,true,true,false,false,true,true,false,false,61,100,NORMALIZED,REAL_EXTRACTED
wall-panel-centre,https://thewallpanelcentre.co.uk/products/pastel-duck-egg-external-corner-joint-for-hygienic-wall-cladding,Pastel Duck Egg External Corner Joint for Hygienic Wall Cladding,Homepage > Back,6.6,GBP,1,1,true,false,false,false,true,true,false,false,70,100,NORMALIZED,REAL_EXTRACTED
wall-panel-centre,https://thewallpanelcentre.co.uk/products/pastel-duck-egg-starter-trim-for-hygienic-wall-cladding,Pastel Duck Egg Starter Trim for Hygienic Wall Cladding,Homepage > Back,6.6,GBP,1,1,true,false,false,false,true,true,false,false,64,100,NORMALIZED,REAL_EXTRACTED
ferm-living,https://fermliving.com/products/vitto-scented-candle-h12-dark-grape,Vitto Scented Candle - Large - Dark Grape,Home > Vitto Scented Candle - Large - Dark Grape,47.2,EUR,2,3,true,true,false,false,true,true,false,true,70,100,NORMALIZED,REAL_EXTRACTED
viridian-bay,https://viridianbay.com/products/grande-ambra-vase,Grande Ambra Vase - LAST CHANCE,Vases,38.97,USD,6,1,true,true,false,false,true,true,false,true,70,88,NORMALIZED,REAL_EXTRACTED
wall-panel-centre,https://thewallpanelcentre.co.uk/products/gloss-blue-straight-joint-trim-for-hygienic-wall-cladding,Gloss Blue Lagoon Straight Joint Trim for Hygienic Wall Cladding,Homepage > Back,6.6,GBP,1,1,true,false,false,false,true,true,false,false,64,100,NORMALIZED,REAL_EXTRACTED
lewpe,https://lewpe.com/products/portalegre-yellow-glass-semi-flush-ceiling-light,Portalegre. Yellow Glass Semi-Flush Ceiling Light,Lighting,177.95,USD,17,8,true,true,true,false,true,true,false,false,80,88,IMPORTED,REAL_EXTRACTED
lewpe,https://lewpe.com/products/alvor-up-and-down-plug-in-wall-sconce-painted-metal,"Alvor. Up-and-Down Plug-in Wall Sconce, Painted Metal",Lighting,150.95,USD,24,20,true,true,false,false,true,true,false,false,70,88,IMPORTED,REAL_EXTRACTED
lewpe,https://lewpe.com/products/piodao-oblong-alabaster-wall-sconce-plug-in-metal,"Piódão. Oblong Alabaster Wall Sconce, Plug-in Metal",Wall Light Fixtures,202.95,USD,15,12,true,true,true,false,true,true,false,false,70,94,NORMALIZED,REAL_EXTRACTED
ferm-living,https://fermliving.com/products/dryp-pillar-candle-h20-tea-green,Dryp Pillar Candle - Small - Tea Green,Home > Dryp Pillar Candle - Small - Tea Green,12,EUR,2,7,true,false,false,false,true,true,false,true,70,100,NORMALIZED,REAL_EXTRACTED
viridian-bay,https://viridianbay.com/products/bronze-garden-edging,Alloro Garden Edging,Trellises,68,USD,8,1,true,true,false,false,true,true,false,true,71,100,NORMALIZED,REAL_EXTRACTED
viridian-bay,https://viridianbay.com/products/under-the-sea-garden-stool,Under The Sea Garden Stool,Table & Bar Stools,275,USD,10,4,true,true,false,false,true,true,false,true,76,88,IMPORTED,REAL_EXTRACTED
ferm-living,https://fermliving.com/products/gradia-candle-holder-square-clear,Gradia Candle Holder - Square - Clear,Home > Gradia Candle Holder - Square - Clear,79.2,EUR,2,1,true,true,false,false,true,true,false,true,70,100,NORMALIZED,REAL_EXTRACTED
ferm-living,https://fermliving.com/products/twill-cushion-cover-rectangular-cashmere-black,Twill Cushion Cover - Rectangular - Cashmere/Black,Home > Twill Cushion Cover - Rectangular - Cashmere/Black,55.2,EUR,2,3,true,true,false,false,true,true,false,true,70,100,NORMALIZED,REAL_EXTRACTED
viridian-bay,https://viridianbay.com/products/costazul-teapot,Costazul Teapot - LAST CHANCE,Home & Garden,5.97,USD,5,1,true,true,false,false,true,true,false,true,71,100,NORMALIZED,REAL_EXTRACTED
viridian-bay,https://viridianbay.com/products/alto-chartreuse-vase,Alto Chartreuse Vase - LAST CHANCE,Vases,42.97,USD,5,1,true,true,false,false,true,true,false,true,65,100,NORMALIZED,REAL_EXTRACTED
ferm-living,https://fermliving.com/products/jot-cushion-aged-gold,Jot Cushion - Aged Gold,Home > Jot Cushion - Aged Gold,63.2,EUR,2,4,true,true,false,false,true,true,false,true,70,100,NORMALIZED,REAL_EXTRACTED
ferm-living,https://fermliving.com/products/twill-cushion-cover-rectangular-cashmere-black,Twill Cushion Cover - Rectangular - Cashmere/Black,Home > Twill Cushion Cover - Rectangular - Cashmere/Black,55.2,EUR,2,3,true,true,false,false,true,true,false,true,70,100,NORMALIZED,REAL_EXTRACTED
lewpe,https://lewpe.com/products/braganca-disc-and-globe-glass-pendant-light,"Bragança. Disc and Globe Pendant Light, Glass",Pendants,115.95,USD,24,20,true,true,true,false,true,true,false,false,80,88,NORMALIZED,REAL_EXTRACTED
lewpe,https://lewpe.com/products/vela-oak-slat-wall-panel-2-pack-vertical,"Vela. Oak Slat Wall Panel, 2-Pack Vertical",Wall Paneling,360,USD,24,10,true,true,true,false,true,true,false,false,76,94,NORMALIZED,REAL_EXTRACTED
ferm-living,https://fermliving.com/products/swif-bird-embroidered-cushion-cover-rectangular-multi,Swif Bird Embroidered Cushion Cover - Rectangular - Multi,Home > Swif Bird Embroidered Cushion Cover - Rectangular - Multi,47.2,EUR,2,1,true,true,false,false,true,true,false,true,64,88,NORMALIZED,REAL_EXTRACTED
viridian-bay,https://viridianbay.com/products/blue-trafitto-garden-seat,Blue Trafitto Garden Seat,Outdoor Seating,385,USD,3,1,true,true,false,false,true,true,false,true,71,100,NORMALIZED,REAL_EXTRACTED
viridian-bay,https://viridianbay.com/products/starry-night-garden-edging,Starry Night Garden Edging,Home & Garden,135,USD,10,1,true,true,false,false,true,true,false,true,76,88,IMPORTED,REAL_EXTRACTED
lewpe,https://lewpe.com/products/mirandela-globe-adjustable-wall-sconce-walnut-accent,"Mirandela. Globe Adjustable Wall Sconce, Walnut Accent",Lighting,315.95,USD,19,20,true,true,true,false,true,true,false,false,80,88,IMPORTED,REAL_EXTRACTED
cozy-garden,https://thecozygarden.com/products/a949-46721-mosaic-fire-pit-black-and-white-268-ceramic,"Mosaic Fire Pit Black and White 26.8"" Ceramic",Fireplaces,79.2,USD,20,1,true,true,false,false,true,true,false,true,74,100,NORMALIZED,REAL_EXTRACTED
wall-panel-centre,https://thewallpanelcentre.co.uk/products/gloss-blue-straight-joint-trim-for-hygienic-wall-cladding,Gloss Blue Lagoon Straight Joint Trim for Hygienic Wall Cladding,Homepage > Back,6.6,GBP,1,1,true,false,false,false,true,true,false,false,64,100,NORMALIZED,REAL_EXTRACTED
lewpe,https://lewpe.com/products/almeida-wavy-aluminum-outdoor-wall-sconce-up-down-led,"Almeida. Wavy Aluminum Outdoor Wall Light, Up-Down LED",Lighting,100.95,USD,21,48,true,true,false,false,true,true,false,false,70,94,NORMALIZED,REAL_EXTRACTED
viridian-bay,https://viridianbay.com/products/ming-dragon-hurricane-candle-holder,Ming Dragon Hurricane Candle Holder,Candle Holders,96.95,USD,6,1,true,true,false,false,true,true,false,true,65,100,NORMALIZED,REAL_EXTRACTED
viridian-bay,https://viridianbay.com/products/gray-moderno-garden-seat,Gray Moderno Garden Seat,Garden Stool,374,USD,3,1,true,true,false,false,true,true,false,true,71,100,NORMALIZED,REAL_EXTRACTED
ferm-living,https://fermliving.com/products/harbour-hook-fish-stripe-baked-clay-light-celedon,Harbour Hook - Fish Stripe - Baked Clay/Light Celedon,Home > Harbour Hook - Fish Stripe - Baked Clay/Light Celedon,23.2,EUR,2,1,true,true,false,false,true,true,false,true,64,100,NORMALIZED,REAL_EXTRACTED
cozy-garden,https://thecozygarden.com/products/y829-1405789993897799699-solar-floating-pool-lights-color-changing-ip65-waterproof-swimming-pool-lights-with-remote-9-lighting-modes-floating-light-x250715,Solar Floating Pool Lights Color Changing IP65 Waterproof Swimming Pool Lights With Remote 9 Lighting Modes Floating Light X250715,LED Multi-functional Lights,79.73,USD,3,1,true,false,false,false,true,true,false,false,63,100,NORMALIZED,REAL_EXTRACTED
viridian-bay,https://viridianbay.com/products/hanging-birds-nest-bird-feeder-and-planter,Hanging Bird's Nest Bird Feeder and Planter,Home & Garden,63.95,USD,7,1,true,true,false,false,true,true,false,true,76,88,IMPORTED,REAL_EXTRACTED
ferm-living,https://fermliving.com/products/virelle-vase-h24-clear,Virelle Vase - Large - Clear,Home > Virelle Vase - Large - Clear,159.2,EUR,2,1,true,true,false,false,true,true,false,true,70,100,NORMALIZED,REAL_EXTRACTED
viridian-bay,https://viridianbay.com/products/orange-urna-garden-seat,Orange Urna Garden Seat,Furniture,399,USD,3,1,true,true,false,false,true,true,false,true,71,100,NORMALIZED,REAL_EXTRACTED
viridian-bay,https://viridianbay.com/products/pesce-planter,Pesce Planter,Planters,89,USD,5,1,true,true,false,false,true,true,false,true,71,100,NORMALIZED,REAL_EXTRACTED
viridian-bay,https://viridianbay.com/products/damask-lace-teapot,Damask Lace Teapot - LAST CHANCE,Serveware,14.97,USD,4,1,true,true,false,false,true,true,false,true,71,100,NORMALIZED,REAL_EXTRACTED
lewpe,https://lewpe.com/products/peniche-hemp-rope-glass-globe-pendant-light,Peniche. Hemp Rope Glass Globe Pendant Light,Pendants,106.95,USD,13,16,true,true,false,false,true,true,false,false,70,94,NORMALIZED,REAL_EXTRACTED
wall-panel-centre,https://thewallpanelcentre.co.uk/products/pastel-grey-starter-trim-for-hygienic-wall-cladding,Pastel Grey Starter Trim for Hygienic Wall Cladding,Homepage > Back,6.6,GBP,1,1,true,false,false,false,true,true,false,false,64,100,NORMALIZED,REAL_EXTRACTED
lewpe,https://lewpe.com/products/alge-hanging-glass-ceiling-light,"Alge. Hanging Glass Ceiling Light, Iron",Pendant Light Fixtures,338,USD,24,20,true,true,true,false,true,true,false,false,80,88,IMPORTED,REAL_EXTRACTED
lewpe,https://lewpe.com/products/tavira-modern-wooden-table-lamp-fabric-shade,"Tavira. Modern Wooden Table Lamp, Fabric Shade",Lamps,177.95,USD,17,20,true,true,false,false,true,true,false,false,70,88,IMPORTED,REAL_EXTRACTED
cozy-garden,https://thecozygarden.com/products/e415-fgdfj37jl000eyx7cv0-compost-bin-37-gal-dual-chamber-composting-tumbler-high-volume-two-rotating-chambers-with-2-sliding-door-and-steel-frame-bpa-free-composter-bin-tumbler-for-garden-kitchen-yard-outdoor,"Compost Bin, 37-Gal Dual Chamber Composting Tumbler, High Volume Two Rotating Chambers with 2 Sliding Door and Steel Frame, BPA Free Composter Bin Tumbler for Garden, Kitchen, Yard, Outdoor",Composters,104.12,USD,3,1,true,true,false,false,true,true,false,false,74,88,NORMALIZED,REAL_EXTRACTED
cozy-garden,https://thecozygarden.com/products/k484-fqzle1u4f7okr-004w-led-christmas-string-light-8-lighting-modes-ip44-waterproof-outdoor-decorative-lights-for-garden-yard-decoration-35-x-05m-wavy-shape-warm-color,0.04w LED Christmas String Light 8 Lighting Modes IP44 Waterproof Outdoor Decorative Lights For Garden Yard Decoration 3.5 x 0.5m wavy shape warm color,Christmas Decoration,17.13,USD,24,1,true,true,false,false,true,true,false,false,63,100,NORMALIZED,REAL_EXTRACTED
wall-panel-centre,https://thewallpanelcentre.co.uk/products/pastel-mint-straight-joint-trim-for-hygienic-wall-cladding,Pastel Mint Straight Joint Trim for Hygienic Wall Cladding,Homepage > Back,6.6,GBP,1,1,true,false,false,false,true,true,false,false,64,100,NORMALIZED,REAL_EXTRACTED
cozy-garden,https://thecozygarden.com/products/y829-1483599958544326673-solar-powered-outdoor-garden-dragon-statue-lovely-meditation-resin-crafts-home-and-garden-decoration-sculpture-260205,Solar Powered Outdoor Garden Dragon Statue Lovely Meditation Resin Crafts Home and Garden Decoration Sculpture 260205,Garden Decorations,34.6,USD,3,1,true,false,false,false,true,true,false,false,69,100,NORMALIZED,REAL_EXTRACTED
wall-panel-centre,https://thewallpanelcentre.co.uk/products/gloss-grape-green-colour-match-silicone-310ml-tube,Gloss Grape Green Colour Match Silicone 310ml Tube,Homepage > Back,29.9,GBP,0,1,true,true,false,false,true,true,false,false,61,100,NORMALIZED,REAL_EXTRACTED
lewpe,https://lewpe.com/products/mindelo-pink-glass-multi-head-pendant-light,Mindelo. Pink Glass Multi-Head Pendant Light,Lamps,253.95,USD,24,24,true,true,true,false,true,true,false,false,70,94,NORMALIZED,REAL_EXTRACTED
wall-panel-centre,https://thewallpanelcentre.co.uk/products/pastel-clay-starter-trim-for-hygienic-wall-cladding,Pastel Clay Starter Trim for Hygienic Wall Cladding,Homepage > Back,6.6,GBP,1,1,true,true,false,false,true,true,false,false,64,100,NORMALIZED,REAL_EXTRACTED
ferm-living,https://fermliving.com/products/lancet-mirror-travertine,Lancet Mirror - Travertine,Home > Lancet Mirror - Travertine,479.2,EUR,2,1,true,true,false,false,true,true,false,true,64,100,NORMALIZED,REAL_EXTRACTED
cozy-garden,https://thecozygarden.com/products/y829-1478828297562226701-alice-in-wonderland-statue-caterpillar-rabbit-sculpture-home-room-garden-decoration-26l0202,"Alice In Wonderland Statue - Caterpillar Rabbit Sculpture, Home Room & Garden Decoration 26L0202",Garden Decorations,32.52,USD,3,1,true,false,false,false,true,true,false,false,69,100,NORMALIZED,REAL_EXTRACTED
wall-panel-centre,https://thewallpanelcentre.co.uk/products/pastel-green-straight-joint-trim-for-hygienic-wall-cladding,Pastel Willow Green Straight Joint Trim for Hygienic Wall Cladding,Homepage > Back,6.6,GBP,1,1,true,false,false,false,true,true,false,false,64,100,NORMALIZED,REAL_EXTRACTED
ferm-living,https://fermliving.com/products/dryp-pillar-candle-h30-dark-chocolate,Dryp Pillar Candle - Large - Dark Chocolate,Home > Dryp Pillar Candle - Large - Dark Chocolate,15.2,EUR,2,7,true,false,false,false,true,true,false,true,70,100,NORMALIZED,REAL_EXTRACTED
ferm-living,https://fermliving.com/products/dryp-pillar-candle-h20-deep-blue,Dryp Pillar Candle - Small - Deep Blue,Home > Dryp Pillar Candle - Small - Deep Blue,12,EUR,2,7,true,false,false,false,true,true,false,true,70,100,NORMALIZED,REAL_EXTRACTED
wall-panel-centre,https://thewallpanelcentre.co.uk/products/pastel-sandstone-colour-match-silicone-310ml-tube,Pastel Sandstone Colour Match Silicone 310ml Tube,Homepage > Back,29.9,GBP,0,1,true,true,false,false,true,true,false,false,61,100,NORMALIZED,REAL_EXTRACTED
ferm-living,https://fermliving.com/products/burren-block-candle-large-bronze,Burren Block Candle - Large - Bronze,Home > Burren Block Candle - Large - Bronze,36,EUR,2,1,true,false,false,false,true,true,false,true,70,100,NORMALIZED,REAL_EXTRACTED
ferm-living,https://fermliving.com/products/gradia-candle-holder-round-clear,Gradia Candle Holder - Round - Clear,Home > Gradia Candle Holder - Round - Clear,31.2,EUR,2,1,true,true,false,false,true,true,false,true,64,100,NORMALIZED,REAL_EXTRACTED
ferm-living,https://fermliving.com/products/tydra-bowl-h10-mirror-polished,Tydra Bowl - Large - Mirror Polished,Home > Tydra Bowl - Large - Mirror Polished,55.2,EUR,2,1,true,true,false,false,true,true,false,true,64,100,NORMALIZED,REAL_EXTRACTED
ferm-living,https://fermliving.com/products/orbelle-etagere-mirror-polished,Orbelle Etagere - Mirror Polished,Home > Orbelle Etagere - Mirror Polished,119.2,EUR,2,1,true,true,false,false,true,true,false,true,64,100,NORMALIZED,REAL_EXTRACTED
cozy-garden,https://thecozygarden.com/products/k290-19946121157-light-color-warm-white-solar-cherry-blossom-lights-all-weatherproof,Light Color: WARM WHITE - Solar Cherry Blossom Lights All Weatherproof,led light,24.17,USD,3,1,true,false,false,false,true,true,false,true,63,100,NORMALIZED,REAL_EXTRACTED
cozy-garden,https://thecozygarden.com/products/y829-1443291828319178772-solar-garden-outdoor-statues-angel-with-succulent-and-7-led-lights-lawn-decor-figurine-for-patio-balcony-yard-250703,Solar Garden Outdoor Statues Angel with Succulent and 7 LED Lights Lawn Decor Figurine for Patio Balcony Yard 250703,Home Accents,45.82,USD,3,1,true,false,false,false,true,true,false,false,63,100,NORMALIZED,REAL_EXTRACTED
ferm-living,https://fermliving.com/products/dryp-pillar-candle-h20-dark-chocolate,Dryp Pillar Candle - Small - Dark Chocolate,Home > Dryp Pillar Candle - Small - Dark Chocolate,12,EUR,2,7,true,false,false,false,true,true,false,true,70,100,NORMALIZED,REAL_EXTRACTED
cozy-garden,https://thecozygarden.com/products/b593-np11608-62-feet-tall-patio-garden-arbor-with-pergola-and-2-seat-bench-for-garden-lawn-backyard-decoration-yellow,6.2 Feet Tall Patio Garden Arbor with Pergola and 2-Seat Bench for Garden Lawn Backyard Decoration-Yellow,Garden,196.48,USD,11,2,true,true,false,false,true,true,false,false,69,94,NORMALIZED,REAL_EXTRACTED
ferm-living,https://fermliving.com/products/vitto-scented-candle-h12-light-celedon,Vitto Scented Candle - Large - Light Celedon,Home > Vitto Scented Candle - Large - Light Celedon,47.2,EUR,2,3,true,true,false,false,true,true,false,true,64,100,NORMALIZED,REAL_EXTRACTED
ferm-living,https://fermliving.com/products/stagger-shelf-square-oiled-oak,Stagger Shelf - Square - Oiled Oak,Home > Stagger Shelf - Square - Oiled Oak,87.2,EUR,2,1,true,true,false,false,true,true,false,true,64,100,NORMALIZED,REAL_EXTRACTED
ferm-living,https://fermliving.com/products/stagger-shelf-low-oiled-oak,Stagger Shelf - Low - Oiled Oak,Home > Stagger Shelf - Low - Oiled Oak,71.2,EUR,2,1,true,true,false,false,true,true,false,true,64,100,NORMALIZED,REAL_EXTRACTED
ferm-living,https://fermliving.com/products/strand-outdoor-cushion-cover-sand-off-white,Strand Outdoor Cushion Cover - Sand/Off-White,Home > Strand Outdoor Cushion Cover - Sand/Off-White,36,EUR,2,8,true,true,false,false,true,true,false,true,64,100,NORMALIZED,REAL_EXTRACTED
lewpe,https://lewpe.com/products/atalaia-wood-mosaic-wall-panel-walnut-finish,"Atalaia. Wood Mosaic Wall Panel, Walnut Finish",Wall Paneling,80,USD,9,6,true,true,true,false,true,true,false,false,70,94,NORMALIZED,REAL_EXTRACTED
ferm-living,https://fermliving.com/products/strand-outdoor-cushion-cover-sand,Strand Outdoor Cushion Cover - Sand,Home > Strand Outdoor Cushion Cover - Sand,36,EUR,2,8,true,true,false,false,true,true,false,true,64,100,NORMALIZED,REAL_EXTRACTED
lewpe,https://lewpe.com/products/sagres-rotating-cone-floor-lamp-marble-base,"Sagres. Rotating Cone Floor Lamp, Marble Base",Floor Lamps,270.95,USD,23,16,true,true,false,false,true,true,false,false,70,94,NORMALIZED,REAL_EXTRACTED
ferm-living,https://fermliving.com/products/strand-outdoor-cushion-cover-sand,Strand Outdoor Cushion Cover - Sand,Home > Strand Outdoor Cushion Cover - Sand,36,EUR,2,8,true,true,false,false,true,true,false,true,64,100,NORMALIZED,REAL_EXTRACTED
ferm-living,https://fermliving.com/products/strand-outdoor-cushion-cover-sand-off-white,Strand Outdoor Cushion Cover - Sand/Off-White,Home > Strand Outdoor Cushion Cover - Sand/Off-White,36,EUR,2,8,true,true,false,false,true,true,false,true,64,100,NORMALIZED,REAL_EXTRACTED
ferm-living,https://fermliving.com/products/alas-bowl-large-moss-green,Alas Bowl - Large - Moss Green,Home > Alas Bowl - Large - Moss Green,119.2,EUR,2,1,true,true,false,false,true,true,false,true,70,100,NORMALIZED,REAL_EXTRACTED
ferm-living,https://fermliving.com/products/dase-cushion-hallingdal-beige,Dase Cushion - Hallingdal - Beige,Home > Dase Cushion - Hallingdal - Beige,159.2,EUR,2,1,true,true,false,false,true,true,false,true,70,100,NORMALIZED,REAL_EXTRACTED
cozy-garden,https://thecozygarden.com/products/a949-44471-solar-lamp-set-of-3-black-polypropylene-standard-solar,Outdoor Solar Lamps 3 pcs LED Black,Outdoor Lighting,66.89,USD,20,1,true,false,false,false,true,true,false,true,68,100,NORMALIZED,REAL_EXTRACTED
cozy-garden,https://thecozygarden.com/products/k290-19945913349-spotlight-solar-wall-light-in-lattice-design,Spotlight Solar Wall Light In Lattice Design,solar lights,20.67,USD,3,1,true,true,false,false,true,true,false,true,63,100,NORMALIZED,REAL_EXTRACTED
ferm-living,https://fermliving.com/products/dase-cushion-rich-velvet-soft-brown,Dase Cushion - Rich Velvet - Soft Brown,Home > Dase Cushion - Rich Velvet - Soft Brown,95.2,EUR,2,3,true,true,false,false,true,true,false,true,70,100,NORMALIZED,REAL_EXTRACTED
ferm-living,https://fermliving.com/products/dase-cushion-tonus-off-white,Dase Cushion - Tonus - Off-white,Home > Dase Cushion - Tonus - Off-white,140,EUR,2,3,true,true,false,false,true,true,false,true,70,100,NORMALIZED,REAL_EXTRACTED
ferm-living,https://fermliving.com/products/dase-cushion-hallingdal-beige,Dase Cushion - Hallingdal - Beige,Home > Dase Cushion - Hallingdal - Beige,159.2,EUR,2,1,true,true,false,false,true,true,false,true,70,100,NORMALIZED,REAL_EXTRACTED
cozy-garden,https://thecozygarden.com/products/y829-1438744670365724685-mushroom-house-mini-resin-outdoor-decoration-fairy-tale-garden-flower-pot-craft-home-decoration-garden-decoration-250424,Mushroom House Mini Resin Outdoor Decoration Fairy Tale Garden Flower Pot Craft Home Decoration Garden Decoration 250424,Garden Decorations,35.29,USD,3,1,true,false,false,false,true,true,false,false,69,100,NORMALIZED,REAL_EXTRACTED
lewpe,https://lewpe.com/products/marvao-mid-century-multi-arm-ceiling-light-brass,"Marvão. Mid-Century Multi-Arm Ceiling Light, Brass",Lighting,495.95,USD,24,8,true,true,true,false,true,true,false,false,70,94,NORMALIZED,REAL_EXTRACTED
cozy-garden,https://thecozygarden.com/products/k290-19945913349-spotlight-solar-wall-light-in-lattice-design,Spotlight Solar Wall Light In Lattice Design,solar lights,20.67,USD,3,1,true,true,false,false,true,true,false,true,63,100,NORMALIZED,REAL_EXTRACTED
viridian-bay,https://viridianbay.com/products/rouleau-six-pane-lantern,Rouleau Six Pane Lantern,Candle Holders,151.95,USD,7,1,true,true,false,false,true,true,false,true,65,100,NORMALIZED,REAL_EXTRACTED
wall-panel-centre,https://thewallpanelcentre.co.uk/products/gloss-lime-green-internal-corner-joint-for-hygienic-wall-cladding,Gloss Lime Green Internal Corner Joint for Hygienic Wall Cladding,Homepage > Back,6.6,GBP,1,1,true,false,false,false,true,true,false,false,70,100,NORMALIZED,REAL_EXTRACTED
wall-panel-centre,https://thewallpanelcentre.co.uk/products/gloss-avocado-green-colour-match-silicone-310ml-tube,Gloss Avocado Green Colour Match Silicone 310ml Tube,Homepage > Back,29.9,GBP,0,1,true,true,false,false,true,true,false,false,61,100,NORMALIZED,REAL_EXTRACTED
viridian-bay,https://viridianbay.com/products/jade-fretwork-teapot,Jade Fretwork Teapot - LAST CHANCE,Serveware,10.97,USD,4,1,true,true,false,false,true,true,false,true,71,100,NORMALIZED,REAL_EXTRACTED
ferm-living,https://fermliving.com/products/dase-cushion-cotton-linen-natural,Dase Cushion - Cotton Linen - Natural,Home > Dase Cushion - Cotton Linen - Natural,76,EUR,2,1,true,true,false,false,true,true,false,true,70,100,NORMALIZED,REAL_EXTRACTED
lewpe,https://lewpe.com/products/funchal-slim-rgb-led-floor-lamp-corner-mount,"Funchal. Slim RGB LED Floor Lamp, Corner Mount",Lamps,230.95,USD,15,4,true,true,true,false,true,true,false,false,70,94,NORMALIZED,REAL_EXTRACTED
ferm-living,https://fermliving.com/products/twill-cushion-off-white-black,Twill Cushion - Off-White/Black,Home > Twill Cushion - Off-White/Black,60,EUR,2,3,true,true,false,false,true,true,false,true,70,100,NORMALIZED,REAL_EXTRACTED
lewpe,https://lewpe.com/products/horta-hand-blown-glass-pendant-light,Horta. Hand-Blown Glass Pendant Light,Lighting,215.95,USD,24,32,true,true,false,false,true,true,false,false,70,94,NORMALIZED,REAL_EXTRACTED
lewpe,https://lewpe.com/products/benavente-standing-floor-lamp,"Benavente. Standing Floor Lamp, Chrome and Acrylic",Floor Lamp,256,USD,23,48,true,true,false,false,true,true,false,false,70,94,NORMALIZED,REAL_EXTRACTED
lewpe,https://lewpe.com/products/alandroal-square-landscape-light,"Alandroal. Square Landscape Light, Aluminum",Landscape Pathway Lighting,137,USD,24,36,true,true,false,false,true,true,false,false,70,94,NORMALIZED,REAL_EXTRACTED
cozy-garden,https://thecozygarden.com/products/a949-148882-pool-fountain-silver-stainless-steel-304-medium-decorative-inlays,"Pool Fountain 8.7""x23.6""x27.6"" Stainless Steel 304",Fountains & Ponds,374.9,USD,18,1,true,true,false,false,true,true,false,true,68,100,NORMALIZED,REAL_EXTRACTED
lewpe,https://lewpe.com/products/alfusqueiro-lantern-sconce-wood,"Alfusqueiro. Lantern Sconce, Wood",Wall Light Fixtures,219,USD,17,4,true,true,false,false,true,true,false,false,70,94,NORMALIZED,REAL_EXTRACTED
lewpe,https://lewpe.com/products/alva-collapsible-lamp,"Alva. Collapsible Portable Lamp, Plastic",Lamps,122,USD,13,4,true,true,false,false,true,true,false,false,70,94,NORMALIZED,REAL_EXTRACTED
lewpe,https://lewpe.com/products/alcacer-box-outdoor-light-metal,"Alcácer. Box Outdoor Light, Solar or Hardwired",Landscape Pathway Lighting,185,USD,17,32,true,true,false,false,true,true,false,false,70,94,NORMALIZED,REAL_EXTRACTED
lewpe,https://lewpe.com/products/anadia-spider-adjustable-ceiling-light,"Anadia. Spider Adjustable Ceiling Light, Iron",Pendant Light Fixtures,152,USD,23,12,true,true,false,false,true,true,false,false,70,94,NORMALIZED,REAL_EXTRACTED
lewpe,https://lewpe.com/products/alfusqueiro-lantern-sconce-wood,"Alfusqueiro. Lantern Sconce, Wood",Wall Light Fixtures,219,USD,17,4,true,true,false,false,true,true,false,false,70,94,NORMALIZED,REAL_EXTRACTED
lewpe,https://lewpe.com/products/alva-collapsible-lamp,"Alva. Collapsible Portable Lamp, Plastic",Lamps,122,USD,13,4,true,true,false,false,true,true,false,false,70,94,NORMALIZED,REAL_EXTRACTED
viridian-bay,https://viridianbay.com/products/foglia-lantern,Foglia Lantern,Candle Holders,198,USD,5,2,true,true,false,false,true,true,false,true,71,94,NORMALIZED,REAL_EXTRACTED
lewpe,https://lewpe.com/products/cobres-pendant-light,"Cobres. Dome Pendant Light, Metal",Ceiling Light,258,USD,24,76,true,true,false,false,true,true,false,false,70,94,NORMALIZED,REAL_EXTRACTED
ferm-living,https://fermliving.com/products/vari-quilted-cushion-rectangular-natural-dark-chocolate,Vari Quilted Cushion - Rectangular - Natural/Dark Chocolate,Home > Vari Quilted Cushion - Rectangular - Natural/Dark Chocolate,95.2,EUR,2,1,true,true,false,false,true,true,false,true,70,88,IMPORTED,REAL_EXTRACTED
lewpe,https://lewpe.com/products/ericeira-pebble-flush-mount-ceiling-light,Ericeira. Pebble Form Flush Mount Ceiling Light,Ceiling Light Fixtures,145.95,USD,17,12,true,true,true,false,true,true,false,false,70,94,NORMALIZED,REAL_EXTRACTED
viridian-bay,https://viridianbay.com/products/enorme-ambra-vase,Enorme Ambra Vase - LAST CHANCE,Vases,48.97,USD,5,1,true,true,false,false,true,true,false,true,65,100,NORMALIZED,REAL_EXTRACTED
lewpe,https://lewpe.com/products/ave-hemispherical-adjustable-pendant,Ave. Hemispherical Adjustable Pendant,Ceiling Light,165,USD,24,60,true,true,false,false,true,true,false,false,70,94,NORMALIZED,REAL_EXTRACTED
wall-panel-centre,https://thewallpanelcentre.co.uk/products/gloss-blue-external-corner-joint-for-hygienic-wall-cladding,Gloss Blue Lagoon External Corner Joint for Hygienic Wall Cladding,Homepage > Back,6.6,GBP,1,1,true,false,false,false,true,true,false,false,70,100,NORMALIZED,REAL_EXTRACTED
viridian-bay,https://viridianbay.com/products/green-urna-garden-seat,Green Urna Garden Seat,Accent Tables,427,USD,3,1,true,true,false,false,true,true,false,true,71,100,NORMALIZED,REAL_EXTRACTED
lewpe,https://lewpe.com/products/piodao-oblong-alabaster-wall-sconce-plug-in-metal,"Piódão. Oblong Alabaster Wall Sconce, Plug-in Metal",Wall Light Fixtures,202.95,USD,15,12,true,true,true,false,true,true,false,false,70,94,NORMALIZED,REAL_EXTRACTED
lewpe,https://lewpe.com/products/mertola-alabaster-flower-wall-sconce-brass-finish-arm,"Mértola. Alabaster Flower Wall Sconce, Brass-Finish Arm",Wall Light Fixtures,235.95,USD,13,4,true,true,false,false,true,true,false,false,70,94,NORMALIZED,REAL_EXTRACTED
ferm-living,https://fermliving.com/products/tydra-bowl-h7-mirror-polished,Tydra Bowl - Small - Mirror Polished,Home > Tydra Bowl - Small - Mirror Polished,36,EUR,2,1,true,true,false,false,true,true,false,true,64,100,NORMALIZED,REAL_EXTRACTED
lewpe,https://lewpe.com/products/almonda-industrial-wall-sconce-iron,"Almonda. Industrial Wall Sconce, Iron",Wall Light Fixtures,198,USD,12,1,true,true,false,false,true,true,false,false,70,100,NORMALIZED,REAL_EXTRACTED
lewpe,https://lewpe.com/products/mertola-alabaster-flower-wall-sconce-brass-finish-arm,"Mértola. Alabaster Flower Wall Sconce, Brass-Finish Arm",Wall Light Fixtures,235.95,USD,13,4,true,true,false,false,true,true,false,false,70,94,NORMALIZED,REAL_EXTRACTED
lewpe,https://lewpe.com/products/cascais-scalloped-arc-floor-lamp-fabric-shade,"Cascais. Scalloped Arc Floor Lamp, Fabric Shade",Floor Lamps,500.95,USD,13,6,true,true,false,false,true,true,false,false,70,94,NORMALIZED,REAL_EXTRACTED
viridian-bay,https://viridianbay.com/products/sea-ranch-lantern,Sea Ranch Lantern,Home & Garden,195,USD,8,1,true,true,false,false,true,true,false,true,65,100,NORMALIZED,REAL_EXTRACTED
lewpe,https://lewpe.com/products/ceira-globe-wall-sconce-glass-iron,"Ceira. Globe Wall Sconce, Glass Iron",Wall Sconce,170,USD,21,8,true,true,true,false,true,true,false,false,70,94,NORMALIZED,REAL_EXTRACTED
lewpe,https://lewpe.com/products/almonda-industrial-wall-sconce-iron,"Almonda. Industrial Wall Sconce, Iron",Wall Light Fixtures,198,USD,12,1,true,true,false,false,true,true,false,false,70,100,NORMALIZED,REAL_EXTRACTED
wall-panel-centre,https://thewallpanelcentre.co.uk/products/pastel-duck-egg-internal-corner-joint-for-hygienic-wall-cladding,Pastel Duck Egg Internal Corner Joint for Hygienic Wall Cladding,Homepage > Back,6.6,GBP,1,1,true,false,false,false,true,true,false,false,70,100,NORMALIZED,REAL_EXTRACTED
cozy-garden,https://thecozygarden.com/products/e415-dsxtdwnqwz1kp23m5y3-smart-bird-feeder-with-camera-2k-hd-ai-identify-10000-bird-species-solar-powered-bird-watching-camera-with-auto-capture-instant-notify-wireless-outdoor-ideal-gift-for-bird-lovers-green,"Smart Bird Feeder with Camera, 2K HD AI Identify 10,000+ Bird Species, Solar-Powered Bird Watching Camera with Auto Capture & Instant Notify, Wireless Outdoor Ideal Gift for Bird Lovers (Green)",Bird & Wildlife Supplies,108.81,USD,6,1,true,false,false,false,true,true,false,false,63,100,NORMALIZED,REAL_EXTRACTED
cozy-garden,https://thecozygarden.com/products/k290-19946121157-light-color-warm-white-solar-cherry-blossom-lights-all-weatherproof,Light Color: WARM WHITE - Solar Cherry Blossom Lights All Weatherproof,led light,24.17,USD,3,1,true,false,false,false,true,true,false,true,63,100,NORMALIZED,REAL_EXTRACTED
cozy-garden,https://thecozygarden.com/products/a949-44471-solar-lamp-set-of-3-black-polypropylene-standard-solar,Outdoor Solar Lamps 3 pcs LED Black,Outdoor Lighting,66.89,USD,20,1,true,false,false,false,true,true,false,true,68,100,NORMALIZED,REAL_EXTRACTED
viridian-bay,https://viridianbay.com/products/rooster-lantern,Rooster Lantern,Home & Garden,192.95,USD,6,1,true,true,false,false,true,true,false,true,65,100,NORMALIZED,REAL_EXTRACTED
viridian-bay,https://viridianbay.com/products/graceful-antlers-vanity-mirror,Graceful Antlers Vanity Mirror,Mirrors,160,USD,7,1,true,true,false,false,true,true,false,true,65,100,NORMALIZED,REAL_EXTRACTED
cozy-garden,https://thecozygarden.com/products/d681-np11520ny-13ft-double-sided-patio-umbrella-with-solar-lights-for-garden-pool-backyard-navy-color-navy,13FT Double-sided Patio Umbrella with Solar Lights for Garden Pool Backyard-Navy - Color: Navy - Size: 13 ft,Outdoor > Outdoor Shades > Outdoor Umbrellas,157.48,USD,12,1,true,true,false,false,true,true,false,true,63,100,NORMALIZED,REAL_EXTRACTED
cozy-garden,https://thecozygarden.com/products/k290-44722796921105-size-40-ledcolor-warm-white-dew-droplets-20-led-solar-lights-falling-like-dew,"Size: 40 LED,Color: Warm White - Dew Droplets 20 LED Solar Lights Falling Like Dew",solar lights,49.42,USD,3,1,true,false,false,false,true,true,false,true,63,88,IMPORTED,REAL_EXTRACTED
cozy-garden,https://thecozygarden.com/products/f640-12000038430490442-emitting-color-moon-blue-wattage-0-5w-6810-led-solar-garden-lights-powered-firefly-lights-outdoor-garden-decoration-landscape-lights-firework-firefly-lawn-lamps,"Emitting Color: moon blue, Wattage: 0-5W - 6/8/10 LED Solar Garden Lights Powered Firefly Lights Outdoor Garden Decoration Landscape Lights Firework Firefly Lawn Lamps",Outdoor Lighting,29,USD,16,1,true,false,false,false,true,true,false,false,63,100,NORMALIZED,REAL_EXTRACTED
cozy-garden,https://thecozygarden.com/products/d681-np11520ny-13ft-double-sided-patio-umbrella-with-solar-lights-for-garden-pool-backyard-navy-color-navy,13FT Double-sided Patio Umbrella with Solar Lights for Garden Pool Backyard-Navy - Color: Navy - Size: 13 ft,Outdoor > Outdoor Shades > Outdoor Umbrellas,157.48,USD,12,1,true,true,false,false,true,true,false,true,63,100,NORMALIZED,REAL_EXTRACTED
ferm-living,https://fermliving.com/products/folia-mirror-h82-dark-stained-burl,Folia Mirror - Medium - Dark Stained Burl,Home > Folia Mirror - Medium - Dark Stained Burl,391.2,EUR,2,3,true,true,false,false,true,true,false,true,70,88,IMPORTED,REAL_EXTRACTED
viridian-bay,https://viridianbay.com/products/labirinto-garden-seat,Labirinto Garden Seat,Garden Stool,385,USD,3,1,true,true,false,false,true,true,false,true,71,100,NORMALIZED,REAL_EXTRACTED
ferm-living,https://fermliving.com/products/strand-outdoor-cushion-cover-dark-lichen-parchment,Strand Outdoor Cushion Cover - Dark Lichen/Parchment,Home > Strand Outdoor Cushion Cover - Dark Lichen/Parchment,36,EUR,2,8,true,true,false,false,true,true,false,true,64,100,NORMALIZED,REAL_EXTRACTED
cozy-garden,https://thecozygarden.com/products/y829-1430788729857511464-solar-iron-decor-light-lamp-driveway-fairy-patio-powered-ip65-fence-outdoor-lights-lawn-waterproof-dawn-led-dusk-ornaments-metal-c250922,Solar Iron Decor Light Lamp Driveway Fairy Patio Powered Ip65 Fence Outdoor Lights Lawn Waterproof Dawn Led Dusk Ornaments Metal C250922,Lawn Lamps,46.33,USD,3,1,true,true,false,false,true,true,false,false,63,100,NORMALIZED,REAL_EXTRACTED
ferm-living,https://fermliving.com/products/dase-cushion-rich-velvet-soft-brown,Dase Cushion - Rich Velvet - Soft Brown,Home > Dase Cushion - Rich Velvet - Soft Brown,95.2,EUR,2,3,true,true,false,false,true,true,false,true,70,100,NORMALIZED,REAL_EXTRACTED
ferm-living,https://fermliving.com/products/twill-cushion-cover-rectangular-off-white-black,Twill Cushion Cover - Rectangular - Off-White/Black,Home > Twill Cushion Cover - Rectangular - Off-White/Black,55.2,EUR,2,3,true,true,false,false,true,true,false,true,70,100,NORMALIZED,REAL_EXTRACTED
lampenwelt,https://lampenwelt.de/p/tom-dixon-led-hangelampe-melt-chandelier-mini-bronzefarben-10042081.html,"Tom Dixon LED-Hängelampe Melt Chandelier Mini, bronzefarben",Lampen & Leuchten > Innenleuchten > Pendelleuchten & Hängelampen,3439.1,EUR,17,0,true,true,false,false,true,true,true,false,65,100,NORMALIZED,REAL_EXTRACTED
cozy-garden,https://thecozygarden.com/products/b593-walmartgt4659bk-costway-1-pcs-raised-garden-bed-tomato-cage-planter-box-with-pe-coated-metal-trelli-wheels,Costway 1 PCS Raised Garden Bed Tomato Cage Planter Box with PE-Coated Metal Trelli Wheels,Live,87.04,USD,11,2,true,true,false,false,true,true,false,false,63,94,DUPLICATE,REAL_EXTRACTED
ferm-living,https://fermliving.com/products/dase-cushion-grain-cashmere,Dase Cushion - Grain - Cashmere,Home > Dase Cushion - Grain - Cashmere,95.2,EUR,2,1,true,true,false,false,true,true,false,true,70,100,NORMALIZED,REAL_EXTRACTED
cozy-garden,https://thecozygarden.com/products/t575-s0671289849-5151106cm-plastic-round-birdbath-with-solar-ligh-dark-green,51*51*106cm Plastic Round Birdbath with Solar Ligh Dark Green,Home,75.94,USD,18,1,true,true,false,false,true,true,false,false,63,100,NORMALIZED,REAL_EXTRACTED
cozy-garden,https://thecozygarden.com/products/b593-walmartgt4659bk-costway-1-pcs-raised-garden-bed-tomato-cage-planter-box-with-pe-coated-metal-trelli-wheels,Costway 1 PCS Raised Garden Bed Tomato Cage Planter Box with PE-Coated Metal Trelli Wheels,Live,87.04,USD,11,2,true,true,false,false,true,true,false,false,63,94,DUPLICATE,REAL_EXTRACTED
cozy-garden,https://thecozygarden.com/products/b593-gt43242-set-of-2-pe-rattan-raised-garden-bed-with-trellis-planter-box-for-climbing-plants-rustic-brown,Set of 2 PE Rattan Raised Garden Bed with Trellis Planter Box for Climbing Plants-Rustic Brown,Garden,144.48,USD,11,2,true,true,false,false,true,true,false,false,63,94,NORMALIZED,REAL_EXTRACTED
ferm-living,https://fermliving.com/products/dase-cushion-cotton-linen-natural,Dase Cushion - Cotton Linen - Natural,Home > Dase Cushion - Cotton Linen - Natural,76,EUR,2,1,true,true,false,false,true,true,false,true,70,100,NORMALIZED,REAL_EXTRACTED
viridian-bay,https://viridianbay.com/products/cooperation-garden-lantern-sculpture,Cooperation Garden Lantern & Sculpture,Lawn Ornaments & Garden Sculptures,109,USD,5,1,true,true,false,false,true,true,false,true,65,100,NORMALIZED,REAL_EXTRACTED
cozy-garden,https://thecozygarden.com/products/a949-860702-planter-rusty-weathering-steel-large-durable-planter,Planter Rusty Weathering Steel Large Durable Planter,Gardening,176.99,USD,22,1,true,true,false,false,true,true,false,true,74,100,NORMALIZED,REAL_EXTRACTED
lewpe,https://lewpe.com/products/alcacer-box-outdoor-light-metal,"Alcácer. Box Outdoor Light, Solar or Hardwired",Landscape Pathway Lighting,185,USD,17,32,true,true,false,false,true,true,false,false,70,94,NORMALIZED,REAL_EXTRACTED
lewpe,https://lewpe.com/products/anadia-spider-adjustable-ceiling-light,"Anadia. Spider Adjustable Ceiling Light, Iron",Pendant Light Fixtures,152,USD,23,12,true,true,false,false,true,true,false,false,70,94,NORMALIZED,REAL_EXTRACTED
cozy-garden,https://thecozygarden.com/products/d681-gt4760bk2-raised-garden-bed-set-of-2-electro-coating-metal-large-elevated-planter-box-black-color-black,Raised Garden Bed Set of 2 Electro-Coating Metal Large Elevated Planter Box-Black - Color: Black,Outdoor > Garden > Raised Garden Beds,141.48,USD,12,1,true,true,false,false,true,true,false,true,69,100,NORMALIZED,REAL_EXTRACTED
cozy-garden,https://thecozygarden.com/products/b593-gt3652-elevated-planter-box-kit-with-8-grids-and-folding-tabletop,Elevated Planter Box Kit with 8 Grids and Folding Tabletop,Garden,113.48,USD,11,2,true,true,false,false,true,true,false,false,63,94,DUPLICATE,REAL_EXTRACTED
viridian-bay,https://viridianbay.com/products/pagoda-garden-lantern,Pagoda Garden Lantern,Garden Sculptures,100,USD,5,1,true,true,false,false,true,true,false,true,65,100,NORMALIZED,REAL_EXTRACTED
ferm-living,https://fermliving.com/products/twill-cushion-rectangular-off-white-black,Twill Cushion - Rectangular - Off-White/Black,Home > Twill Cushion - Rectangular - Off-White/Black,63.2,EUR,2,3,true,true,false,false,true,true,false,true,70,100,NORMALIZED,REAL_EXTRACTED
cozy-garden,https://thecozygarden.com/products/a949-365483-planter-gray-solid-fir-wood-standard-decorative-inlays-planter,Planter with Trellis Gray Solid Wood Fir,Gardening,60.87,USD,18,1,true,true,false,false,true,true,false,true,74,100,NORMALIZED,REAL_EXTRACTED
cozy-garden,https://thecozygarden.com/products/b593-gt4095-raised-garden-bed-with-2-planter-boxes-and-3-trellis-natural,Raised Garden Bed with 2 Planter Boxes and 3 Trellis-Natural,Garden,120.48,USD,11,2,true,true,false,false,true,true,false,false,69,94,NORMALIZED,REAL_EXTRACTED
wall-panel-centre,https://thewallpanelcentre.co.uk/products/pastel-blue-straight-joint-trim-for-hygienic-wall-cladding,Pastel Sky Blue Straight Joint Trim for Hygienic Wall Cladding,Homepage > Back,6.6,GBP,1,1,true,false,false,false,true,true,false,false,64,100,NORMALIZED,REAL_EXTRACTED
wall-panel-centre,https://thewallpanelcentre.co.uk/products/pastel-green-external-corner-joint-for-hygienic-wall-cladding,Pastel Willow Green External Corner Joint for Hygienic Wall Cladding,Homepage > Back,6.6,GBP,1,1,true,false,false,false,true,true,false,false,70,100,NORMALIZED,REAL_EXTRACTED
lewpe,https://lewpe.com/products/alenquer-adjustable-metal-wall-sconce,"Alenquer. Adjustable Metal Wall Sconce, Aluminum",Lighting,164,USD,15,4,true,true,false,false,true,true,false,false,70,94,NORMALIZED,REAL_EXTRACTED
cozy-garden,https://thecozygarden.com/products/b593-gt4095-raised-garden-bed-with-2-planter-boxes-and-3-trellis-natural,Raised Garden Bed with 2 Planter Boxes and 3 Trellis-Natural,Garden,120.48,USD,11,2,true,true,false,false,true,true,false,false,69,94,NORMALIZED,REAL_EXTRACTED
cozy-garden,https://thecozygarden.com/products/e415-dsxtdwnqwz1kp23m5y3-smart-bird-feeder-with-camera-2k-hd-ai-identify-10000-bird-species-solar-powered-bird-watching-camera-with-auto-capture-instant-notify-wireless-outdoor-ideal-gift-for-bird-lovers-green,"Smart Bird Feeder with Camera, 2K HD AI Identify 10,000+ Bird Species, Solar-Powered Bird Watching Camera with Auto Capture & Instant Notify, Wireless Outdoor Ideal Gift for Bird Lovers (Green)",Bird & Wildlife Supplies,108.81,USD,6,1,true,false,false,false,true,true,false,false,63,100,NORMALIZED,REAL_EXTRACTED
cozy-garden,https://thecozygarden.com/products/f640-12000027711588633-emitting-color-sea-blue-wattage-11-15w-10m7m-solar-string-christmas-lights-outdoor-1005020led-8mode-waterproof-flower-garden-blossom-lighting-party-home-decoration,"Emitting Color: Sea Blue, Wattage: 11-15W - 10M/7M Solar String Christmas Lights Outdoor 100/50/20LED 8Mode Waterproof Flower Garden Blossom Lighting Party Home Decoration",Outdoor Lighting,21.1,USD,16,1,true,true,false,false,true,true,false,false,68,88,IMPORTED,REAL_EXTRACTED
cozy-garden,https://thecozygarden.com/products/a949-151946-garden-raised-bed-rusty-corten-steel-large-garden-raised-bed,Garden Raised Bed Rusty Corten steel Large Garden Raised Bed,Gardening,80.83,USD,16,1,true,true,false,false,true,true,false,true,74,88,IMPORTED,REAL_EXTRACTED
cozy-garden,https://thecozygarden.com/products/b593-gt4216-walk-in-greenhouse-with-3-tiers-8-shelves-pvc-cover-roll-up-zippered-door,Walk-in Greenhouse with 3 Tiers 8 Shelves PVC Cover Roll-up Zippered Door,Garden,110.23,USD,11,2,true,true,false,false,true,true,false,false,63,94,NORMALIZED,REAL_EXTRACTED
cozy-garden,https://thecozygarden.com/products/a949-151946-garden-raised-bed-rusty-corten-steel-large-garden-raised-bed,Garden Raised Bed Rusty Corten steel Large Garden Raised Bed,Gardening,80.83,USD,16,1,true,true,false,false,true,true,false,true,74,100,NORMALIZED,REAL_EXTRACTED
cozy-garden,https://thecozygarden.com/products/a949-837483-garden-planters-2-pcs-impregnated-wood-pine,Garden Planters 2 pcs Impregnated Wood Pine,Gardening,259.23,USD,24,1,true,true,false,false,true,true,false,true,69,100,NORMALIZED,REAL_EXTRACTED
cozy-garden,https://thecozygarden.com/products/a949-860702-planter-rusty-weathering-steel-large-durable-planter,Planter Rusty Weathering Steel Large Durable Planter,Gardening,176.99,USD,22,1,true,true,false,false,true,true,false,true,74,100,NORMALIZED,REAL_EXTRACTED
cozy-garden,https://thecozygarden.com/products/a949-151952-garden-raised-bed-rusty-63x157x177-corten-steel,"Garden Raised Bed Rusty 63""x15.7""x17.7"" Corten Steel",Gardening,89.19,USD,18,1,true,true,false,false,true,true,false,true,69,100,NORMALIZED,REAL_EXTRACTED
ferm-living,https://fermliving.com/products/jot-cushion-cover-elm-green,Jot Cushion Cover - Elm Green,Home > Jot Cushion Cover - Elm Green,55.2,EUR,2,4,true,true,false,false,true,true,false,true,70,100,NORMALIZED,REAL_EXTRACTED
cozy-garden,https://thecozygarden.com/products/q119-cjjt2392782-solar-exhaust-fan-outdoor-monocrystalline-module,Solar Exhaust Fan Outdoor Monocrystalline Module,Home Office Storage,69.36,USD,3,1,true,true,false,false,true,true,false,false,63,100,NORMALIZED,REAL_EXTRACTED
wall-panel-centre,https://thewallpanelcentre.co.uk/products/gloss-blue-internal-corner-joint-for-hygienic-wall-cladding-1,Gloss Blue Lagoon Internal Corner Joint for Hygienic Wall Cladding,Homepage > Back,6.6,GBP,1,1,true,false,false,false,true,true,false,false,70,100,NORMALIZED,REAL_EXTRACTED
cozy-garden,https://thecozygarden.com/products/k290-5747713541-style-multi-colors-solar-powered-dragonfly-led-light-string,Style: Multi Colors - Solar Powered DragonFly LED Light String,led light,31.92,USD,3,1,true,false,false,false,true,true,false,true,63,100,NORMALIZED,REAL_EXTRACTED
cozy-garden,https://thecozygarden.com/products/q280-bghfbhg343025894-blue-blown-glass-hummingbird-feeder-with-perch-and-4-feeding-ports,Blue Blown Glass Hummingbird Feeder with Perch and 4 Feeding Ports,For The Birds,73.31,USD,8,1,true,true,false,false,true,true,false,false,69,100,NORMALIZED,REAL_EXTRACTED
cozy-garden,https://thecozygarden.com/products/d681-gt4760bk2-raised-garden-bed-set-of-2-electro-coating-metal-large-elevated-planter-box-black-color-black,Raised Garden Bed Set of 2 Electro-Coating Metal Large Elevated Planter Box-Black - Color: Black,Outdoor > Garden > Raised Garden Beds,141.48,USD,12,1,true,true,false,false,true,true,false,true,69,100,NORMALIZED,REAL_EXTRACTED
cozy-garden,https://thecozygarden.com/products/k290-5747713541-style-multi-colors-solar-powered-dragonfly-led-light-string,Style: Multi Colors - Solar Powered DragonFly LED Light String,led light,31.92,USD,3,1,true,false,false,false,true,true,false,true,63,100,NORMALIZED,REAL_EXTRACTED
cozy-garden,https://thecozygarden.com/products/a949-316389-pergola-brown-solid-firwood-solid-pine-wood-medium,"Pergola with Gate 45.7""x15.7""x80.3"" Solid Firwood",Outdoor Living,140.58,USD,14,1,true,true,false,false,true,true,false,true,74,88,NORMALIZED,REAL_EXTRACTED
cozy-garden,https://thecozygarden.com/products/a949-4004488-retractable-side-awning-anthracite-866x1969,"Retractable Side Awning Anthracite 86.6""x196.9",Outdoor Living,168.13,USD,22,1,true,true,false,false,true,true,false,true,63,100,NORMALIZED,REAL_EXTRACTED
cozy-garden,https://thecozygarden.com/products/d681-gt4761sl2-2-pieces-galvanized-raised-garden-bed-with-legs-and-greenhouse-cover-for-vegetable-flower-silver-color-silver,2 Pieces Galvanized Raised Garden Bed with Legs and Greenhouse Cover for Vegetable Flower-Silver - Color: Silver,Outdoor > Garden > Raised Garden Beds,170.48,USD,12,1,true,true,false,false,true,true,false,true,69,100,NORMALIZED,REAL_EXTRACTED
cozy-garden,https://thecozygarden.com/products/e415-jsflhs48inchzepnav0-wind-chimes-for-outside-48-in-deep-tone-wind-chimes-with-5-tubes-unique-large-memorial-wind-chimes-for-anniversary-amazing-outdoor-decor-for-your-patio-porch-garden-and-backyard-black,"Wind Chimes for Outside, 48 in, Deep Tone Wind Chimes with 5 Tubes, Unique Large Memorial Wind Chimes for Anniversary, Amazing Outdoor Decor for Your Patio, Porch, Garden and Backyard, Black",Outdoor Decor,72.26,USD,6,1,true,true,false,false,true,true,false,false,69,100,NORMALIZED,REAL_EXTRACTED
ferm-living,https://fermliving.com/products/dryp-pillar-candle-h20-warm-grey,Dryp Pillar Candle - Small - Warm Grey,Home > Dryp Pillar Candle - Small - Warm Grey,12,EUR,2,7,true,false,false,false,true,true,false,true,70,100,NORMALIZED,REAL_EXTRACTED
cozy-garden,https://thecozygarden.com/products/e415-jsflzs42inchj4lj9v0-wind-chimes-for-outside-42-deep-tone-wind-chimes-with-6-tubes-unique-large-memorial-wind-chimes-for-anniversary-amazing-outdoor-decor-for-your-patio-porch-garden-and-backyard-dark-brown,"Wind Chimes for Outside, 42"", Deep Tone Wind Chimes with 6 Tubes, Unique Large Memorial Wind Chimes for Anniversary, Amazing Outdoor Decor for Your Patio, Porch, Garden and Backyard, Dark Brown",Outdoor Decor,48.62,USD,6,1,true,true,false,false,true,true,false,false,69,100,NORMALIZED,REAL_EXTRACTED
cozy-garden,https://thecozygarden.com/products/e415-jsflhs48inchzepnav0-wind-chimes-for-outside-48-in-deep-tone-wind-chimes-with-5-tubes-unique-large-memorial-wind-chimes-for-anniversary-amazing-outdoor-decor-for-your-patio-porch-garden-and-backyard-black,"Wind Chimes for Outside, 48 in, Deep Tone Wind Chimes with 5 Tubes, Unique Large Memorial Wind Chimes for Anniversary, Amazing Outdoor Decor for Your Patio, Porch, Garden and Backyard, Black",Outdoor Decor,72.26,USD,6,1,true,true,false,false,true,true,false,false,69,100,NORMALIZED,REAL_EXTRACTED
cozy-garden,https://thecozygarden.com/products/a949-4004488-retractable-side-awning-anthracite-866x1969,"Retractable Side Awning Anthracite 86.6""x196.9",Outdoor Living,168.13,USD,22,1,true,true,false,false,true,true,false,true,63,100,NORMALIZED,REAL_EXTRACTED
cozy-garden,https://thecozygarden.com/products/b593-np10630wl-345-inch-square-propane-gas-fire-pit-table-with-lava-rock-and-pvc-cover-gray,34.5 Inch Square Propane Gas Fire Pit Table with Lava Rock and PVC Cover-Gray,Outdoor Heating,943.52,USD,11,2,true,true,false,false,true,true,false,false,63,94,NORMALIZED,REAL_EXTRACTED
ferm-living,https://fermliving.com/products/dryp-pillar-candle-h30-tea-green,Dryp Pillar Candle - Large - Tea Green,Home > Dryp Pillar Candle - Large - Tea Green,15.2,EUR,2,7,true,false,false,false,true,true,false,true,70,100,NORMALIZED,REAL_EXTRACTED
cozy-garden,https://thecozygarden.com/products/a949-150909-garden-robot-lawnmower-shed-362x382x248-galvanized-steel-anthracite,"Garden Robot Lawnmower Shed 36.2""x38.2""x24.8"" Galvanized Steel Anthracite",Outdoor Living,112.38,USD,20,1,true,true,false,false,true,true,false,true,74,88,IMPORTED,REAL_EXTRACTED
cozy-garden,https://thecozygarden.com/products/q280-bghfbhg343025894-blue-blown-glass-hummingbird-feeder-with-perch-and-4-feeding-ports,Blue Blown Glass Hummingbird Feeder with Perch and 4 Feeding Ports,For The Birds,73.31,USD,8,1,true,true,false,false,true,true,false,false,69,100,NORMALIZED,REAL_EXTRACTED
cozy-garden,https://thecozygarden.com/products/d681-hw729522-outdoor-curved-acacia-wood-fire-pit-bench-with-slatted-seat-set-of-2-color-natural,Outdoor Curved Acacia Wood Fire Pit Bench with Slatted Seat-Set of 2 - Color: Natural,Outdoor > Outdoor & Patio Furniture > Outdoor Seating & Patio Chairs > Outdoor Benches,228.99,USD,6,1,true,true,false,false,true,true,false,true,69,100,NORMALIZED,REAL_EXTRACTED
cozy-garden,https://thecozygarden.com/products/b593-np10630wl-345-inch-square-propane-gas-fire-pit-table-with-lava-rock-and-pvc-cover-gray,34.5 Inch Square Propane Gas Fire Pit Table with Lava Rock and PVC Cover-Gray,Outdoor Heating,943.52,USD,11,2,true,true,false,false,true,true,false,false,63,94,NORMALIZED,REAL_EXTRACTED
cozy-garden,https://thecozygarden.com/products/a949-150909-garden-robot-lawnmower-shed-362x382x248-galvanized-steel-anthracite,"Garden Robot Lawnmower Shed 36.2""x38.2""x24.8"" Galvanized Steel Anthracite",Outdoor Living,112.38,USD,20,1,true,true,false,false,true,true,false,true,69,100,NORMALIZED,REAL_EXTRACTED
cozy-garden,https://thecozygarden.com/products/e415-jsflzs42inchj4lj9v0-wind-chimes-for-outside-42-deep-tone-wind-chimes-with-6-tubes-unique-large-memorial-wind-chimes-for-anniversary-amazing-outdoor-decor-for-your-patio-porch-garden-and-backyard-dark-brown,"Wind Chimes for Outside, 42"", Deep Tone Wind Chimes with 6 Tubes, Unique Large Memorial Wind Chimes for Anniversary, Amazing Outdoor Decor for Your Patio, Porch, Garden and Backyard, Dark Brown",Outdoor Decor,48.62,USD,6,1,true,true,false,false,true,true,false,false,69,100,NORMALIZED,REAL_EXTRACTED
cozy-garden,https://thecozygarden.com/products/q280-hsbwvr16958743-white-pvc-square-bird-house-with-verdigris-copper-roof-made-in-usa,White PVC Square Bird House with Verdigris Copper Roof - Made in USA,For The Birds,296.44,USD,6,1,true,true,false,false,true,true,false,false,63,100,NORMALIZED,REAL_EXTRACTED
ferm-living,https://fermliving.com/products/tessera-vase-mirror-polished,Tessera Vase - Mirror Polished,Home > Tessera Vase - Mirror Polished,127.2,EUR,2,1,true,true,false,false,true,true,false,true,64,100,NORMALIZED,REAL_EXTRACTED
ferm-living,https://fermliving.com/products/vitto-scented-candle-h10-dark-grape,Vitto Scented Candle - Small - Dark Grape,Home > Vitto Scented Candle - Small - Dark Grape,31.2,EUR,2,3,true,true,false,false,true,true,false,true,70,100,NORMALIZED,REAL_EXTRACTED
cozy-garden,https://thecozygarden.com/products/d681-np11847bn-45-inch-propane-rattan-firepit-table-with-glass-stones-and-protective-cover-mixed-brown-color-brown,45 Inch Propane Rattan Firepit Table with Glass Stones and Protective Cover-Mixed Brown - Color: Brown,Outdoor > Outdoor Heating > Fire Pits > Fire Pit Tables,288.98,USD,12,1,true,true,false,false,true,true,false,true,68,88,IMPORTED,REAL_EXTRACTED
cozy-garden,https://thecozygarden.com/products/a949-810752-garden-planter-honey-brown-591x197x197-solid-wood-pine,"Garden Planter Honey Brown 59.1""x19.7""x19.7"" Solid Wood Pine",Gardening,127.99,USD,18,1,true,true,false,false,true,true,false,true,69,100,NORMALIZED,REAL_EXTRACTED
cozy-garden,https://thecozygarden.com/products/d681-np10257-315-inch-patio-fire-pit-dining-table-with-cooking-bbq-grate-color-black,31.5 Inch Patio Fire Pit Dining Table With Cooking BBQ Grate - Color: Black,Outdoor > Outdoor Heating > Fire Pits > Fire Pit Tables,102.98,USD,12,1,true,true,false,false,true,true,false,true,69,100,NORMALIZED,REAL_EXTRACTED
cozy-garden,https://thecozygarden.com/products/q280-hsbwvr16958743-white-pvc-square-bird-house-with-verdigris-copper-roof-made-in-usa,White PVC Square Bird House with Verdigris Copper Roof - Made in USA,For The Birds,296.44,USD,6,1,true,true,false,false,true,true,false,false,63,100,NORMALIZED,REAL_EXTRACTED
lewpe,https://lewpe.com/products/batalha-mulberry-paper-floor-lamp-tripod-base,"Batalha. Mulberry Paper Floor Lamp, Tripod Base",Floor Lamps,279.95,USD,24,32,true,true,false,false,true,true,false,false,70,94,NORMALIZED,REAL_EXTRACTED
cozy-garden,https://thecozygarden.com/products/d681-np13546bn-3-piece-patio-bar-set-outdoor-grill-gazebo-and-2-folding-bar-stools-brown-color-brown,3-Piece Patio Bar Set Outdoor Grill Gazebo and 2 Folding Bar Stools-Brown - Color: Brown,Outdoor > Outdoor & Patio Furniture > Patio Bar Furniture,350.23,USD,3,1,true,true,false,false,true,true,false,true,63,100,NORMALIZED,REAL_EXTRACTED
cozy-garden,https://thecozygarden.com/products/d681-np11847bn-45-inch-propane-rattan-firepit-table-with-glass-stones-and-protective-cover-mixed-brown-color-brown,45 Inch Propane Rattan Firepit Table with Glass Stones and Protective Cover-Mixed Brown - Color: Brown,Outdoor > Outdoor Heating > Fire Pits > Fire Pit Tables,288.98,USD,12,1,true,true,false,false,true,true,false,true,68,88,IMPORTED,REAL_EXTRACTED
wall-panel-centre,https://thewallpanelcentre.co.uk/products/gloss-avocado-green-internal-corner-joint-for-hygienic-wall-cladding,Gloss Avocado Green Internal Corner Joint for Hygienic Wall Cladding,Homepage > Back,6.6,GBP,1,1,true,false,false,false,true,true,false,false,70,100,NORMALIZED,REAL_EXTRACTED
cozy-garden,https://thecozygarden.com/products/d681-op70369-42-inch-60000-btu-propane-fire-pit-table-with-ceramic-tabletop-color-black,42 Inch 60000 BTU Propane Fire Pit Table with Ceramic Tabletop - Color: Black,Outdoor > Outdoor Heating > Fire Pits > Fire Pit Tables,338.98,USD,10,1,true,true,false,false,true,true,false,true,69,100,NORMALIZED,REAL_EXTRACTED
cozy-garden,https://thecozygarden.com/products/d681-np11843-30-inch-outdoor-fire-pit-chiminea-with-grill-for-garden-bbq-color-black,30 Inch Outdoor Fire Pit Chiminea with Grill for Garden BBQ - Color: Black,Outdoor > Outdoor Heating > Fire Pits,475.24,USD,6,1,true,true,false,false,true,true,false,true,63,100,NORMALIZED,REAL_EXTRACTED
cozy-garden,https://thecozygarden.com/products/d681-np13546bn-3-piece-patio-bar-set-outdoor-grill-gazebo-and-2-folding-bar-stools-brown-color-brown,3-Piece Patio Bar Set Outdoor Grill Gazebo and 2 Folding Bar Stools-Brown - Color: Brown,Outdoor > Outdoor & Patio Furniture > Patio Bar Furniture,350.23,USD,3,1,true,true,false,false,true,true,false,true,63,100,NORMALIZED,REAL_EXTRACTED
cozy-garden,https://thecozygarden.com/products/y829-1272396228805537796-monkey-statue-hanging-ornaments-garden-decoration-resin-monkey-hanger-sculpture-pendant-outdoor-home-outdoor-handmade-crafts-240712,Monkey Statue Hanging Ornaments Garden Decoration Resin Monkey Hanger Sculpture Pendant Outdoor Home Outdoor Handmade Crafts 240712,Home Accents,34.13,USD,3,1,true,false,false,false,true,true,false,false,69,100,NORMALIZED,REAL_EXTRACTED
cozy-garden,https://thecozygarden.com/products/a949-143563-gabion-raised-bed-galvanized-steel-1063x197x197,"Gabion Raised Bed Galvanized Steel 106.3""x19.7""x19.7",Gardening,165.23,USD,18,1,true,true,false,false,true,true,false,true,63,100,NORMALIZED,REAL_EXTRACTED
viridian-bay,https://viridianbay.com/products/blue-butterfly-candleholder-plant-holder,Blue Butterfly Candleholder / Plant Holder,Candle Holders,89,USD,9,1,true,false,false,false,true,true,false,true,71,100,NORMALIZED,REAL_EXTRACTED
cozy-garden,https://thecozygarden.com/products/q280-gwdbhf45136825-green-wood-garden-bird-house-with-1-compartment-and-4-holes,Green Wood Garden Bird House with 1 Compartment and 4 Holes,For The Birds,115.81,USD,8,1,true,true,false,false,true,true,false,false,74,88,IMPORTED,REAL_EXTRACTED
wall-panel-centre,https://thewallpanelcentre.co.uk/products/pastel-sandstone-straight-joint-trim-for-hygienic-wall-cladding,Pastel Sandstone Straight Joint Trim for Hygienic Wall Cladding,Homepage > Back,6.6,GBP,1,1,true,true,false,false,true,true,false,false,64,100,NORMALIZED,REAL_EXTRACTED
cozy-garden,https://thecozygarden.com/products/y829-1478865379329728530-1pc-fat-man-sunflowerdwarf-garden-resin-statue-ornament-outdoor-decoration-beekeeper-crafts-26l0202,1pc fat man sunflowerdwarf garden resin statue ornament outdoor decoration beekeeper crafts 26L0202,Home Accents,32.94,USD,3,1,true,false,false,false,true,true,false,false,69,100,NORMALIZED,REAL_EXTRACTED
cozy-garden,https://thecozygarden.com/products/q280-gwdbhf45136825-green-wood-garden-bird-house-with-1-compartment-and-4-holes,Green Wood Garden Bird House with 1 Compartment and 4 Holes,For The Birds,115.81,USD,8,1,true,true,false,false,true,true,false,false,69,100,NORMALIZED,REAL_EXTRACTED
cozy-garden,https://thecozygarden.com/products/q280-sntacsb113658792-outdoor-powder-coated-iron-birdhouse-with-3-prong-garden-stake-in-copper-finish,Outdoor Powder Coated Iron Birdhouse with 3-Prong Garden Stake in Copper Finish,For The Birds,192.78,USD,8,1,true,true,false,false,true,true,false,false,69,100,NORMALIZED,REAL_EXTRACTED
wall-panel-centre,https://thewallpanelcentre.co.uk/products/pastel-linen-colour-match-silicone-310ml-tube,Pastel Linen Colour Match Silicone 310ml Tube,Homepage > Back,29.9,GBP,0,1,true,true,false,false,true,true,false,false,61,100,NORMALIZED,REAL_EXTRACTED
cozy-garden,https://thecozygarden.com/products/q280-hcsrwbh12583957-white-hexagonal-birdhouse-with-copper-roof-made-in-the-usa,White Hexagonal Birdhouse with Copper Roof - Made in the USA,For The Birds,202.98,USD,6,1,true,true,false,false,true,true,false,false,69,100,NORMALIZED,REAL_EXTRACTED
wall-panel-centre,https://thewallpanelcentre.co.uk/products/pastel-linen-internal-corner-joint-for-hygienic-wall-cladding,Pastel Linen Internal Corner Joint for Hygienic Wall Cladding,Homepage > Back,6.6,GBP,1,1,true,true,false,false,true,true,false,false,70,100,NORMALIZED,REAL_EXTRACTED
cozy-garden,https://thecozygarden.com/products/q280-hcsrwbh12583957-white-hexagonal-birdhouse-with-copper-roof-made-in-the-usa,White Hexagonal Birdhouse with Copper Roof - Made in the USA,For The Birds,202.98,USD,6,1,true,true,false,false,true,true,false,false,69,100,NORMALIZED,REAL_EXTRACTED
cozy-garden,https://thecozygarden.com/products/a949-47245-sparrow-house-with-5-rooms-268x59x83-firwood,"Sparrow House with 5 Rooms 26.8""x5.9""x8.3"" Firwood",For The Birds,79.2,USD,16,1,true,true,false,false,true,true,false,true,69,100,NORMALIZED,REAL_EXTRACTED
cozy-garden,https://thecozygarden.com/products/q280-sntacsb113658792-outdoor-powder-coated-iron-birdhouse-with-3-prong-garden-stake-in-copper-finish,Outdoor Powder Coated Iron Birdhouse with 3-Prong Garden Stake in Copper Finish,For The Birds,192.78,USD,8,1,true,true,false,false,true,true,false,false,69,100,NORMALIZED,REAL_EXTRACTED
cozy-garden,https://thecozygarden.com/products/a949-47233-bird-feeders-4-pcs-firwood,Bird Feeders 4 pcs Firwood,For The Birds,68.55,USD,22,1,true,true,false,false,true,true,false,true,74,100,NORMALIZED,REAL_EXTRACTED
ferm-living,https://fermliving.com/products/strand-outdoor-cushion-cover-dark-lichen-parchment,Strand Outdoor Cushion Cover - Dark Lichen/Parchment,Home > Strand Outdoor Cushion Cover - Dark Lichen/Parchment,36,EUR,2,8,true,true,false,false,true,true,false,true,64,100,NORMALIZED,REAL_EXTRACTED
wall-panel-centre,https://thewallpanelcentre.co.uk/products/gloss-blue-colour-match-silicone-310ml-tube,Gloss Blue Lagoon Colour Match Silicone 310ml Tube,Homepage > Back,29.9,GBP,0,1,true,true,false,false,true,true,false,false,61,100,NORMALIZED,REAL_EXTRACTED
cozy-garden,https://thecozygarden.com/products/q280-ehwrdswb239858147-vintage-farmhouse-style-red-solid-wood-outdoor-birdhouse,Vintage Farmhouse Style Red Solid Wood Outdoor Birdhouse,Bird Houses,54.15,USD,8,1,true,true,false,false,true,true,false,false,63,100,NORMALIZED,REAL_EXTRACTED
cozy-garden,https://thecozygarden.com/products/a949-47233-bird-feeders-4-pcs-firwood,Bird Feeders 4 pcs Firwood,For The Birds,68.55,USD,22,1,true,true,false,false,true,true,false,true,74,100,NORMALIZED,REAL_EXTRACTED
cozy-garden,https://thecozygarden.com/products/d681-pz10010gu-solar-outdoor-bird-bath-feeder-combo-with-flower-planter-pedestal-and-solar-lights-copper-color-copper,Solar Outdoor Bird Bath Feeder Combo with Flower Planter Pedestal and Solar Lights-Copper - Color: Copper,Pets > Bird Supplies,65.98,USD,12,1,true,true,false,false,true,true,false,true,63,100,NORMALIZED,REAL_EXTRACTED
cozy-garden,https://thecozygarden.com/products/d681-gt4668dk-69-x-33-x-12-inch-galvanized-raised-garden-bed-with-cover-black-color-black,69 x 33 x 12 Inch Galvanized Raised Garden Bed with Cover-Black - Color: Black,Outdoor > Garden > Raised Garden Beds,102.98,USD,3,1,true,true,false,false,true,true,false,true,63,100,NORMALIZED,REAL_EXTRACTED
cozy-garden,https://thecozygarden.com/products/y829-1392562034356224000-led-solar-wall-light-outdoor-upper-and-lower-lighting-solar-powered-waterproof-streetlight-for-balcony-courtyard-garden-decor-x250607,LED Solar Wall Light Outdoor Upper And Lower Lighting Solar Powered Waterproof Streetlight for Balcony Courtyard Garden Decor X250607,Outdoor Wall Lamps,58.36,USD,3,1,true,false,false,false,true,true,false,false,63,100,NORMALIZED,REAL_EXTRACTED
cozy-garden,https://thecozygarden.com/products/d681-pz10010qt-solar-outdoor-bird-bath-feeder-combo-with-flower-planter-pedestal-and-solar-lights-bronze-color-bronze,Solar Outdoor Bird Bath Feeder Combo with Flower Planter Pedestal and Solar Lights-Bronze - Color: Bronze,Pets > Bird Supplies,65.98,USD,12,1,true,true,false,false,true,true,false,true,63,100,NORMALIZED,REAL_EXTRACTED
cozy-garden,https://thecozygarden.com/products/b593-pz10005-pedestal-bird-bath-with-solar-light-with-bird-feeder-and-flower-planter-green,Pedestal Bird Bath with Solar Light with Bird Feeder and Flower Planter-Bronze,Pets,73.48,USD,21,2,true,true,false,false,true,true,false,false,63,94,NORMALIZED,REAL_EXTRACTED
cozy-garden,https://thecozygarden.com/products/d681-pz10010gu-solar-outdoor-bird-bath-feeder-combo-with-flower-planter-pedestal-and-solar-lights-copper-color-copper,Solar Outdoor Bird Bath Feeder Combo with Flower Planter Pedestal and Solar Lights-Copper - Color: Copper,Pets > Bird Supplies,65.98,USD,12,1,true,true,false,false,true,true,false,true,63,100,NORMALIZED,REAL_EXTRACTED
cozy-garden,https://thecozygarden.com/products/a949-46345-patio-corner-bench-with-planter-46x46x157-solid-acacia-wood,"Patio Corner Bench with Planter 46""x46""x15.7"" Solid Acacia Wood",Outdoor Seating,123.3,USD,16,1,true,true,false,false,true,true,false,true,63,100,NORMALIZED,REAL_EXTRACTED
cozy-garden,https://thecozygarden.com/products/t575-s0671266258-wood-patio-chair-bench-with-center-coffee-tablegarden-chairscourtyard-chairs,Wood Patio Chair Bench with Center Coffee Table/Garden chairs/courtyard chairs,Home,356.31,USD,18,1,true,true,false,false,true,true,false,false,69,100,NORMALIZED,REAL_EXTRACTED
viridian-bay,https://viridianbay.com/products/rouleau-tall-garden-lantern,Rouleau Tall Garden Lantern,Lamps,172,USD,6,1,true,true,false,false,true,true,false,true,65,100,NORMALIZED,REAL_EXTRACTED
cozy-garden,https://thecozygarden.com/products/d681-gt4668dk-69-x-33-x-12-inch-galvanized-raised-garden-bed-with-cover-black-color-black,69 x 33 x 12 Inch Galvanized Raised Garden Bed with Cover-Black - Color: Black,Outdoor > Garden > Raised Garden Beds,102.98,USD,3,1,true,true,false,false,true,true,false,true,63,100,NORMALIZED,REAL_EXTRACTED
ferm-living,https://fermliving.com/products/dase-cushion-boucle-off-white,Dase Cushion - Bouclé - Off-white,Home > Dase Cushion - Bouclé - Off-white,119.2,EUR,2,1,true,true,false,false,true,true,false,true,70,100,NORMALIZED,REAL_EXTRACTED
viridian-bay,https://viridianbay.com/products/girasole-garden-trellis,Girasole Garden Trellis,"Garden Arches, Trellises, Arbors & Pergolas",263.95,USD,7,1,true,true,false,false,true,true,false,true,65,100,NORMALIZED,REAL_EXTRACTED
cozy-garden,https://thecozygarden.com/products/n270-476246-12-brown-wood-indoor-outdoor-square-planter-box,"12"" Brown Wood Indoor Outdoor Square Planter Box",Outdoor Planters,256.65,USD,16,1,true,true,false,false,true,true,false,true,69,100,NORMALIZED,REAL_EXTRACTED
cozy-garden,https://thecozygarden.com/products/a949-46345-patio-corner-bench-with-planter-46x46x157-solid-acacia-wood,"Patio Corner Bench with Planter 46""x46""x15.7"" Solid Acacia Wood",Outdoor Seating,123.3,USD,16,1,true,true,false,false,true,true,false,true,63,100,NORMALIZED,REAL_EXTRACTED
cozy-garden,https://thecozygarden.com/products/b593-gt4682-49-inch-raised-garden-bed-with-trellis-and-wicker-planter-box-brown,49 Inch Raised Garden Bed with Trellis and Wicker Planter Box-Brown,Garden,102.98,USD,21,4,true,true,false,false,true,true,false,false,69,94,DUPLICATE,REAL_EXTRACTED
viridian-bay,https://viridianbay.com/products/blue-urna-garden-seat,Blue Urna Garden Seat,Garden Stool,399,USD,3,1,true,true,false,false,true,true,false,true,71,100,NORMALIZED,REAL_EXTRACTED
cozy-garden,https://thecozygarden.com/products/y829-1389921330731786255-solar-bunny-statue-garden-decor-with-butterfly-led-light-resin-animal-sculpture-figurine-outdoor-decoration-for-garden-courtyard-250530,Solar Bunny Statue Garden Decor with Butterfly LED Light Resin Animal Sculpture Figurine Outdoor Decoration for Garden Courtyard 250530,Garden Decorations,58.78,USD,3,1,true,false,false,false,true,true,false,false,63,100,NORMALIZED,REAL_EXTRACTED
cozy-garden,https://thecozygarden.com/products/b593-gt4682-49-inch-raised-garden-bed-with-trellis-and-wicker-planter-box-brown,49 Inch Raised Garden Bed with Trellis and Wicker Planter Box-Brown,Garden,102.98,USD,21,4,true,true,false,false,true,true,false,false,69,94,DUPLICATE,REAL_EXTRACTED
cozy-garden,https://thecozygarden.com/products/e415-tmxkzp12ycpv91gao001v0-garden-dome-igloo-12-x-72-ft-outdoor-clear-bubble-tent-for-4-7-person-weatherproof-geodesic-dome-greenhouse-with-window-pvc-igloo-tent-for-backyard-patios-camping-party-wedding,"Garden Dome Igloo, 12 x 7.2 ft Outdoor Clear Bubble Tent for 4-7 Person, Weatherproof Geodesic Dome Greenhouse  with Window, PVC Igloo Tent for Backyard Patios Camping Party Wedding",Tents,585.95,USD,22,1,true,false,false,false,true,true,false,false,69,100,NORMALIZED,REAL_EXTRACTED
cozy-garden,https://thecozygarden.com/products/b593-walmartgt4712or-costway-36-inch-wooden-flower-planter-box-garden-yard-decorative-window-box-rectangular,Costway 36 Inch Wooden Flower Planter Box Garden Yard Decorative Window Box Rectangular,Live,87.04,USD,11,2,true,true,false,false,true,true,false,false,63,94,NORMALIZED,REAL_EXTRACTED
cozy-garden,https://thecozygarden.com/products/d681-gt4731na-wooden-mobile-raised-garden-bed-on-wheels-with-trellis-natural-color-natural,Wooden Mobile Raised Garden Bed on Wheels with Trellis-Natural - Color: Natural,Outdoor > Garden > Raised Garden Beds,141.48,USD,12,1,true,true,false,false,true,true,false,true,63,100,NORMALIZED,REAL_EXTRACTED
viridian-bay,https://viridianbay.com/products/garden-heron-pair,Garden Heron Pair,Garden Sculptures,320,USD,7,1,true,true,false,false,true,true,false,true,70,88,NORMALIZED,REAL_EXTRACTED
cozy-garden,https://thecozygarden.com/products/q280-dgsfpd70319931-grey-granite-65-gallon-plastic-urn-rain-barrel-with-planter-top,Grey Granite 65 Gallon Plastic Urn Rain Barrel with Planter Top,Rain Barrels,392.06,USD,8,1,true,true,false,false,true,true,false,false,69,100,NORMALIZED,REAL_EXTRACTED
cozy-garden,https://thecozygarden.com/products/d681-gt4338-teak-oil-finish-raised-garden-bed-wood-planter-box-with-bench,Teak Oil Finish Raised Garden Bed Wood Planter Box with Bench,Outdoor > Garden > Raised Garden Beds,113.48,USD,12,1,true,true,false,false,true,true,false,true,63,100,NORMALIZED,REAL_EXTRACTED
cozy-garden,https://thecozygarden.com/products/e415-jsyhzzcyxmwsuwjg4002v0-metal-raised-garden-bed-3-pcs-2-x-2-x-1-ft-outdoor-galvanized-planter-garden-box-open-bottom-design-large-planter-raised-bed-for-growing-vegetables-flowers-herbs-succulents-wood-grain,"Metal Raised Garden Bed, 3 Pcs 2 x 2 x 1 ft Outdoor Galvanized Planter Garden Box, Open Bottom Design, Large Planter Raised Bed for Growing Vegetables, Flowers, Herbs, Succulents, Wood Grain",Raised Garden Beds,63.39,USD,22,1,true,true,false,false,true,true,false,false,69,100,NORMALIZED,REAL_EXTRACTED
cozy-garden,https://thecozygarden.com/products/y829-1481069243698638861-resin-parrot-statue-wall-mounted-diy-outdoor-garden-tree-decoration-animal-sculpture-for-home-office-garden-decor-ornament-260128,Resin Parrot Statue Wall Mounted DIY Outdoor Garden Tree Decoration Animal Sculpture For Home Office Garden Decor Ornament 260128,Garden Decorations,68.08,USD,3,1,true,false,false,false,true,true,false,false,69,100,NORMALIZED,REAL_EXTRACTED
cozy-garden,https://thecozygarden.com/products/a949-152022-circular-gabion-raised-beds-3-pcs-galvanized-steel-118x787,"Circular Gabion Raised Beds 3 pcs Galvanized Steel 11.8""x78.7",Gardening,142.04,USD,16,1,true,true,false,false,true,true,false,true,68,100,NORMALIZED,REAL_EXTRACTED
cozy-garden,https://thecozygarden.com/products/a949-143563-gabion-raised-bed-galvanized-steel-1063x197x197,"Gabion Raised Bed Galvanized Steel 106.3""x19.7""x19.7",Gardening,165.23,USD,18,1,true,true,false,false,true,true,false,true,63,100,NORMALIZED,REAL_EXTRACTED
ferm-living,https://fermliving.com/products/folia-mirror-h135-dark-stained-burl,Folia Mirror - Large - Dark Stained Burl,Home > Folia Mirror - Large - Dark Stained Burl,615.2,EUR,2,3,true,true,false,false,true,true,false,true,70,100,NORMALIZED,REAL_EXTRACTED
cozy-garden,https://thecozygarden.com/products/d681-gt4761bk1-galvanized-raised-garden-bed-with-legs-and-greenhouse-cover-for-vegetable-flower-black-color-black,Galvanized Raised Garden Bed with Legs and Greenhouse Cover for Vegetable Flower-Black - Color: Black,Outdoor > Garden > Raised Garden Beds,102.98,USD,12,1,true,true,false,false,true,true,false,true,69,100,NORMALIZED,REAL_EXTRACTED
cozy-garden,https://thecozygarden.com/products/a949-152022-circular-gabion-raised-beds-3-pcs-galvanized-steel-118x787,"Circular Gabion Raised Beds 3 pcs Galvanized Steel 11.8""x78.7",Gardening,142.04,USD,16,1,true,true,false,false,true,true,false,true,68,100,NORMALIZED,REAL_EXTRACTED
cozy-garden,https://thecozygarden.com/products/e415-jsyhzzcyxmwsuwjg4002v0-metal-raised-garden-bed-3-pcs-2-x-2-x-1-ft-outdoor-galvanized-planter-garden-box-open-bottom-design-large-planter-raised-bed-for-growing-vegetables-flowers-herbs-succulents-wood-grain,"Metal Raised Garden Bed, 3 Pcs 2 x 2 x 1 ft Outdoor Galvanized Planter Garden Box, Open Bottom Design, Large Planter Raised Bed for Growing Vegetables, Flowers, Herbs, Succulents, Wood Grain",Raised Garden Beds,63.39,USD,22,1,true,true,false,false,true,true,false,false,69,100,NORMALIZED,REAL_EXTRACTED
cozy-garden,https://thecozygarden.com/products/a949-821550-planters-2-pcs-165x157x154-corten-steel,"Planters 2 pcs 16.5""x15.7""x15.4"" Corten Steel",Gardening,117.05,USD,20,1,true,true,false,false,true,true,false,true,74,100,NORMALIZED,REAL_EXTRACTED
viridian-bay,https://viridianbay.com/products/root-candle-3-x-3-pillar-candle-white,"Root Candle 3 x 3"" Pillar Candle, White",Candles,27,USD,6,1,true,false,false,false,true,true,false,true,65,100,NORMALIZED,REAL_EXTRACTED
ferm-living,https://fermliving.com/products/stagger-shelf-tall-oiled-oak,Stagger Shelf - Tall - Oiled Oak,Home > Stagger Shelf - Tall - Oiled Oak,71.2,EUR,2,1,true,true,false,false,true,true,false,true,64,100,NORMALIZED,REAL_EXTRACTED
cozy-garden,https://thecozygarden.com/products/d681-gt4278na-fir-wood-outdoor-raised-garden-bed-with-divider-panel-and-drainage-holes-natural-color-natural,Fir Wood Outdoor Raised Garden Bed with Divider Panel and Drainage Holes-Natural - Color: Natural,Outdoor > Garden > Raised Garden Beds,113.48,USD,12,1,true,true,false,false,true,true,false,true,69,100,NORMALIZED,REAL_EXTRACTED
lewpe,https://lewpe.com/products/ave-hemispherical-adjustable-pendant,Ave. Hemispherical Adjustable Pendant,Ceiling Light,165,USD,24,60,true,true,false,false,true,true,false,false,70,94,NORMALIZED,REAL_EXTRACTED
cozy-garden,https://thecozygarden.com/products/d681-gt4278na-fir-wood-outdoor-raised-garden-bed-with-divider-panel-and-drainage-holes-natural-color-natural,Fir Wood Outdoor Raised Garden Bed with Divider Panel and Drainage Holes-Natural - Color: Natural,Outdoor > Garden > Raised Garden Beds,113.48,USD,12,1,true,true,false,false,true,true,false,true,69,100,NORMALIZED,REAL_EXTRACTED
cozy-garden,https://thecozygarden.com/products/a949-821550-planters-2-pcs-165x157x154-corten-steel,"Planters 2 pcs 16.5""x15.7""x15.4"" Corten Steel",Gardening,117.05,USD,20,1,true,true,false,false,true,true,false,true,74,100,NORMALIZED,REAL_EXTRACTED
cozy-garden,https://thecozygarden.com/products/y829-1392007737761103897-solar-hanging-bug-light-flying-insect-fairy-lamp-garden-bug-light-iron-insect-statue-ornament-yard-balcony-porch-garden-decor-x250607,Solar Hanging Bug Light Flying Insect Fairy Lamp Garden Bug Light Iron Insect Statue Ornament Yard Balcony Porch Garden Decor X250607,Outdoor Wall Lamps,57.65,USD,3,1,true,false,false,false,true,true,false,false,63,100,NORMALIZED,REAL_EXTRACTED
viridian-bay,https://viridianbay.com/products/tour-en-spirale-white-garden-stool,Tour en Spirale White Garden Stool,Outdoor Seating,502,USD,3,1,true,true,false,false,true,true,false,true,71,100,NORMALIZED,REAL_EXTRACTED
ferm-living,https://fermliving.com/products/virelle-vase-h18-clear,Virelle Vase - Small - Clear,Home > Virelle Vase - Small - Clear,95.2,EUR,2,1,true,true,false,false,true,true,false,true,70,100,NORMALIZED,REAL_EXTRACTED
viridian-bay,https://viridianbay.com/products/loro-lantern-1,Loro Lantern,Lanterns,112,USD,6,1,true,true,false,false,true,true,false,true,70,100,NORMALIZED,REAL_EXTRACTED
lewpe,https://lewpe.com/products/nazare-portable-led-table-lamp-built-in-battery,"Nazaré. Portable LED Table Lamp, Built-in Battery",Table Lamps,89.95,USD,11,18,true,true,true,false,true,true,false,false,70,94,NORMALIZED,REAL_EXTRACTED
ferm-living,https://fermliving.com/products/twill-cushion-rectangular-cashmere-black,Twill Cushion - Rectangular - Cashmere/Black,Home > Twill Cushion - Rectangular - Cashmere/Black,63.2,EUR,2,3,true,true,false,false,true,true,false,true,70,100,NORMALIZED,REAL_EXTRACTED
viridian-bay,https://viridianbay.com/products/welcoming-crane-garden-stake,Welcoming Crane Garden Stake,Lawn Ornaments & Garden Sculptures,53,USD,3,1,true,true,false,false,true,true,false,true,71,100,NORMALIZED,REAL_EXTRACTED
viridian-bay,https://viridianbay.com/products/aria-striato-garden-seat,Aria Striato Garden Seat,Table & Bar Stools,359,USD,3,1,true,true,false,false,true,true,false,true,76,88,NORMALIZED,REAL_EXTRACTED
viridian-bay,https://viridianbay.com/products/swirling-feathers-lantern-bronze-verdi-or-white-finish,"Swirling Feathers Lantern (Bronze, Verdi or White Finish)",Candle Holders,150.95,USD,8,6,true,true,false,false,true,true,false,true,71,94,NORMALIZED,REAL_EXTRACTED
viridian-bay,https://viridianbay.com/products/bird-branch-firescreen,Bird & Branch Firescreen,Fireplace Screens,517,USD,3,1,true,true,false,false,true,true,false,true,65,100,NORMALIZED,REAL_EXTRACTED
cozy-garden,https://thecozygarden.com/products/y829-1430788729857511464-solar-iron-decor-light-lamp-driveway-fairy-patio-powered-ip65-fence-outdoor-lights-lawn-waterproof-dawn-led-dusk-ornaments-metal-c250922,Solar Iron Decor Light Lamp Driveway Fairy Patio Powered Ip65 Fence Outdoor Lights Lawn Waterproof Dawn Led Dusk Ornaments Metal C250922,Lawn Lamps,46.33,USD,3,1,true,true,false,false,true,true,false,false,63,100,NORMALIZED,REAL_EXTRACTED
cozy-garden,https://thecozygarden.com/products/q119-cjjt2392782-solar-exhaust-fan-outdoor-monocrystalline-module,Solar Exhaust Fan Outdoor Monocrystalline Module,Home Office Storage,69.36,USD,3,1,true,true,false,false,true,true,false,false,63,100,NORMALIZED,REAL_EXTRACTED
viridian-bay,https://viridianbay.com/products/tree-and-lattice-pattern-garden-stool,Tree of Life Garden Stool,Garden Stool,320,USD,3,1,true,true,false,false,true,true,false,true,71,100,NORMALIZED,REAL_EXTRACTED
ferm-living,https://fermliving.com/products/dase-cushion-tonus-mint,Dase Cushion - Tonus - Mint,Home > Dase Cushion - Tonus - Mint,140,EUR,2,3,true,true,false,false,true,true,false,true,70,100,NORMALIZED,REAL_EXTRACTED
cozy-garden,https://thecozygarden.com/products/t575-s0671289849-5151106cm-plastic-round-birdbath-with-solar-ligh-dark-green,51*51*106cm Plastic Round Birdbath with Solar Ligh Dark Green,Home,75.94,USD,18,1,true,true,false,false,true,true,false,false,63,100,NORMALIZED,REAL_EXTRACTED
viridian-bay,https://viridianbay.com/products/crane-pair-in-flight-end-table,Crane Pair in Flight End Table,Accent Tables,715,USD,3,1,true,true,false,false,true,true,false,true,65,100,NORMALIZED,REAL_EXTRACTED
lewpe,https://lewpe.com/products/agueda-curved-up-down-wall-light,"Águeda. Curved Up-Down Wall Light, Aluminum",Wall Light Fixtures,116,USD,24,144,true,true,false,false,true,true,false,false,70,94,NORMALIZED,REAL_EXTRACTED
viridian-bay,https://viridianbay.com/products/tree-and-lattice-pattern-garden-stool,Tree of Life Garden Stool,Garden Stool,320,USD,3,1,true,true,false,false,true,true,false,true,71,100,NORMALIZED,REAL_EXTRACTED
cozy-garden,https://thecozygarden.com/products/k290-1193667824-firefly-solar-mini-led-christmas-lights-on-string,Firefly Solar mini LED Christmas lights on String,led light,28.86,USD,3,1,true,true,false,false,true,true,false,true,63,100,NORMALIZED,REAL_EXTRACTED
ferm-living,https://fermliving.com/products/bell-shade-light-grey,Bell Shade - Light Grey,Home > Bell Shade - Light Grey,111.2,EUR,2,7,true,true,false,false,true,true,false,true,64,100,NORMALIZED,REAL_EXTRACTED
viridian-bay,https://viridianbay.com/products/honeycomb-garden-stool,Honeycomb Garden Stool,Table & Bar Stools,788,USD,3,1,true,true,false,false,true,true,false,true,71,100,NORMALIZED,REAL_EXTRACTED
viridian-bay,https://viridianbay.com/products/peacock-garden-trellis-medium-verdi,Peacock Garden Trellis Medium (Verdi),Trellises,245,USD,6,1,true,true,false,false,true,true,false,true,71,100,NORMALIZED,REAL_EXTRACTED
lewpe,https://lewpe.com/products/aire-portable-outdoor-basket-light,"Aire. Portable Outdoor Basket Light, Cordless LED",Lamps,130.95,USD,13,4,true,true,false,false,true,true,false,false,70,94,NORMALIZED,REAL_EXTRACTED
viridian-bay,https://viridianbay.com/products/spring-celebration-pot-holder,Spring Celebration Pot Holder,Plant Stands,330,USD,6,1,true,true,false,false,true,true,false,true,71,100,NORMALIZED,REAL_EXTRACTED
cozy-garden,https://thecozygarden.com/products/f640-12000037541829212-emitting-color-blue-wattage-100-300w-ships-from-china-outdoor-led-garland-solar-lights-mushroom-waterproof-landscape-christmas-string-lamp-for-lawn-garden-patio-street-decoration,"Emitting Color: Blue, Wattage: 100-300W, Ships From: CHINA - Outdoor LED Garland Solar Lights Mushroom Waterproof Landscape Christmas String Lamp For Lawn Garden Patio Street Decoration",Outdoor Lighting,19.94,USD,16,1,true,false,false,false,true,true,false,false,63,100,NORMALIZED,REAL_EXTRACTED
lewpe,https://lewpe.com/products/alcabrichel-square-post-light-stainless-steel,"Alcabrichel. Square Post Light, Stainless Steel",Landscape Pathway Lighting,179,USD,24,24,true,true,false,false,true,true,false,false,70,94,NORMALIZED,REAL_EXTRACTED
viridian-bay,https://viridianbay.com/products/peacock-garden-trellis-medium-verdi,Peacock Garden Trellis Medium (Verdi),Trellises,245,USD,6,1,true,true,false,false,true,true,false,true,71,100,NORMALIZED,REAL_EXTRACTED
viridian-bay,https://viridianbay.com/products/vela-de-mision-hurricane-candleholder,Vela de Mision Hurricane Lantern,Candle Holders,66.95,USD,7,1,true,true,false,false,true,true,false,true,71,100,NORMALIZED,REAL_EXTRACTED
lewpe,https://lewpe.com/products/milfontes-macaron-glass-wall-sconce-painted-iron,"Milfontes. Macaron Glass Wall Sconce, Painted Iron",Wall Light Fixtures,74.95,USD,19,20,true,true,false,false,true,true,false,false,70,94,NORMALIZED,REAL_EXTRACTED
lewpe,https://lewpe.com/products/sortelha-mouthblown-glass-wall-sconce-iron-stem,"Sortelha. Mouthblown Glass Wall Sconce, Iron Stem",Wall Light Fixtures,135.95,USD,24,42,true,true,false,false,true,true,false,false,70,94,NORMALIZED,REAL_EXTRACTED
viridian-bay,https://viridianbay.com/products/brindille-vanity-mirror,Brindille Vanity Mirror,Mirrors,148.95,USD,6,1,true,true,false,false,true,true,false,true,71,100,NORMALIZED,REAL_EXTRACTED
cozy-garden,https://thecozygarden.com/products/a949-45521-garden-raised-bed-grey-galvanized-steel-1575-x-315-x-319-in,"Garden Raised Bed 157.5""x31.5""x31.9"" Galvanized Steel Gray",Gardening,292.68,USD,18,1,true,true,false,false,true,true,false,true,63,100,NORMALIZED,REAL_EXTRACTED
cozy-garden,https://thecozygarden.com/products/a949-40870-garden-light-set-of-3-cool-white-plastic-small-solar,Solar Bowl 3 LED Garden Lights with Spike Anchors & Solar Panel,Outdoor Lighting,36.11,USD,16,1,true,true,false,false,true,true,false,true,63,100,NORMALIZED,REAL_EXTRACTED
viridian-bay,https://viridianbay.com/products/green-cascade-garden-stool,Green Cascade Garden Stool,Outdoor Seating,599,USD,3,1,true,true,false,false,true,true,false,true,76,100,NORMALIZED,REAL_EXTRACTED
cozy-garden,https://thecozygarden.com/products/a949-365488-planter-with-trellis-brown-solid-wood-fir,Planter with Trellis Brown Solid Wood Fir,Gardening,110.81,USD,18,1,true,true,false,false,true,true,false,true,74,100,NORMALIZED,REAL_EXTRACTED
cozy-garden,https://thecozygarden.com/products/e415-gnzwj150cm90w4h6vv1-plant-stand-with-grow-light-4-tier-plant-shelf-with-90w-grow-light-for-indoor-plants-grow-light-shelf-full-spectrum-lights-adjustable-metal-plant-stand-for-seed-starting,"Plant Stand with Grow Light, 4 Tier Plant Shelf with 90W Grow Light for Indoor Plants, Grow Light Shelf Full Spectrum Lights Adjustable Metal Plant Stand for Seed Starting",Planters,126.7,USD,6,1,true,true,false,false,true,true,false,false,63,100,NORMALIZED,REAL_EXTRACTED
viridian-bay,https://viridianbay.com/products/zebresse-ceramic-garden-stool,Zebresse Ceramic Garden Stool,Garden Stool,374,USD,3,1,true,true,false,false,true,true,false,true,76,100,NORMALIZED,REAL_EXTRACTED
cozy-garden,https://thecozygarden.com/products/f640-12000037977966074-emitting-color-white-wattage-0-5w-300leds-solar-curtain-light-led-outdoor-waterproof-garland-decoration-string-lights-yard-christmas-fairy-garland-string-lights,"Emitting Color: WHITE, Wattage: 0-5W - 300LEDs Solar Curtain Light LED Outdoor Waterproof Garland Decoration String Lights Yard Christmas Fairy Garland String Lights",Outdoor Lighting,21,USD,16,1,true,true,false,false,true,true,false,false,63,100,NORMALIZED,REAL_EXTRACTED
cozy-garden,https://thecozygarden.com/products/d681-hw729522-outdoor-curved-acacia-wood-fire-pit-bench-with-slatted-seat-set-of-2-color-natural,Outdoor Curved Acacia Wood Fire Pit Bench with Slatted Seat-Set of 2 - Color: Natural,Outdoor > Outdoor & Patio Furniture > Outdoor Seating & Patio Chairs > Outdoor Benches,228.99,USD,6,1,true,true,false,false,true,true,false,true,69,100,NORMALIZED,REAL_EXTRACTED
cozy-garden,https://thecozygarden.com/products/d681-np10257-315-inch-patio-fire-pit-dining-table-with-cooking-bbq-grate-color-black,31.5 Inch Patio Fire Pit Dining Table With Cooking BBQ Grate - Color: Black,Outdoor > Outdoor Heating > Fire Pits > Fire Pit Tables,102.98,USD,12,1,true,true,false,false,true,true,false,true,69,100,NORMALIZED,REAL_EXTRACTED
viridian-bay,https://viridianbay.com/products/green-cascade-garden-stool,Green Cascade Garden Stool,Outdoor Seating,599,USD,3,1,true,true,false,false,true,true,false,true,76,100,NORMALIZED,REAL_EXTRACTED
viridian-bay,https://viridianbay.com/products/rio-red-garden-stool,Rio Red Garden Stool,Garden Stool,588,USD,3,1,true,true,false,false,true,true,false,true,71,100,NORMALIZED,REAL_EXTRACTED
cozy-garden,https://thecozygarden.com/products/a949-810752-garden-planter-honey-brown-591x197x197-solid-wood-pine,"Garden Planter Honey Brown 59.1""x19.7""x19.7"" Solid Wood Pine",Gardening,127.99,USD,18,1,true,true,false,false,true,true,false,true,69,100,NORMALIZED,REAL_EXTRACTED
wall-panel-centre,https://thewallpanelcentre.co.uk/products/gloss-blue-hygienic-wall-cladding-gloss-colour,Gloss Blue Lagoon Hygienic Wall Cladding PVC Sheet,Homepage > Back,93.61,GBP,1,2,true,true,false,false,true,true,false,true,70,100,NORMALIZED,REAL_EXTRACTED
viridian-bay,https://viridianbay.com/products/moss-ceramic-garden-stool,Moss Ceramic Garden Stool,Table & Bar Stools,599,USD,3,1,true,true,false,false,true,true,false,true,71,100,NORMALIZED,REAL_EXTRACTED
cozy-garden,https://thecozygarden.com/products/d681-op70369-42-inch-60000-btu-propane-fire-pit-table-with-ceramic-tabletop-color-black,42 Inch 60000 BTU Propane Fire Pit Table with Ceramic Tabletop - Color: Black,Outdoor > Outdoor Heating > Fire Pits > Fire Pit Tables,338.98,USD,10,1,true,true,false,false,true,true,false,true,69,100,NORMALIZED,REAL_EXTRACTED
viridian-bay,https://viridianbay.com/products/rio-red-garden-stool,Rio Red Garden Stool,Garden Stool,588,USD,3,1,true,true,false,false,true,true,false,true,71,100,NORMALIZED,REAL_EXTRACTED
viridian-bay,https://viridianbay.com/products/shores-edge-oil-lantern,Shore's Edge Oil Lantern,Tiki Torches & Oil Lamps,89,USD,5,1,true,true,false,false,true,true,false,true,65,100,NORMALIZED,REAL_EXTRACTED
cozy-garden,https://thecozygarden.com/products/d681-np11843-30-inch-outdoor-fire-pit-chiminea-with-grill-for-garden-bbq-color-black,30 Inch Outdoor Fire Pit Chiminea with Grill for Garden BBQ - Color: Black,Outdoor > Outdoor Heating > Fire Pits,475.24,USD,6,1,true,true,false,false,true,true,false,true,63,100,NORMALIZED,REAL_EXTRACTED
viridian-bay,https://viridianbay.com/products/tropical-flamingo-planters-pair,Tropical Flamingo Planters Pair,Pots & Planters,279.95,USD,9,1,true,true,false,false,true,true,false,true,71,100,NORMALIZED,REAL_EXTRACTED
cozy-garden,https://thecozygarden.com/products/b593-walmartgt4712or-costway-36-inch-wooden-flower-planter-box-garden-yard-decorative-window-box-rectangular,Costway 36 Inch Wooden Flower Planter Box Garden Yard Decorative Window Box Rectangular,Live,87.04,USD,11,2,true,true,false,false,true,true,false,false,63,94,NORMALIZED,REAL_EXTRACTED
cozy-garden,https://thecozygarden.com/products/y829-1478865379329728530-1pc-fat-man-sunflowerdwarf-garden-resin-statue-ornament-outdoor-decoration-beekeeper-crafts-26l0202,1pc fat man sunflowerdwarf garden resin statue ornament outdoor decoration beekeeper crafts 26L0202,Home Accents,32.94,USD,3,1,true,false,false,false,true,true,false,false,69,100,NORMALIZED,REAL_EXTRACTED
viridian-bay,https://viridianbay.com/products/shores-edge-oil-lantern,Shore's Edge Oil Lantern,Tiki Torches & Oil Lamps,89,USD,5,1,true,true,false,false,true,true,false,true,65,100,NORMALIZED,REAL_EXTRACTED
cozy-garden,https://thecozygarden.com/products/f640-12000038662277624-emitting-color-warm-white-1pc-solar-garden-butterfly-lights-outdoor-waterproof-decorative-lamp-festival-garden-lights-for-yard-garden-yard-path-decoration,Emitting Color: Warm White - 1pc Solar Garden Butterfly Lights Outdoor Waterproof Decorative Lamp Festival Garden Lights For Yard Garden Yard Path Decoration,Outdoor Lighting,24.32,USD,16,1,true,true,false,false,true,true,false,false,63,100,NORMALIZED,REAL_EXTRACTED
wall-panel-centre,https://thewallpanelcentre.co.uk/products/pastel-duck-egg-straight-joint-trim-for-hygienic-wall-cladding,Pastel Duck Egg Straight Joint Trim for Hygienic Wall Cladding,Homepage > Back,6.6,GBP,1,1,true,false,false,false,true,true,false,false,64,100,NORMALIZED,REAL_EXTRACTED
viridian-bay,https://viridianbay.com/products/brindille-tealight-holder,Brindille Tealight Holder,Candle Holders,75,USD,7,1,true,true,false,false,true,true,false,true,65,100,NORMALIZED,REAL_EXTRACTED
cozy-garden,https://thecozygarden.com/products/a949-47245-sparrow-house-with-5-rooms-268x59x83-firwood,"Sparrow House with 5 Rooms 26.8""x5.9""x8.3"" Firwood",For The Birds,79.2,USD,16,1,true,true,false,false,true,true,false,true,69,100,NORMALIZED,REAL_EXTRACTED
cozy-garden,https://thecozygarden.com/products/q280-ehwrdswb239858147-vintage-farmhouse-style-red-solid-wood-outdoor-birdhouse,Vintage Farmhouse Style Red Solid Wood Outdoor Birdhouse,Bird Houses,54.15,USD,8,1,true,true,false,false,true,true,false,false,74,88,IMPORTED,REAL_EXTRACTED
viridian-bay,https://viridianbay.com/products/brindille-hanging-single-tealight,Brindille Hanging Single Tealight Holder,Candle Holders,85,USD,7,1,true,true,false,false,true,true,false,true,65,100,NORMALIZED,REAL_EXTRACTED
viridian-bay,https://viridianbay.com/products/coqui-staked-oil-lamp,Coqui Staked Oil Lamp,Tiki Torches & Oil Lamps,56.95,USD,6,1,true,true,false,false,true,true,false,true,65,100,NORMALIZED,REAL_EXTRACTED
wall-panel-centre,https://thewallpanelcentre.co.uk/products/gloss-blue-starter-trim-for-hygienic-wall-cladding,Gloss Blue Lagoon Starter Trim for Hygienic Wall Cladding,Homepage > Back,6.6,GBP,1,1,true,false,false,false,true,true,false,false,64,100,NORMALIZED,REAL_EXTRACTED
viridian-bay,https://viridianbay.com/products/tete-a-tete-garden-sculpture,Tête à Tête Garden Sculpture,Garden Sculptures,138,USD,7,1,true,true,false,false,true,true,false,true,76,100,NORMALIZED,REAL_EXTRACTED
cozy-garden,https://thecozygarden.com/products/d681-pz10010qt-solar-outdoor-bird-bath-feeder-combo-with-flower-planter-pedestal-and-solar-lights-bronze-color-bronze,Solar Outdoor Bird Bath Feeder Combo with Flower Planter Pedestal and Solar Lights-Bronze - Color: Bronze,Pets > Bird Supplies,65.98,USD,12,1,true,true,false,false,true,true,false,true,63,100,NORMALIZED,REAL_EXTRACTED
cozy-garden,https://thecozygarden.com/products/b593-pz10005-pedestal-bird-bath-with-solar-light-with-bird-feeder-and-flower-planter-green,Pedestal Bird Bath with Solar Light with Bird Feeder and Flower Planter-Bronze,Pets,73.48,USD,21,2,true,true,false,false,true,true,false,false,63,94,NORMALIZED,REAL_EXTRACTED
viridian-bay,https://viridianbay.com/products/coqui-staked-oil-lamp,Coqui Staked Oil Lamp,Tiki Torches & Oil Lamps,56.95,USD,6,1,true,true,false,false,true,true,false,true,65,100,NORMALIZED,REAL_EXTRACTED
viridian-bay,https://viridianbay.com/products/root-candle-3-x-6-pillar-candle-ivory,"Root Candle 3 x 6"" Pillar Candle, Ivory",Candle,32,USD,6,1,true,false,false,false,true,true,false,true,65,100,NORMALIZED,REAL_EXTRACTED
ferm-living,https://fermliving.com/products/bellure-bowl-o17-rustic-bronze,Bellure Bowl - Rustic Bronze,Home > Bellure Bowl - Rustic Bronze,44,EUR,2,3,true,true,false,false,true,true,false,true,70,100,NORMALIZED,REAL_EXTRACTED
cozy-garden,https://thecozygarden.com/products/n270-476246-12-brown-wood-indoor-outdoor-square-planter-box,"12"" Brown Wood Indoor Outdoor Square Planter Box",Outdoor Planters,256.65,USD,16,1,true,true,false,false,true,true,false,true,69,100,NORMALIZED,REAL_EXTRACTED
viridian-bay,https://viridianbay.com/products/water-lilies-garden-stool-and-and-accent-table,Water Lilies Garden Stool and Accent Table,Gardening,280,USD,8,1,true,true,false,false,true,true,false,true,71,100,NORMALIZED,REAL_EXTRACTED
viridian-bay,https://viridianbay.com/products/root-candle-3-x-6-pillar-candle-ivory,"Root Candle 3 x 6"" Pillar Candle, Ivory",Candle,32,USD,6,1,true,false,false,false,true,true,false,true,65,100,NORMALIZED,REAL_EXTRACTED
viridian-bay,https://viridianbay.com/products/root-candle-3-x-9-pillar-candle-ivory,"Root Candle 3 x 9"" Pillar Candle, Ivory",Candle,35,USD,5,1,true,false,false,false,true,true,false,true,65,100,DUPLICATE,REAL_EXTRACTED
viridian-bay,https://viridianbay.com/products/root-candle-3-x-3-pillar-candle-white,"Root Candle 3 x 3"" Pillar Candle, White",Candles,27,USD,6,1,true,false,false,false,true,true,false,true,65,100,NORMALIZED,REAL_EXTRACTED
viridian-bay,https://viridianbay.com/products/root-candle-3-x-9-pillar-candle-white,"Root Candle 3 x 9"" Pillar Candle, White",Candle,35,USD,6,1,true,false,false,false,true,true,false,true,65,100,DUPLICATE,REAL_EXTRACTED
viridian-bay,https://viridianbay.com/products/led-dripping-candle-3-x-5-in-antique-ivory,"LED Dripping Candle 3"" x 5"" in Antique Ivory",Flameless Candles,42,USD,6,1,true,true,false,false,true,true,false,true,65,100,NORMALIZED,REAL_EXTRACTED
cozy-garden,https://thecozygarden.com/products/d681-jv12556bn2-indoor-plant-stand-with-grow-lights-58-tall-8-tier-corner-metal-plant-shelf-set-of-2-color-brown-size-set-of-2,"Indoor Plant Stand with Grow Lights 58"" Tall 8-Tier Corner Metal Plant Shelf-Set of 2 - Color: Brown - Size: Set of 2",Outdoor > Garden > Plant Stands,150.98,USD,20,1,true,true,false,false,true,true,false,true,63,100,NORMALIZED,REAL_EXTRACTED
viridian-bay,https://viridianbay.com/products/bunny-nuzzles-garden-sculpture,Bunny Nuzzles Garden Sculpture,Garden Statue,236,USD,7,1,true,true,false,false,true,true,false,true,76,88,IMPORTED,REAL_EXTRACTED
viridian-bay,https://viridianbay.com/products/rabbit-butler-with-bowl,Rabbit Butler with Bowl,Home & Garden,105,USD,4,1,true,true,false,false,true,true,false,true,71,100,NORMALIZED,REAL_EXTRACTED
viridian-bay,https://viridianbay.com/products/bunny-nuzzles-garden-sculpture,Bunny Nuzzles Garden Sculpture,Garden Statue,236,USD,7,1,true,true,false,false,true,true,false,true,71,100,NORMALIZED,REAL_EXTRACTED
viridian-bay,https://viridianbay.com/products/led-dripping-candle-3-x-5-in-antique-ivory,"LED Dripping Candle 3"" x 5"" in Antique Ivory",Flameless Candles,42,USD,6,1,true,true,false,false,true,true,false,true,65,100,NORMALIZED,REAL_EXTRACTED
viridian-bay,https://viridianbay.com/products/led-candle-remote-control-with-timer-dimmer,LED Candle Remote Control with Timer & Dimmer,Remote Controls,11,USD,3,1,true,false,false,false,true,true,false,true,65,100,NORMALIZED,REAL_EXTRACTED
cozy-garden,https://thecozygarden.com/products/b593-tm10262-wooden-mud-farm-playset-with-planter-box-lockable-yard-and-faucet-for-3-kids,Fir Wood Mud Farm Playset with Planter Box Lockable Yard and Faucet for 3+ Kids,Pretend Toys,127.48,USD,12,1,true,true,false,false,true,true,false,true,63,100,NORMALIZED,REAL_EXTRACTED
cozy-garden,https://thecozygarden.com/products/d681-gt4338-teak-oil-finish-raised-garden-bed-wood-planter-box-with-bench,Teak Oil Finish Raised Garden Bed Wood Planter Box with Bench,Outdoor > Garden > Raised Garden Beds,113.48,USD,12,1,true,true,false,false,true,true,false,true,63,100,NORMALIZED,REAL_EXTRACTED
cozy-garden,https://thecozygarden.com/products/a949-364182-planters-2-pcs-black-118x118x146-polypropylene,"Planters 2 pcs Black 11.8""x11.8""x14.6"" Polypropylene",Gardening,85.67,USD,18,1,true,true,false,false,true,true,false,true,68,100,NORMALIZED,REAL_EXTRACTED
viridian-bay,https://viridianbay.com/products/led-dripping-candle-3-x-7-white,"LED Dripping Candle  3"" x 7"" White",Flameless Candles,49,USD,6,1,true,true,false,false,true,true,false,true,65,100,NORMALIZED,REAL_EXTRACTED
viridian-bay,https://viridianbay.com/products/led-candle-remote-control-with-timer-dimmer,LED Candle Remote Control with Timer & Dimmer,Remote Controls,11,USD,3,1,true,false,false,false,true,true,false,true,65,100,NORMALIZED,REAL_EXTRACTED
viridian-bay,https://viridianbay.com/products/tour-en-spirale-white-garden-stool,Tour en Spirale White Garden Stool,Outdoor Seating,502,USD,3,1,true,true,false,false,true,true,false,true,71,100,NORMALIZED,REAL_EXTRACTED
ferm-living,https://fermliving.com/products/strand-outdoor-cushion-cover-carob-brown-parchment,Strand Outdoor Cushion Cover - Carob Brown/Parchment,Home > Strand Outdoor Cushion Cover - Carob Brown/Parchment,36,EUR,2,8,true,true,false,false,true,true,false,true,64,100,NORMALIZED,REAL_EXTRACTED
viridian-bay,https://viridianbay.com/products/veradoro-lantern-left-1,Veradoro Lantern Left,Home & Garden,164.95,USD,6,1,true,true,false,false,true,true,false,true,65,100,NORMALIZED,REAL_EXTRACTED
viridian-bay,https://viridianbay.com/products/veradoro-lantern-right-1,Veradoro Lantern Right,Home & Garden,164.95,USD,5,1,true,true,false,false,true,true,false,true,65,100,NORMALIZED,REAL_EXTRACTED
viridian-bay,https://viridianbay.com/products/arancione-vase,Arancione Vase- LAST CHANCE,Vases,49.97,USD,7,1,true,true,false,false,true,true,false,true,65,100,NORMALIZED,REAL_EXTRACTED
viridian-bay,https://viridianbay.com/products/giallo-vase,Giallo Vase - LAST CHANCE,Vases,42.97,USD,7,1,true,true,false,false,true,true,false,true,65,100,NORMALIZED,REAL_EXTRACTED
viridian-bay,https://viridianbay.com/products/hanging-birds-nest-bird-feeder-and-planter,Hanging Bird's Nest Bird Feeder and Planter,Home & Garden,63.95,USD,7,1,true,true,false,false,true,true,false,true,71,100,NORMALIZED,REAL_EXTRACTED
viridian-bay,https://viridianbay.com/products/ornate-peacock-hanging-plant-holder,Ornate Peacock Hanging Plant Holder,Pots & Planters,103.95,USD,9,1,true,true,false,false,true,true,false,true,71,100,NORMALIZED,REAL_EXTRACTED
viridian-bay,https://viridianbay.com/products/ruffled-parrot-sculpture,Ruffled Parrot Sculpture,Home & Garden,120,USD,8,1,true,true,false,false,true,true,false,true,65,100,NORMALIZED,REAL_EXTRACTED
viridian-bay,https://viridianbay.com/products/morning-glory-garden-bell,Morning Glory Garden Bell,Decorative Bells,91,USD,6,1,true,true,false,false,true,true,false,true,71,100,NORMALIZED,REAL_EXTRACTED
viridian-bay,https://viridianbay.com/products/starry-night-garden-trellis-1,Starry Night Garden Trellis-PREORDER,Plant Supports,155,USD,5,1,true,true,false,false,true,true,false,true,65,100,NORMALIZED,REAL_EXTRACTED
viridian-bay,https://viridianbay.com/products/ornate-peacock-hanging-plant-holder,Ornate Peacock Hanging Plant Holder,Pots & Planters,103.95,USD,9,1,true,true,false,false,true,true,false,true,71,100,NORMALIZED,REAL_EXTRACTED
viridian-bay,https://viridianbay.com/products/ruffled-parrot-sculpture,Ruffled Parrot Sculpture,Home & Garden,120,USD,8,1,true,true,false,false,true,true,false,true,65,100,NORMALIZED,REAL_EXTRACTED
viridian-bay,https://viridianbay.com/products/candlelight-serenade-pillar-candleholder,Candlelight Serenade Pillar Candleholder,Candle Holders,78,USD,8,1,true,true,false,false,true,true,false,true,65,100,NORMALIZED,REAL_EXTRACTED
viridian-bay,https://viridianbay.com/products/honeycomb-garden-stool,Honeycomb Garden Stool,Table & Bar Stools,788,USD,3,1,true,true,false,false,true,true,false,true,71,100,NORMALIZED,REAL_EXTRACTED
viridian-bay,https://viridianbay.com/products/rayas-garden-stool-garden-green,Rayas Garden Stool Garden Green,Accent Tables,449,USD,3,1,true,true,false,false,true,true,false,true,71,100,NORMALIZED,REAL_EXTRACTED
viridian-bay,https://viridianbay.com/products/single-flamingo-ready-to-mingle-mirror,Single Flamingo Ready to Mingle Mirror,Mirrors,199,USD,5,1,true,true,false,false,true,true,false,true,71,100,NORMALIZED,REAL_EXTRACTED
viridian-bay,https://viridianbay.com/products/candlelight-serenade-pillar-candleholder,Candlelight Serenade Pillar Candleholder,Candle Holders,78,USD,8,1,true,true,false,false,true,true,false,true,65,100,NORMALIZED,REAL_EXTRACTED
viridian-bay,https://viridianbay.com/products/spring-celebration-pot-holder,Spring Celebration Pot Holder,Plant Stands,330,USD,6,1,true,true,false,false,true,true,false,true,71,100,NORMALIZED,REAL_EXTRACTED
viridian-bay,https://viridianbay.com/products/high-tides-garden-stool,High Tides Garden Stool,Table & Bar Stools,299,USD,9,1,true,true,false,false,true,true,false,true,76,88,IMPORTED,REAL_EXTRACTED
viridian-bay,https://viridianbay.com/products/peacock-garden-trellis-small-verdi,Peacock Garden Trellis Small (Verdi),Trellises,99,USD,4,1,true,true,false,false,true,true,false,true,71,100,NORMALIZED,REAL_EXTRACTED
viridian-bay,https://viridianbay.com/products/high-tides-garden-stool,High Tides Garden Stool,Table & Bar Stools,299,USD,9,1,true,true,false,false,true,true,false,true,71,100,NORMALIZED,REAL_EXTRACTED
viridian-bay,https://viridianbay.com/products/octavius-and-the-sea-garden-stool,Octavius and the Sea Garden Stool,Outdoor Chairs,275,USD,6,1,true,true,false,false,true,true,false,true,71,100,NORMALIZED,REAL_EXTRACTED
viridian-bay,https://viridianbay.com/products/girasole-garden-edging,Girasole Garden Edging,Home & Garden,99,USD,6,1,true,true,false,false,true,true,false,true,71,100,NORMALIZED,REAL_EXTRACTED
viridian-bay,https://viridianbay.com/products/scottie-dog-planter-box,Scottie Dog Planter Box,Planters,93,USD,3,1,true,false,false,false,true,true,false,true,71,100,NORMALIZED,REAL_EXTRACTED
viridian-bay,https://viridianbay.com/products/clover-and-thistle-garden-trellis,Clover and Thistle Garden Trellis,Plant Supports,250,USD,5,1,true,true,false,false,true,true,false,true,71,100,NORMALIZED,REAL_EXTRACTED
viridian-bay,https://viridianbay.com/products/all-abuzz-garden-stool,All Abuzz Garden Stool,Table & Bar Stools,320,USD,10,1,true,true,false,false,true,true,false,true,70,88,IMPORTED,REAL_EXTRACTED
viridian-bay,https://viridianbay.com/products/all-abuzz-garden-stool,All Abuzz Garden Stool,Table & Bar Stools,320,USD,10,1,true,true,false,false,true,true,false,true,65,100,NORMALIZED,REAL_EXTRACTED
viridian-bay,https://viridianbay.com/products/ruche-dabeilles-staked-hanging-lantern,Ruche D'abeilles Staked Hanging Lantern,Home & Garden,140,USD,8,1,true,true,false,false,true,true,false,true,65,100,NORMALIZED,REAL_EXTRACTED
viridian-bay,https://viridianbay.com/products/clover-and-thistle-garden-trellis,Clover and Thistle Garden Trellis,Plant Supports,250,USD,5,1,true,true,false,false,true,true,false,true,71,100,NORMALIZED,REAL_EXTRACTED
viridian-bay,https://viridianbay.com/products/vuelo-de-las-aves-lanterns,Vuelo de Las Aves Lanterns,Candle Holders,215,USD,9,1,true,true,false,false,true,true,false,true,65,100,NORMALIZED,REAL_EXTRACTED
viridian-bay,https://viridianbay.com/products/bounding-bear-garden-lantern,Bounding Bear Garden Lantern,Lawn Ornaments,178,USD,9,1,true,true,false,false,true,true,false,true,65,100,NORMALIZED,REAL_EXTRACTED
viridian-bay,https://viridianbay.com/products/moss-ceramic-garden-stool,Moss Ceramic Garden Stool,Table & Bar Stools,599,USD,3,1,true,true,false,false,true,true,false,true,71,100,NORMALIZED,REAL_EXTRACTED
viridian-bay,https://viridianbay.com/products/morning-flight-hummingbird-windchime,Morning Flight Hummingbird Windchime,Cardboard Cutouts,49,USD,5,1,true,true,false,false,true,true,false,true,65,100,NORMALIZED,REAL_EXTRACTED
viridian-bay,https://viridianbay.com/products/6-x-6-large-ivory-pillar-candle,"6"" x 6"" Large Ivory Pillar Candle",Candles,49,USD,3,1,true,false,false,false,true,true,false,true,71,100,NORMALIZED,REAL_EXTRACTED
viridian-bay,https://viridianbay.com/products/replacement-glass-tealight-cup,Replacement Glass Tealight Cup,Home & Garden,3,USD,3,1,true,true,false,false,true,true,false,true,65,100,NORMALIZED,REAL_EXTRACTED
viridian-bay,https://viridianbay.com/products/eternal-viridian-garden-stool,Eternal Viridian Garden Stool,Outdoor Furniture,588,USD,3,1,true,true,false,false,true,true,false,true,71,100,NORMALIZED,REAL_EXTRACTED
cozy-garden,https://thecozygarden.com/products/d681-gt3662gr-wooden-wagon-plant-bed-with-metal-wheels-for-garden-yard-patio-gray-color-gray,Wooden Wagon Plant Bed with Metal Wheels for Garden Yard Patio-Gray - Color: Gray,Outdoor > Garden > Raised Garden Beds,65.98,USD,12,1,true,true,false,false,true,true,false,true,63,100,NORMALIZED,REAL_EXTRACTED
viridian-bay,https://viridianbay.com/products/white-floating-3-candles-set-of-12,"White Floating 3"" Candles, Set of 12",Candle,29,USD,5,1,true,true,false,false,true,true,false,true,71,100,NORMALIZED,REAL_EXTRACTED
viridian-bay,https://viridianbay.com/products/oil-lamp-glass-with-wick,"Replacement Oil Lamp Glass With Wick (fits VB33217, VB33216 and VB33215)",Home & Garden,6,USD,3,1,true,true,false,false,true,true,false,true,65,100,NORMALIZED,REAL_EXTRACTED
viridian-bay,https://viridianbay.com/products/replacement-glass-tealight-cup,Replacement Glass Tealight Cup,Home & Garden,3,USD,3,1,true,true,false,false,true,true,false,true,65,100,NORMALIZED,REAL_EXTRACTED
viridian-bay,https://viridianbay.com/products/replacement-oil-lamp-glass-with-wick-fits-pb34337-pb34336,"Replacement Oil Lamp Glass With Wick (fits PB34337, PB34336)",Camping Lights & Lanterns,6,USD,3,1,true,true,false,false,true,true,false,false,65,100,NORMALIZED,REAL_EXTRACTED
viridian-bay,https://viridianbay.com/products/papillon-oil-lantern,Papillon Oil Lantern,Tiki Torches & Oil Lamps,62.95,USD,4,1,true,true,false,false,true,true,false,true,65,100,NORMALIZED,REAL_EXTRACTED
viridian-bay,https://viridianbay.com/products/brindille-tealight-holder,Brindille Tealight Holder,Candle Holders,75,USD,7,1,true,true,false,false,true,true,false,true,65,100,NORMALIZED,REAL_EXTRACTED
viridian-bay,https://viridianbay.com/products/additional-stake-piece-for-staked-oil-lanterns,Additional Stake Piece for Staked Oil Lanterns,Tiki Torches & Oil Lamps,10,USD,3,1,true,false,false,false,true,true,false,true,65,100,NORMALIZED,REAL_EXTRACTED
viridian-bay,https://viridianbay.com/products/replacement-oil-lamp-glass-with-wick-fits-pb34337-pb34336,"Replacement Oil Lamp Glass With Wick (fits PB34337, PB34336)",Camping Lights & Lanterns,6,USD,3,1,true,true,false,false,true,true,false,false,65,100,NORMALIZED,REAL_EXTRACTED
viridian-bay,https://viridianbay.com/products/hummingbird-and-blossoms-vanity-mirror,Hummingbird and Blossoms Vanity Mirror,Mirrors,115,USD,7,1,true,true,false,false,true,true,false,true,71,100,NORMALIZED,REAL_EXTRACTED
viridian-bay,https://viridianbay.com/products/fab-flamingo-hanging-plant-holder,Fab Flamingo Hanging Plant Holder,Planters,215,USD,7,1,true,true,false,false,true,true,false,true,65,100,NORMALIZED,REAL_EXTRACTED
viridian-bay,https://viridianbay.com/products/brindille-hanging-single-tealight,Brindille Hanging Single Tealight Holder,Candle Holders,85,USD,7,1,true,true,false,false,true,true,false,true,65,100,NORMALIZED,REAL_EXTRACTED
viridian-bay,https://viridianbay.com/products/curious-couple-garden-sculpture,Curious Couple Garden Statue,Garden Sculptures,260,USD,8,1,true,true,false,false,true,true,false,true,76,88,IMPORTED,REAL_EXTRACTED
viridian-bay,https://viridianbay.com/products/fontaine-hanging-lantern,Fontaine Hanging Lantern,Candle Holders,106.95,USD,7,1,true,true,false,false,true,true,false,true,65,100,NORMALIZED,REAL_EXTRACTED
viridian-bay,https://viridianbay.com/products/curious-couple-garden-sculpture,Curious Couple Garden Statue,Garden Sculptures,260,USD,8,1,true,true,false,false,true,true,false,true,71,100,NORMALIZED,REAL_EXTRACTED
viridian-bay,https://viridianbay.com/products/fab-flamingo-hanging-plant-holder,Fab Flamingo Hanging Plant Holder,Planters,215,USD,7,1,true,true,false,false,true,true,false,true,65,100,NORMALIZED,REAL_EXTRACTED
viridian-bay,https://viridianbay.com/products/la-sirena-double-planter,La Sirena Double Planter,Plant Stands,575,USD,8,1,true,true,false,false,true,true,false,true,71,100,NORMALIZED,REAL_EXTRACTED
viridian-bay,https://viridianbay.com/products/scorrere-umbrella-surround-candleholder,Scorrere Umbrella Surround Candleholder,Candle Holders,139.95,USD,9,1,true,true,false,false,true,true,false,true,65,100,NORMALIZED,REAL_EXTRACTED
viridian-bay,https://viridianbay.com/products/birds-nest-staked-planter-candleholder,Bird's Nest Staked Planter & Candleholder,Gardening,90,USD,7,1,true,true,false,false,true,true,false,true,76,88,IMPORTED,REAL_EXTRACTED
wall-panel-centre,https://thewallpanelcentre.co.uk/products/gloss-grape-green-external-corner-joint-for-hygienic-wall-cladding,Gloss Grape Green External Corner Joint for Hygienic Wall Cladding,Homepage > Back,6.6,GBP,1,1,true,false,false,false,true,true,false,false,70,100,NORMALIZED,REAL_EXTRACTED
viridian-bay,https://viridianbay.com/products/sakura-serenity-round-mirror,Sakura Serenity Round Mirror,Mirrors,108,USD,7,1,true,true,false,false,true,true,false,true,71,100,NORMALIZED,REAL_EXTRACTED
viridian-bay,https://viridianbay.com/products/la-sirena-double-planter,La Sirena Double Planter,Plant Stands,575,USD,8,1,true,true,false,false,true,true,false,true,71,100,NORMALIZED,REAL_EXTRACTED
viridian-bay,https://viridianbay.com/products/henpecked-hanging-planter,Henpecked Hanging Planter,Pots & Planters,125,USD,6,1,true,true,false,false,true,true,false,true,65,100,NORMALIZED,REAL_EXTRACTED
cozy-garden,https://thecozygarden.com/products/b593-gt4655-5-tier-vertical-raised-garden-bed-wood-elevated-planter-box-with-legs-orange,5-tier Vertical Raised Garden Bed Wood Elevated Planter Box with Legs-Orange,Garden,88.48,USD,11,2,true,true,false,false,true,true,false,false,63,94,NORMALIZED,REAL_EXTRACTED
viridian-bay,https://viridianbay.com/products/tealight-candles-pack-of-4-in-clear-cup,Root Candles Tealight Candles Pack of 8 in Clear Cup,Home & Garden,14,USD,4,1,true,true,false,false,true,true,false,true,65,100,NORMALIZED,REAL_EXTRACTED
wall-panel-centre,https://thewallpanelcentre.co.uk/products/gloss-lime-green-straight-joint-trim-for-hygienic-wall-cladding,Gloss Lime Green Straight Joint Trim for Hygienic Wall Cladding,Homepage > Back,6.6,GBP,1,1,true,false,false,false,true,true,false,false,64,100,NORMALIZED,REAL_EXTRACTED
viridian-bay,https://viridianbay.com/products/set-of-3-wicks-for-metal-oil-lanterns,Set of 3 Wicks for Metal Oil Lanterns,Wicks,3,USD,3,1,true,true,false,false,true,true,false,true,71,100,NORMALIZED,REAL_EXTRACTED
viridian-bay,https://viridianbay.com/products/henpecked-hanging-planter,Henpecked Hanging Planter,Pots & Planters,125,USD,6,1,true,true,false,false,true,true,false,true,65,100,NORMALIZED,REAL_EXTRACTED
wall-panel-centre,https://thewallpanelcentre.co.uk/products/pastel-cream-internal-corner-joint-for-hygienic-wall-cladding,Pastel Cream Internal Corner Joint for Hygienic Wall Cladding,Homepage > Back,6.6,GBP,1,1,true,false,false,false,true,true,false,false,70,100,NORMALIZED,REAL_EXTRACTED
wall-panel-centre,https://thewallpanelcentre.co.uk/products/pastel-cream-colour-match-silicone-310ml-tube,Pastel Cream Colour Match Silicone 310ml Tube,Homepage > Back,29.9,GBP,0,1,true,true,false,false,true,true,false,false,61,100,NORMALIZED,REAL_EXTRACTED
cozy-garden,https://thecozygarden.com/products/e415-zyp33mx33msdzd1v0-outdoor-canopy-gazebo-tent-portable-canopy-shelter-with-11x11-large-shade-space-for-party-backyard-patio-lawn-and-garden-4-sandbags-carrying-bag-and-netting-included-brown,"Outdoor Canopy Gazebo Tent, Portable Canopy Shelter with 11'x11' Large Shade Space for Party, Backyard, Patio Lawn and Garden, 4 Sandbags, Carrying Bag and Netting Included, Brown",Shade Structures,175.31,USD,3,1,true,true,false,false,true,true,false,false,69,100,NORMALIZED,REAL_EXTRACTED
wall-panel-centre,https://thewallpanelcentre.co.uk/products/pastel-duck-egg-external-corner-joint-for-hygienic-wall-cladding,Pastel Duck Egg External Corner Joint for Hygienic Wall Cladding,Homepage > Back,6.6,GBP,1,1,true,false,false,false,true,true,false,false,70,100,NORMALIZED,REAL_EXTRACTED
viridian-bay,https://viridianbay.com/products/rabbit-butler-with-bowl,Rabbit Butler with Bowl,Home & Garden,105,USD,4,1,true,true,false,false,true,true,false,true,71,100,NORMALIZED,REAL_EXTRACTED
wall-panel-centre,https://thewallpanelcentre.co.uk/products/pastel-duck-egg-hygienic-wall-cladding-pastel-colour,Pastel Duck Egg Hygienic Wall Cladding PVC Sheet,Homepage > Back,74.41,GBP,1,2,true,true,false,false,true,true,false,true,70,100,DUPLICATE,REAL_EXTRACTED
cozy-garden,https://thecozygarden.com/products/q280-waphbhc19125836-white-two-story-songbird-birdhouse-with-copper-colored-roof-made-in-usa,White Two Story Songbird BirdHouse with Copper Colored Roof - Made in USA,For The Birds,317.69,USD,8,1,true,true,false,false,true,true,false,false,69,100,NORMALIZED,REAL_EXTRACTED
wall-panel-centre,https://thewallpanelcentre.co.uk/products/pastel-sandstone-internal-corner-joint-for-hygienic-wall-cladding,Pastel Sandstone Internal Corner Joint for Hygienic Wall Cladding,Homepage > Back,6.6,GBP,1,1,true,true,false,false,true,true,false,false,70,100,NORMALIZED,REAL_EXTRACTED
viridian-bay,https://viridianbay.com/products/led-dripping-candle-3-x-7-white,"LED Dripping Candle  3"" x 7"" White",Flameless Candles,49,USD,6,1,true,true,false,false,true,true,false,true,65,100,NORMALIZED,REAL_EXTRACTED
cozy-garden,https://thecozygarden.com/products/d681-gt3432-wooden-decorative-planter-box-for-garden-yard-and-window-color-brown,Wooden Decorative Planter Box for Garden Yard and Window - Color: Brown,Outdoor > Garden > Raised Garden Beds,88.48,USD,14,1,true,true,false,false,true,true,false,true,63,100,NORMALIZED,REAL_EXTRACTED
wall-panel-centre,https://thewallpanelcentre.co.uk/products/pastel-linen-starter-trim-for-hygienic-wall-cladding,Pastel Linen Starter Trim for Hygienic Wall Cladding,Homepage > Back,6.6,GBP,1,1,true,true,false,false,true,true,false,false,64,100,NORMALIZED,REAL_EXTRACTED
wall-panel-centre,https://thewallpanelcentre.co.uk/products/white-internal-corner-joint-for-hygienic-wall-cladding,White Internal Corner Joint for Hygienic Wall Cladding,Homepage > Back,4.2,GBP,1,2,true,false,false,false,true,true,false,false,70,100,NORMALIZED,REAL_EXTRACTED
viridian-bay,https://viridianbay.com/products/arancione-vase,Arancione Vase- LAST CHANCE,Vases,49.97,USD,7,1,true,true,false,false,true,true,false,true,70,88,IMPORTED,REAL_EXTRACTED
viridian-bay,https://viridianbay.com/products/starry-night-garden-trellis-1,Starry Night Garden Trellis-PREORDER,Plant Supports,155,USD,5,1,true,true,false,false,true,true,false,true,65,100,NORMALIZED,REAL_EXTRACTED
ferm-living,https://fermliving.com/products/twill-cushion-cover-off-white-black,Twill Cushion Cover - Off-White/Black,Home > Twill Cushion Cover - Off-White/Black,47.2,EUR,2,3,true,true,false,false,true,true,false,true,70,100,NORMALIZED,REAL_EXTRACTED
ferm-living,https://fermliving.com/products/ori-candle-holder-dark-stained-beech,Ori Candle Holder - Dark Stained Beech,Home > Ori Candle Holder - Dark Stained Beech,55.2,EUR,2,1,true,false,false,false,true,true,false,true,70,100,NORMALIZED,REAL_EXTRACTED
viridian-bay,https://viridianbay.com/products/fleur-de-lys-garden-trellis,Fleur de Lys Garden Trellis,Trellises,375,USD,8,1,true,true,false,false,true,true,false,true,71,100,NORMALIZED,REAL_EXTRACTED
ferm-living,https://fermliving.com/products/virelle-vase-h24-clear,Virelle Vase - Large - Clear,Home > Virelle Vase - Large - Clear,159.2,EUR,2,1,true,true,false,false,true,true,false,true,70,100,NORMALIZED,REAL_EXTRACTED
viridian-bay,https://viridianbay.com/products/single-flamingo-ready-to-mingle-mirror,Single Flamingo Ready to Mingle Mirror,Mirrors,199,USD,5,1,true,true,false,false,true,true,false,true,71,100,NORMALIZED,REAL_EXTRACTED
viridian-bay,https://viridianbay.com/products/branch-and-lattice-pattern-garden-stool,Branch and Lattice Pattern Garden Stool,Table & Bar Stools,299,USD,3,1,true,true,false,false,true,true,false,true,65,100,NORMALIZED,REAL_EXTRACTED
ferm-living,https://fermliving.com/products/folia-mirror-h82-natural-burl,Folia Mirror - Medium - Natural Burl,Home > Folia Mirror - Medium - Natural Burl,391.2,EUR,2,3,true,true,false,false,true,true,false,true,70,100,NORMALIZED,REAL_EXTRACTED
ferm-living,https://fermliving.com/products/tessera-vase-mirror-polished,Tessera Vase - Mirror Polished,Home > Tessera Vase - Mirror Polished,127.2,EUR,2,1,true,true,false,false,true,true,false,true,64,100,NORMALIZED,REAL_EXTRACTED
ferm-living,https://fermliving.com/products/nova-pinboard-light-celedon,Nova Pinboard - Light Celedon,Home > Nova Pinboard - Light Celedon,199.2,EUR,2,3,true,true,false,false,true,true,false,true,64,100,NORMALIZED,REAL_EXTRACTED
viridian-bay,https://viridianbay.com/products/root-candle-3-x-9-pillar-candle-ivory,"Root Candle 3 x 9"" Pillar Candle, Ivory",Candle,35,USD,5,1,true,false,false,false,true,true,false,true,65,100,DUPLICATE,REAL_EXTRACTED
viridian-bay,https://viridianbay.com/products/girasole-garden-edging,Girasole Garden Edging,Home & Garden,99,USD,6,1,true,true,false,false,true,true,false,true,71,100,NORMALIZED,REAL_EXTRACTED
viridian-bay,https://viridianbay.com/products/azure-ceramic-garden-stool,Azure Seas Ceramic Garden Stool,Table & Bar Stools,567,USD,5,1,true,true,false,false,true,true,false,true,71,100,NORMALIZED,REAL_EXTRACTED
ferm-living,https://fermliving.com/products/dase-cushion-rich-velvet-pine,Dase Cushion - Rich Velvet - Pine,Home > Dase Cushion - Rich Velvet - Pine,95.2,EUR,2,3,true,true,false,false,true,true,false,true,70,100,NORMALIZED,REAL_EXTRACTED
lewpe,https://lewpe.com/products/coimbra-arc-floor-lamp-walnut-amber-dome,"Coimbra. Arc Floor Lamp, Walnut and Amber Dome",Floor Lamps,500.95,USD,10,1,true,true,false,false,true,true,false,false,70,100,NORMALIZED,REAL_EXTRACTED
ferm-living,https://fermliving.com/products/dase-cushion-grain-cashmere,Dase Cushion - Grain - Cashmere,Home > Dase Cushion - Grain - Cashmere,95.2,EUR,2,1,true,true,false,false,true,true,false,true,70,100,NORMALIZED,REAL_EXTRACTED
ferm-living,https://fermliving.com/products/dase-cushion-boucle-off-white,Dase Cushion - Bouclé - Off-white,Home > Dase Cushion - Bouclé - Off-white,119.2,EUR,2,1,true,true,false,false,true,true,false,true,70,100,NORMALIZED,REAL_EXTRACTED
lewpe,https://lewpe.com/products/alcobaca-rectangular-led-wall-sconce-aluminum,"Alcobaça. Rectangular LED Wall Sconce, Aluminum",Wall Light Fixtures,53.95,USD,24,48,true,true,false,false,true,true,false,false,70,94,NORMALIZED,REAL_EXTRACTED
viridian-bay,https://viridianbay.com/products/ruche-dabeilles-staked-hanging-lantern,Ruche D'abeilles Staked Hanging Lantern,Home & Garden,140,USD,8,1,true,true,false,false,true,true,false,true,65,100,NORMALIZED,REAL_EXTRACTED
lewpe,https://lewpe.com/products/balsemao-curved-arm-ceiling-light,"Balsemão. Curved-Arm Ceiling Light, Metal",Ceiling Light,213,USD,24,12,true,true,false,false,true,true,false,false,70,94,NORMALIZED,REAL_EXTRACTED
lewpe,https://lewpe.com/products/cobres-pendant-light,"Cobres. Dome Pendant Light, Metal",Ceiling Light,258,USD,24,76,true,true,false,false,true,true,false,false,70,94,NORMALIZED,REAL_EXTRACTED
lewpe,https://lewpe.com/products/valenca-nordic-minimalist-wall-sconce-glass-ring-base,"Valença. Nordic Minimalist Wall Sconce, Glass Ring Base",Wall Light Fixtures,63.95,USD,17,16,true,true,false,false,true,true,false,false,70,94,NORMALIZED,REAL_EXTRACTED
viridian-bay,https://viridianbay.com/products/on-safari-lantern,On Safari Lantern,Garden Sculptures,99,USD,6,1,true,true,false,false,true,true,false,true,65,100,NORMALIZED,REAL_EXTRACTED
lewpe,https://lewpe.com/products/sortelha-mouthblown-glass-wall-sconce-iron-stem,"Sortelha. Mouthblown Glass Wall Sconce, Iron Stem",Wall Light Fixtures,135.95,USD,24,42,true,true,false,false,true,true,false,false,70,94,NORMALIZED,REAL_EXTRACTED
lewpe,https://lewpe.com/products/arribada-round-tier-storage-carbon-steel,"Arribada. Round Tier Shoe Storage, Carbon Steel",Shoe Racks,114,USD,24,24,true,true,false,false,true,true,false,false,76,94,NORMALIZED,REAL_EXTRACTED
lewpe,https://lewpe.com/products/ceira-globe-wall-sconce-glass-iron,"Ceira. Globe Wall Sconce, Glass Iron",Wall Sconce,170,USD,21,8,true,true,true,false,true,true,false,false,70,94,NORMALIZED,REAL_EXTRACTED
cozy-garden,https://thecozygarden.com/products/a949-277138-solar-lamp-set-of-6-black-polypropylene-standard-solar,Outdoor Solar Lamps 6 pcs LED Black,Outdoor Lighting,124.87,USD,20,1,true,false,false,false,true,true,false,true,68,100,DUPLICATE,REAL_EXTRACTED
cozy-garden,https://thecozygarden.com/products/c122-1070726-solar-30-led-outdoor-waterproof-party-string-fairy-light-festival-ambience-lights,Solar 30 LED Outdoor Waterproof Party String Fairy Light Festival Ambience Lights,Lights & Lighting,36.81,USD,21,14,true,true,false,false,true,true,false,false,63,94,NORMALIZED,REAL_EXTRACTED
viridian-bay,https://viridianbay.com/products/6-x-6-large-ivory-pillar-candle,"6"" x 6"" Large Ivory Pillar Candle",Candles,49,USD,3,1,true,false,false,false,true,true,false,true,71,100,NORMALIZED,REAL_EXTRACTED
viridian-bay,https://viridianbay.com/products/hummingbird-and-flowers-vanity-mirror,Hummingbird and Flowers Vanity Mirror,Mirrors,149,USD,5,1,true,true,false,false,true,true,false,true,71,100,NORMALIZED,REAL_EXTRACTED
cozy-garden,https://thecozygarden.com/products/a949-40870-garden-light-set-of-3-cool-white-plastic-small-solar,Solar Bowl 3 LED Garden Lights with Spike Anchors & Solar Panel,Outdoor Lighting,36.11,USD,16,1,true,true,false,false,true,true,false,true,63,100,NORMALIZED,REAL_EXTRACTED
cozy-garden,https://thecozygarden.com/products/d681-gt4111or-raised-garden-bed-planter-box-with-lattice-trellis-drainage-holes-color-orange,Raised Garden Bed Planter Box with Lattice Trellis Drainage Holes - Color: Orange,Outdoor > Garden > Raised Garden Beds,141.48,USD,12,1,true,true,false,false,true,true,false,true,63,100,NORMALIZED,REAL_EXTRACTED
wall-panel-centre,https://thewallpanelcentre.co.uk/products/gloss-grape-green-hygienic-wall-cladding-gloss-colour,Gloss Grape Green Hygienic Wall Cladding PVC Sheet,Homepage > Back,78.22,GBP,1,2,true,true,false,false,true,true,false,true,70,100,DUPLICATE,REAL_EXTRACTED
viridian-bay,https://viridianbay.com/products/oil-lamp-glass-with-wick,"Replacement Oil Lamp Glass With Wick (fits VB33217, VB33216 and VB33215)",Home & Garden,6,USD,3,1,true,true,false,false,true,true,false,true,65,100,NORMALIZED,REAL_EXTRACTED
cozy-garden,https://thecozygarden.com/products/d681-gt4441na-raised-garden-bed-with-trellis-wooden-elevated-planter-box-with-legs-natural-color-natural,Raised Garden Bed with Trellis Wooden Elevated Planter Box with Legs-Natural - Color: Natural,Outdoor > Garden > Raised Garden Beds,113.48,USD,12,1,true,true,false,false,true,true,false,true,69,100,NORMALIZED,REAL_EXTRACTED
cozy-garden,https://thecozygarden.com/products/d681-gt4761sl2-2-pieces-galvanized-raised-garden-bed-with-legs-and-greenhouse-cover-for-vegetable-flower-silver-color-silver,2 Pieces Galvanized Raised Garden Bed with Legs and Greenhouse Cover for Vegetable Flower-Silver - Color: Silver,Outdoor > Garden > Raised Garden Beds,170.48,USD,12,1,true,true,false,false,true,true,false,true,69,100,NORMALIZED,REAL_EXTRACTED
cozy-garden,https://thecozygarden.com/products/e415-gnzwj150cm90w4h6vv1-plant-stand-with-grow-light-4-tier-plant-shelf-with-90w-grow-light-for-indoor-plants-grow-light-shelf-full-spectrum-lights-adjustable-metal-plant-stand-for-seed-starting,"Plant Stand with Grow Light, 4 Tier Plant Shelf with 90W Grow Light for Indoor Plants, Grow Light Shelf Full Spectrum Lights Adjustable Metal Plant Stand for Seed Starting",Planters,126.7,USD,6,1,true,true,false,false,true,true,false,false,63,100,NORMALIZED,REAL_EXTRACTED
viridian-bay,https://viridianbay.com/products/mountain-king-garden-sculpture,Mountain King Garden Sculpture,Garden Sculptures,299,USD,6,1,true,true,false,false,true,true,false,true,76,88,IMPORTED,REAL_EXTRACTED
cozy-garden,https://thecozygarden.com/products/e415-jsflhs50inch7q7smv0-wind-chimes-for-outside-50-deep-tone-wind-chimes-with-6-tubes-unique-large-memorial-wind-chimes-for-anniversary-amazing-outdoor-decor-for-your-patio-porch-garden-and-backyard-copper-vein,"Wind Chimes for Outside, 50"", Deep Tone Wind Chimes with 6 Tubes, Unique Large Memorial Wind Chimes for Anniversary, Amazing Outdoor Decor for Your Patio, Porch, Garden and Backyard, Copper Vein",Outdoor Decor,93.45,USD,6,1,true,true,false,false,true,true,false,false,69,100,NORMALIZED,REAL_EXTRACTED
viridian-bay,https://viridianbay.com/products/additional-stake-piece-for-staked-oil-lanterns,Additional Stake Piece for Staked Oil Lanterns,Tiki Torches & Oil Lamps,10,USD,3,1,true,false,false,false,true,true,false,true,65,100,NORMALIZED,REAL_EXTRACTED
cozy-garden,https://thecozygarden.com/products/b593-np10461-42-inch-50000-btu-propane-fire-pit-table-with-ore-powder-surface,42 Inch 50000 BTU Propane Fire Pit Table with Ore Powder Surface,Outdoor Heating,261.48,USD,11,2,true,true,false,false,true,true,false,false,63,94,DUPLICATE,REAL_EXTRACTED
cozy-garden,https://thecozygarden.com/products/e415-tzsklt85fthja79h8001v0-grill-gazebo-8-x-5-ft-double-tiered-top-bbq-gazebo-with-extra-awning-powder-coated-steel-patio-grill-shelter-with-2-side-shelves-bottle-opener-hooks-outdoor-grilling-canopy-for-garden,"Grill Gazebo, 8 x 5 ft Double-Tiered Top, BBQ Gazebo with Extra Awning, Powder-Coated Steel Patio Grill Shelter with 2 Side Shelves, Bottle Opener & Hooks, Outdoor Grilling Canopy for Garden",Shade Structures,172.74,USD,22,1,true,true,false,false,true,true,false,false,74,88,IMPORTED,REAL_EXTRACTED
viridian-bay,https://viridianbay.com/products/set-of-3-wicks-for-glass-oil-lanterns,Set of 3 Wicks for Glass Oil Lanterns,Wicks,5,USD,3,1,true,true,false,false,true,true,false,true,71,100,NORMALIZED,REAL_EXTRACTED
cozy-garden,https://thecozygarden.com/products/q280-gdswbh21438695-farmhouse-solid-wood-hanging-birdhouse-in-blue-green-yellow-brown,Farmhouse Solid Wood Hanging Birdhouse in Blue Green Yellow Brown,Bird Houses,62.69,USD,8,1,true,true,false,false,true,true,false,false,69,100,NORMALIZED,REAL_EXTRACTED
viridian-bay,https://viridianbay.com/products/fontaine-hanging-lantern,Fontaine Hanging Lantern,Candle Holders,106.95,USD,7,1,true,true,false,false,true,true,false,true,65,100,NORMALIZED,REAL_EXTRACTED
cozy-garden,https://thecozygarden.com/products/d681-gt4731na-wooden-mobile-raised-garden-bed-on-wheels-with-trellis-natural-color-natural,Wooden Mobile Raised Garden Bed on Wheels with Trellis-Natural - Color: Natural,Outdoor > Garden > Raised Garden Beds,141.48,USD,12,1,true,true,false,false,true,true,false,true,63,100,NORMALIZED,REAL_EXTRACTED
viridian-bay,https://viridianbay.com/products/frog-and-flower-trio-candleholder,Frog and Flower Trio Candleholder,Candle Holders,165,USD,6,1,true,true,false,false,true,true,false,true,65,100,NORMALIZED,REAL_EXTRACTED
cozy-garden,https://thecozygarden.com/products/d681-jv12556bn2-indoor-plant-stand-with-grow-lights-58-tall-8-tier-corner-metal-plant-shelf-set-of-2-color-brown-size-set-of-2,"Indoor Plant Stand with Grow Lights 58"" Tall 8-Tier Corner Metal Plant Shelf-Set of 2 - Color: Brown - Size: Set of 2",Outdoor > Garden > Plant Stands,150.98,USD,20,1,true,true,false,false,true,true,false,true,63,100,NORMALIZED,REAL_EXTRACTED
cozy-garden,https://thecozygarden.com/products/a949-314819-bird-feeder-solid-wood-138x116x83,"Bird Feeder Solid Wood 13.8""x11.6""x8.3",For The Birds,60.2,USD,14,1,true,true,false,false,true,true,false,true,69,100,NORMALIZED,REAL_EXTRACTED
viridian-bay,https://viridianbay.com/products/sakura-serenity-round-mirror,Sakura Serenity Round Mirror,Mirrors,108,USD,7,1,true,true,false,false,true,true,false,true,71,100,NORMALIZED,REAL_EXTRACTED
cozy-garden,https://thecozygarden.com/products/b593-tm10262-wooden-mud-farm-playset-with-planter-box-lockable-yard-and-faucet-for-3-kids,Fir Wood Mud Farm Playset with Planter Box Lockable Yard and Faucet for 3+ Kids,Pretend Toys,127.48,USD,12,1,true,true,false,false,true,true,false,true,63,100,NORMALIZED,REAL_EXTRACTED
cozy-garden,https://thecozygarden.com/products/q280-dgsfpd70319931-grey-granite-65-gallon-plastic-urn-rain-barrel-with-planter-top,Grey Granite 65 Gallon Plastic Urn Rain Barrel with Planter Top,Rain Barrels,392.06,USD,8,1,true,true,false,false,true,true,false,false,69,100,NORMALIZED,REAL_EXTRACTED
viridian-bay,https://viridianbay.com/products/under-the-sea-wall-mirror,Under the Sea Wall Mirror,Mirrors,185,USD,6,1,true,true,false,false,true,true,false,true,71,100,NORMALIZED,REAL_EXTRACTED
viridian-bay,https://viridianbay.com/products/set-of-3-wicks-for-metal-oil-lanterns,Set of 3 Wicks for Metal Oil Lanterns,Wicks,3,USD,3,1,true,true,false,false,true,true,false,true,71,100,NORMALIZED,REAL_EXTRACTED
cozy-garden,https://thecozygarden.com/products/d681-gt4761bk1-galvanized-raised-garden-bed-with-legs-and-greenhouse-cover-for-vegetable-flower-black-color-black,Galvanized Raised Garden Bed with Legs and Greenhouse Cover for Vegetable Flower-Black - Color: Black,Outdoor > Garden > Raised Garden Beds,102.98,USD,12,1,true,true,false,false,true,true,false,true,69,100,NORMALIZED,REAL_EXTRACTED
viridian-bay,https://viridianbay.com/products/loro-lantern-1,Loro Lantern,Lanterns,112,USD,6,1,true,true,false,false,true,true,false,true,70,100,NORMALIZED,REAL_EXTRACTED
viridian-bay,https://viridianbay.com/products/veradoro-lantern-right-1,Veradoro Lantern Right,Home & Garden,164.95,USD,5,1,true,true,false,false,true,true,false,true,65,100,NORMALIZED,REAL_EXTRACTED
viridian-bay,https://viridianbay.com/products/welcoming-crane-garden-stake,Welcoming Crane Garden Stake,Lawn Ornaments & Garden Sculptures,53,USD,3,1,true,true,false,false,true,true,false,true,71,100,NORMALIZED,REAL_EXTRACTED
viridian-bay,https://viridianbay.com/products/crane-pair-in-flight-end-table,Crane Pair in Flight End Table,Accent Tables,715,USD,3,1,true,true,false,false,true,true,false,true,65,100,NORMALIZED,REAL_EXTRACTED
wall-panel-centre,https://thewallpanelcentre.co.uk/products/gloss-avocado-green-starter-trim-for-hygienic-wall-cladding,Gloss Avocado Green Starter Trim for Hygienic Wall Cladding,Homepage > Back,6.6,GBP,1,1,true,false,false,false,true,true,false,false,64,100,NORMALIZED,REAL_EXTRACTED
wall-panel-centre,https://thewallpanelcentre.co.uk/products/pastel-cream-straight-joint-trim-for-hygienic-wall-cladding,Pastel Cream Straight Joint Trim for Hygienic Wall Cladding,Homepage > Back,6.6,GBP,1,1,true,false,false,false,true,true,false,false,64,100,NORMALIZED,REAL_EXTRACTED
wall-panel-centre,https://thewallpanelcentre.co.uk/products/pastel-cream-straight-joint-trim-for-hygienic-wall-cladding,Pastel Cream Straight Joint Trim for Hygienic Wall Cladding,Homepage > Back,6.6,GBP,1,1,true,false,false,false,true,true,false,false,64,100,NORMALIZED,REAL_EXTRACTED
wall-panel-centre,https://thewallpanelcentre.co.uk/products/pastel-cream-external-corner-joint-for-hygienic-wall-cladding,Pastel Cream External Corner Joint for Hygienic Wall Cladding,Homepage > Back,6.6,GBP,1,1,true,false,false,false,true,true,false,false,70,100,NORMALIZED,REAL_EXTRACTED
wall-panel-centre,https://thewallpanelcentre.co.uk/products/pastel-sandstone-starter-trim-for-hygienic-wall-cladding,Pastel Sandstone Starter Trim for Hygienic Wall Cladding,Homepage > Back,6.6,GBP,1,1,true,true,false,false,true,true,false,false,64,100,NORMALIZED,REAL_EXTRACTED
viridian-bay,https://viridianbay.com/products/scottie-dog-planter-box,Scottie Dog Planter Box,Planters,93,USD,3,1,true,false,false,false,true,true,false,true,71,100,NORMALIZED,REAL_EXTRACTED
viridian-bay,https://viridianbay.com/products/bounding-bear-garden-lantern,Bounding Bear Garden Lantern,Lawn Ornaments,178,USD,9,1,true,true,false,false,true,true,false,true,65,100,NORMALIZED,REAL_EXTRACTED
viridian-bay,https://viridianbay.com/products/brindille-vanity-mirror,Brindille Vanity Mirror,Mirrors,148.95,USD,6,1,true,true,false,false,true,true,false,true,71,100,NORMALIZED,REAL_EXTRACTED
wall-panel-centre,https://thewallpanelcentre.co.uk/products/pastel-sandstone-external-corner-joint-for-hygienic-wall-cladding,Pastel Sandstone External Corner Joint for Hygienic Wall Cladding,Homepage > Back,6.6,GBP,1,1,true,true,false,false,true,true,false,false,70,100,NORMALIZED,REAL_EXTRACTED
wall-panel-centre,https://thewallpanelcentre.co.uk/products/pastel-linen-straight-joint-trim-for-hygienic-wall-cladding,Pastel Linen Straight Joint Trim for Hygienic Wall Cladding,Homepage > Back,6.6,GBP,1,1,true,true,false,false,true,true,false,false,64,100,NORMALIZED,REAL_EXTRACTED
wall-panel-centre,https://thewallpanelcentre.co.uk/products/gloss-blue-internal-corner-joint-for-hygienic-wall-cladding,Gloss Grape Green Internal Corner Joint for Hygienic Wall Cladding,Homepage > Back,6.6,GBP,1,1,true,false,false,false,true,true,false,false,70,100,NORMALIZED,REAL_EXTRACTED
viridian-bay,https://viridianbay.com/products/birds-nest-staked-planter-candleholder,Bird's Nest Staked Planter & Candleholder,Gardening,90,USD,7,1,true,true,false,false,true,true,false,true,71,100,NORMALIZED,REAL_EXTRACTED
viridian-bay,https://viridianbay.com/products/at-ponds-edge-staked-oil-lamp,At Pond's Edge Staked Oil Lamp,Tiki Torches & Oil Lamps,80,USD,7,1,true,true,false,false,true,true,false,true,65,100,NORMALIZED,REAL_EXTRACTED
viridian-bay,https://viridianbay.com/products/root-candle-3-x-9-pillar-candle-white,"Root Candle 3 x 9"" Pillar Candle, White",Candle,35,USD,6,1,true,false,false,false,true,true,false,true,65,100,DUPLICATE,REAL_EXTRACTED
ferm-living,https://fermliving.com/products/bellure-bowl-o17-silver,Bellure Bowl - Silver,Home > Bellure Bowl - Silver,44,EUR,2,3,true,true,false,false,true,true,false,true,70,100,NORMALIZED,REAL_EXTRACTED
viridian-bay,https://viridianbay.com/products/led-dripping-candle-3-x-5-in-white,"LED Dripping Candle 3"" x 5"" in White",Flameless Candles,38,USD,4,1,true,true,false,false,true,true,false,true,65,100,DUPLICATE,REAL_EXTRACTED
ferm-living,https://fermliving.com/products/bon-shelf-long-oiled-oak,Bon Shelf - Long - Oiled Oak,Home > Bon Shelf - Long - Oiled Oak,319.2,EUR,2,1,true,true,false,false,true,true,false,true,64,100,NORMALIZED,REAL_EXTRACTED
viridian-bay,https://viridianbay.com/products/expressive-cranes-candleholder,Expressive Cranes Candleholder,Candle Holders,85,USD,7,1,true,true,false,false,true,true,false,true,65,100,NORMALIZED,REAL_EXTRACTED
cozy-garden,https://thecozygarden.com/products/f640-12000037977966073-emitting-color-rgb-wattage-11-15w-300leds-solar-curtain-light-led-outdoor-waterproof-garland-decoration-string-lights-yard-christmas-fairy-garland-string-lights,"Emitting Color: RGB, Wattage: 11-15W - 300LEDs Solar Curtain Light LED Outdoor Waterproof Garland Decoration String Lights Yard Christmas Fairy Garland String Lights",Outdoor Lighting,28.84,USD,16,1,true,true,false,false,true,true,false,false,63,100,NORMALIZED,REAL_EXTRACTED
viridian-bay,https://viridianbay.com/products/manor-fontaine-garden-trellis,Manor Fontaine Garden Trellis,"Garden Arches, Trellises, Arbors & Pergolas",285,USD,6,1,true,true,false,false,true,true,false,true,65,100,NORMALIZED,REAL_EXTRACTED
viridian-bay,https://viridianbay.com/products/graceful-feathers-hanging-planter-holder,Graceful Feathers Hanging Planter Holder,Planters,179,USD,6,1,true,true,false,false,true,true,false,true,71,100,NORMALIZED,REAL_EXTRACTED
cozy-garden,https://thecozygarden.com/products/d681-np10631wlgr-36-inch-propane-gas-fire-pit-table-with-lava-rock-and-pvc-cover-gray-color-gray,36 Inch Propane Gas Fire Pit Table with Lava Rock and PVC cover-Gray - Color: Gray,Outdoor > Outdoor Heating > Fire Pits > Fire Pit Tables,906.77,USD,12,1,true,true,false,false,true,true,false,true,63,100,NORMALIZED,REAL_EXTRACTED
cozy-garden,https://thecozygarden.com/products/q280-lghftwc2698581736-copper-and-glass-hummingbird-feeder-32-fl-oz-nectar-capacity,Copper and Glass Hummingbird Feeder - 32 Fl. oz. Nectar Capacity,For The Birds,83.94,USD,6,1,true,true,false,false,true,true,false,false,69,100,NORMALIZED,REAL_EXTRACTED
viridian-bay,https://viridianbay.com/products/tiptop-toucan-hanging-plant-holder,Tiptop Toucan Hanging Plant Holder,Planters,159,USD,9,1,true,true,false,false,true,true,false,true,71,100,NORMALIZED,REAL_EXTRACTED
cozy-garden,https://thecozygarden.com/products/d681-np12082-425-inch-50000-btu-fire-pit-table-set-with-stainless-steel-burner-color-gray,42.5 Inch 50000 BTU Fire Pit Table Set with Stainless Steel Burner - Color: Gray,Outdoor > Outdoor Heating > Fire Pits > Fire Pit Tables,338.98,USD,3,1,true,false,false,false,true,true,false,true,63,100,NORMALIZED,REAL_EXTRACTED
cozy-garden,https://thecozygarden.com/products/t575-s0671288352-13in-round-ceramic-charcoal-grill-black,13in Round Ceramic Charcoal Grill Black,Home,197.21,USD,18,1,true,true,false,false,true,true,false,false,63,100,NORMALIZED,REAL_EXTRACTED
viridian-bay,https://viridianbay.com/products/garden-harmony-hose-guard,Garden Harmony Hose Guard,Home & Garden,59,USD,7,1,true,false,false,false,true,true,false,true,65,100,NORMALIZED,REAL_EXTRACTED
viridian-bay,https://viridianbay.com/products/damask-lace-serving-bowl-10-diameter,"Damask Lace Serving Bowl, 10"" Diameter - LAST CHANCE",Serveware,18.97,USD,6,1,true,true,false,false,true,true,false,true,76,88,IMPORTED,REAL_EXTRACTED
cozy-garden,https://thecozygarden.com/products/a949-47246-bird-houses-4-pcs-47x63x79-firwood,"Bird Houses 4 pcs 4.7""x6.3""x7.9"" Firwood",For The Birds,63.54,USD,16,1,true,true,false,false,true,true,false,true,68,100,NORMALIZED,REAL_EXTRACTED
wall-panel-centre,https://thewallpanelcentre.co.uk/products/pastel-duck-egg-colour-match-silicone-310ml-tube,Pastel Duck Egg Colour Match Silicone 310ml Tube,Homepage > Back,29.9,GBP,0,1,true,true,false,false,true,true,false,false,61,100,NORMALIZED,REAL_EXTRACTED
wall-panel-centre,https://thewallpanelcentre.co.uk/products/pastel-duck-egg-internal-corner-joint-for-hygienic-wall-cladding,Pastel Duck Egg Internal Corner Joint for Hygienic Wall Cladding,Homepage > Back,6.6,GBP,1,1,true,false,false,false,true,true,false,false,70,100,NORMALIZED,REAL_EXTRACTED
wall-panel-centre,https://thewallpanelcentre.co.uk/products/pastel-duck-egg-straight-joint-trim-for-hygienic-wall-cladding,Pastel Duck Egg Straight Joint Trim for Hygienic Wall Cladding,Homepage > Back,6.6,GBP,1,1,true,false,false,false,true,true,false,false,64,100,NORMALIZED,REAL_EXTRACTED
wall-panel-centre,https://thewallpanelcentre.co.uk/products/pastel-sandstone-starter-trim-for-hygienic-wall-cladding,Pastel Sandstone Starter Trim for Hygienic Wall Cladding,Homepage > Back,6.6,GBP,1,1,true,true,false,false,true,true,false,false,64,100,NORMALIZED,REAL_EXTRACTED
wall-panel-centre,https://thewallpanelcentre.co.uk/products/pastel-sandstone-straight-joint-trim-for-hygienic-wall-cladding,Pastel Sandstone Straight Joint Trim for Hygienic Wall Cladding,Homepage > Back,6.6,GBP,1,1,true,true,false,false,true,true,false,false,64,100,NORMALIZED,REAL_EXTRACTED
wall-panel-centre,https://thewallpanelcentre.co.uk/products/pastel-sandstone-external-corner-joint-for-hygienic-wall-cladding,Pastel Sandstone External Corner Joint for Hygienic Wall Cladding,Homepage > Back,6.6,GBP,1,1,true,true,false,false,true,true,false,false,70,100,NORMALIZED,REAL_EXTRACTED
wall-panel-centre,https://thewallpanelcentre.co.uk/products/pastel-linen-colour-match-silicone-310ml-tube,Pastel Linen Colour Match Silicone 310ml Tube,Homepage > Back,29.9,GBP,0,1,true,true,false,false,true,true,false,false,61,100,NORMALIZED,REAL_EXTRACTED
wall-panel-centre,https://thewallpanelcentre.co.uk/products/pastel-linen-internal-corner-joint-for-hygienic-wall-cladding,Pastel Linen Internal Corner Joint for Hygienic Wall Cladding,Homepage > Back,6.6,GBP,1,1,true,true,false,false,true,true,false,false,70,100,NORMALIZED,REAL_EXTRACTED
wall-panel-centre,https://thewallpanelcentre.co.uk/products/pastel-linen-straight-joint-trim-for-hygienic-wall-cladding,Pastel Linen Straight Joint Trim for Hygienic Wall Cladding,Homepage > Back,6.6,GBP,1,1,true,true,false,false,true,true,false,false,64,100,NORMALIZED,REAL_EXTRACTED
wall-panel-centre,https://thewallpanelcentre.co.uk/products/white-internal-corner-joint-for-hygienic-wall-cladding,White Internal Corner Joint for Hygienic Wall Cladding,Homepage > Back,4.2,GBP,1,2,true,false,false,false,true,true,false,false,70,100,NORMALIZED,REAL_EXTRACTED
wall-panel-centre,https://thewallpanelcentre.co.uk/products/gloss-blue-starter-trim-for-hygienic-wall-cladding,Gloss Blue Lagoon Starter Trim for Hygienic Wall Cladding,Homepage > Back,6.6,GBP,1,1,true,false,false,false,true,true,false,false,64,100,NORMALIZED,REAL_EXTRACTED
wall-panel-centre,https://thewallpanelcentre.co.uk/products/gloss-blue-internal-corner-joint-for-hygienic-wall-cladding,Gloss Grape Green Internal Corner Joint for Hygienic Wall Cladding,Homepage > Back,6.6,GBP,1,1,true,false,false,false,true,true,false,false,70,100,NORMALIZED,REAL_EXTRACTED
wall-panel-centre,https://thewallpanelcentre.co.uk/products/gloss-blue-external-corner-joint-for-hygienic-wall-cladding,Gloss Blue Lagoon External Corner Joint for Hygienic Wall Cladding,Homepage > Back,6.6,GBP,1,1,true,false,false,false,true,true,false,false,70,100,NORMALIZED,REAL_EXTRACTED
wall-panel-centre,https://thewallpanelcentre.co.uk/products/gloss-blue-colour-match-silicone-310ml-tube,Gloss Blue Lagoon Colour Match Silicone 310ml Tube,Homepage > Back,29.9,GBP,0,1,true,true,false,false,true,true,false,false,61,100,NORMALIZED,REAL_EXTRACTED
cozy-garden,https://thecozygarden.com/products/q280-nsbhl316257593-outdoor-solid-cedar-wood-bat-house-holds-up-to-75-bats,Outdoor Solid Cedar Wood Bat House - Holds up to 75 Bats,For The Birds,73.31,USD,8,1,true,true,false,false,true,true,false,false,69,100,NORMALIZED,REAL_EXTRACTED
cozy-garden,https://thecozygarden.com/products/d681-np11740dk-3-tier-vertical-raised-garden-bed-with-4-wheels-and-6-container-boxes-black-color-black-size-3-tier,3-Tier Vertical Raised Garden Bed with 4 Wheels and 6 Container Boxes-Black - Color: Black - Size: 3-Tier,Outdoor > Garden > Raised Garden Beds,141.48,USD,12,1,true,true,false,false,true,true,false,true,63,100,NORMALIZED,REAL_EXTRACTED
wall-panel-centre,https://thewallpanelcentre.co.uk/products/gloss-avocado-green-external-corner-joint-for-hygienic-wall-cladding,Gloss Avocado Green External Corner Joint for Hygienic Wall Cladding,Homepage > Back,6.6,GBP,1,1,true,false,false,false,true,true,false,false,70,100,NORMALIZED,REAL_EXTRACTED
cozy-garden,https://thecozygarden.com/products/a949-317582-garden-planter-with-trellis-394x169x559-pp-stone-gray,"Garden Planter with Trellis 39.4""x16.9""x55.9"" PP Stone Gray",Gardening,159.43,USD,16,1,true,true,false,false,true,true,false,true,63,100,NORMALIZED,REAL_EXTRACTED
ferm-living,https://fermliving.com/products/twill-cushion-cover-off-white-black,Twill Cushion Cover - Off-White/Black,Home > Twill Cushion Cover - Off-White/Black,47.2,EUR,2,3,true,true,false,false,true,true,false,true,70,100,NORMALIZED,REAL_EXTRACTED
ferm-living,https://fermliving.com/products/twill-cushion-cover-rectangular-off-white-black,Twill Cushion Cover - Rectangular - Off-White/Black,Home > Twill Cushion Cover - Rectangular - Off-White/Black,55.2,EUR,2,3,true,true,false,false,true,true,false,true,70,100,NORMALIZED,REAL_EXTRACTED
ferm-living,https://fermliving.com/products/bellure-bowl-o17-rustic-bronze,Bellure Bowl - Rustic Bronze,Home > Bellure Bowl - Rustic Bronze,44,EUR,2,3,true,true,false,false,true,true,false,true,70,100,NORMALIZED,REAL_EXTRACTED
ferm-living,https://fermliving.com/products/vari-quilted-cushion-rectangular-natural-dark-chocolate,Vari Quilted Cushion - Rectangular - Natural/Dark Chocolate,Home > Vari Quilted Cushion - Rectangular - Natural/Dark Chocolate,95.2,EUR,2,1,true,true,false,false,true,true,false,true,70,100,NORMALIZED,REAL_EXTRACTED
ferm-living,https://fermliving.com/products/virelle-vase-h18-clear,Virelle Vase - Small - Clear,Home > Virelle Vase - Small - Clear,95.2,EUR,2,1,true,true,false,false,true,true,false,true,70,100,NORMALIZED,REAL_EXTRACTED
ferm-living,https://fermliving.com/products/bellure-bowl-o17-silver,Bellure Bowl - Silver,Home > Bellure Bowl - Silver,44,EUR,2,3,true,true,false,false,true,true,false,true,70,100,NORMALIZED,REAL_EXTRACTED
ferm-living,https://fermliving.com/products/falda-smocked-bolster-cushion-undyed,Falda Smocked Bolster Cushion - Undyed,Home > Falda Smocked Bolster Cushion - Undyed,79.2,EUR,2,1,true,true,false,false,true,true,false,true,70,100,NORMALIZED,REAL_EXTRACTED
ferm-living,https://fermliving.com/products/burren-pillar-candles-set-of-2-bronze,Burren Pillar Candles - Set of 2 - Bronze,Home > Burren Pillar Candles - Set of 2 - Bronze,23.2,EUR,2,1,true,false,false,false,true,true,false,true,64,100,NORMALIZED,REAL_EXTRACTED
ferm-living,https://fermliving.com/products/burren-block-candle-small-bronze,Burren Block Candle - Small - Bronze,Home > Burren Block Candle - Small - Bronze,23.2,EUR,2,1,true,false,false,false,true,true,false,true,70,100,NORMALIZED,REAL_EXTRACTED
ferm-living,https://fermliving.com/products/falda-smocked-cushion-cover-undyed,Falda Smocked Cushion Cover - Undyed,Home > Falda Smocked Cushion Cover - Undyed,47.2,EUR,2,1,true,true,false,false,true,true,false,true,70,100,NORMALIZED,REAL_EXTRACTED
ferm-living,https://fermliving.com/products/folia-mirror-h135-dark-stained-burl,Folia Mirror - Large - Dark Stained Burl,Home > Folia Mirror - Large - Dark Stained Burl,615.2,EUR,2,3,true,true,false,false,true,true,false,true,70,100,NORMALIZED,REAL_EXTRACTED
ferm-living,https://fermliving.com/products/tydra-bowl-h7-mirror-polished,Tydra Bowl - Small - Mirror Polished,Home > Tydra Bowl - Small - Mirror Polished,36,EUR,2,1,true,true,false,false,true,true,false,true,64,100,NORMALIZED,REAL_EXTRACTED
ferm-living,https://fermliving.com/products/stagger-shelf-tall-oiled-oak,Stagger Shelf - Tall - Oiled Oak,Home > Stagger Shelf - Tall - Oiled Oak,71.2,EUR,2,1,true,true,false,false,true,true,false,true,64,100,NORMALIZED,REAL_EXTRACTED
ferm-living,https://fermliving.com/products/bon-shelf-long-oiled-oak,Bon Shelf - Long - Oiled Oak,Home > Bon Shelf - Long - Oiled Oak,319.2,EUR,2,1,true,true,false,false,true,true,false,true,64,100,NORMALIZED,REAL_EXTRACTED
ferm-living,https://fermliving.com/products/strand-outdoor-cushion-cover-carob-brown-parchment,Strand Outdoor Cushion Cover - Carob Brown/Parchment,Home > Strand Outdoor Cushion Cover - Carob Brown/Parchment,36,EUR,2,8,true,true,false,false,true,true,false,true,64,100,NORMALIZED,REAL_EXTRACTED
ferm-living,https://fermliving.com/products/dase-cushion-rich-velvet-pine,Dase Cushion - Rich Velvet - Pine,Home > Dase Cushion - Rich Velvet - Pine,95.2,EUR,2,3,true,true,false,false,true,true,false,true,70,100,NORMALIZED,REAL_EXTRACTED
ferm-living,https://fermliving.com/products/dase-cushion-tonus-off-white,Dase Cushion - Tonus - Off-white,Home > Dase Cushion - Tonus - Off-white,140,EUR,2,3,true,true,false,false,true,true,false,true,70,100,NORMALIZED,REAL_EXTRACTED
ferm-living,https://fermliving.com/products/dase-cushion-tonus-mint,Dase Cushion - Tonus - Mint,Home > Dase Cushion - Tonus - Mint,140,EUR,2,3,true,true,false,false,true,true,false,true,70,100,NORMALIZED,REAL_EXTRACTED
ferm-living,https://fermliving.com/products/bell-shade-light-grey,Bell Shade - Light Grey,Home > Bell Shade - Light Grey,111.2,EUR,2,7,true,true,false,false,true,true,false,true,64,100,NORMALIZED,REAL_EXTRACTED
lewpe,https://lewpe.com/products/coimbra-arc-floor-lamp-walnut-amber-dome,"Coimbra. Arc Floor Lamp, Walnut and Amber Dome",Floor Lamps,500.95,USD,10,1,true,true,false,false,true,true,false,false,70,100,NORMALIZED,REAL_EXTRACTED
lewpe,https://lewpe.com/products/aire-portable-outdoor-basket-light,"Aire. Portable Outdoor Basket Light, Cordless LED",Lamps,130.95,USD,13,4,true,true,false,false,true,true,false,false,70,94,NORMALIZED,REAL_EXTRACTED
lewpe,https://lewpe.com/products/alcabrichel-square-post-light-stainless-steel,"Alcabrichel. Square Post Light, Stainless Steel",Landscape Pathway Lighting,179,USD,24,24,true,true,false,false,true,true,false,false,70,94,NORMALIZED,REAL_EXTRACTED
lewpe,https://lewpe.com/products/mirandela-globe-adjustable-wall-sconce-walnut-accent,"Mirandela. Globe Adjustable Wall Sconce, Walnut Accent",Lighting,315.95,USD,19,32,true,true,true,false,true,true,false,false,70,94,NORMALIZED,REAL_EXTRACTED
lewpe,https://lewpe.com/products/agueda-curved-up-down-wall-light,"Águeda. Curved Up-Down Wall Light, Aluminum",Wall Light Fixtures,116,USD,24,144,true,true,false,false,true,true,false,false,70,94,NORMALIZED,REAL_EXTRACTED
lewpe,https://lewpe.com/products/benavente-standing-floor-lamp,"Benavente. Standing Floor Lamp, Chrome and Acrylic",Floor Lamp,256,USD,23,48,true,true,false,false,true,true,false,false,70,94,NORMALIZED,REAL_EXTRACTED
lewpe,https://lewpe.com/products/milfontes-macaron-glass-wall-sconce-painted-iron,"Milfontes. Macaron Glass Wall Sconce, Painted Iron",Wall Light Fixtures,74.95,USD,19,20,true,true,false,false,true,true,false,false,70,94,NORMALIZED,REAL_EXTRACTED
lewpe,https://lewpe.com/products/setubal-art-deco-glass-wall-sconce-painted-iron,"Setúbal. Art Deco Glass Wall Sconce, Painted Iron",Lighting,115.95,USD,17,8,true,true,false,false,true,true,false,false,70,94,NORMALIZED,REAL_EXTRACTED
lewpe,https://lewpe.com/products/alvor-up-and-down-plug-in-wall-sconce-painted-metal,"Alvor. Up-and-Down Plug-in Wall Sconce, Painted Metal",Lighting,150.95,USD,24,112,true,true,false,false,true,true,false,false,70,94,NORMALIZED,REAL_EXTRACTED
lewpe,https://lewpe.com/products/alenquer-adjustable-metal-wall-sconce,"Alenquer. Adjustable Metal Wall Sconce, Aluminum",Lighting,164,USD,15,4,true,true,false,false,true,true,false,false,70,94,NORMALIZED,REAL_EXTRACTED
cozy-garden,https://thecozygarden.com/products/a949-45521-garden-raised-bed-grey-galvanized-steel-1575-x-315-x-319-in,"Garden Raised Bed 157.5""x31.5""x31.9"" Galvanized Steel Gray",Gardening,292.68,USD,18,1,true,true,false,false,true,true,false,true,63,100,NORMALIZED,REAL_EXTRACTED
cozy-garden,https://thecozygarden.com/products/a949-277138-solar-lamp-set-of-6-black-polypropylene-standard-solar,Outdoor Solar Lamps 6 pcs LED Black,Outdoor Lighting,124.87,USD,20,1,true,false,false,false,true,true,false,true,68,100,DUPLICATE,REAL_EXTRACTED
cozy-garden,https://thecozygarden.com/products/k290-1193667824-firefly-solar-mini-led-christmas-lights-on-string,Firefly Solar mini LED Christmas lights on String,led light,28.86,USD,3,1,true,true,false,false,true,true,false,true,63,100,NORMALIZED,REAL_EXTRACTED
cozy-garden,https://thecozygarden.com/products/a949-364182-planters-2-pcs-black-118x118x146-polypropylene,"Planters 2 pcs Black 11.8""x11.8""x14.6"" Polypropylene",Gardening,85.67,USD,18,1,true,true,false,false,true,true,false,true,68,100,NORMALIZED,REAL_EXTRACTED
cozy-garden,https://thecozygarden.com/products/f640-12000037977966073-emitting-color-rgb-wattage-11-15w-300leds-solar-curtain-light-led-outdoor-waterproof-garland-decoration-string-lights-yard-christmas-fairy-garland-string-lights,"Emitting Color: RGB, Wattage: 11-15W - 300LEDs Solar Curtain Light LED Outdoor Waterproof Garland Decoration String Lights Yard Christmas Fairy Garland String Lights",Outdoor Lighting,28.84,USD,16,1,true,true,false,false,true,true,false,false,63,100,NORMALIZED,REAL_EXTRACTED
cozy-garden,https://thecozygarden.com/products/f640-12000037541829212-emitting-color-blue-wattage-100-300w-ships-from-china-outdoor-led-garland-solar-lights-mushroom-waterproof-landscape-christmas-string-lamp-for-lawn-garden-patio-street-decoration,"Emitting Color: Blue, Wattage: 100-300W, Ships From: CHINA - Outdoor LED Garland Solar Lights Mushroom Waterproof Landscape Christmas String Lamp For Lawn Garden Patio Street Decoration",Outdoor Lighting,19.94,USD,16,1,true,false,false,false,true,true,false,false,63,100,NORMALIZED,REAL_EXTRACTED
cozy-garden,https://thecozygarden.com/products/f640-12000037977966074-emitting-color-white-wattage-0-5w-300leds-solar-curtain-light-led-outdoor-waterproof-garland-decoration-string-lights-yard-christmas-fairy-garland-string-lights,"Emitting Color: WHITE, Wattage: 0-5W - 300LEDs Solar Curtain Light LED Outdoor Waterproof Garland Decoration String Lights Yard Christmas Fairy Garland String Lights",Outdoor Lighting,21,USD,16,1,true,true,false,false,true,true,false,false,63,100,NORMALIZED,REAL_EXTRACTED
cozy-garden,https://thecozygarden.com/products/d681-gt4111or-raised-garden-bed-planter-box-with-lattice-trellis-drainage-holes-color-orange,Raised Garden Bed Planter Box with Lattice Trellis Drainage Holes - Color: Orange,Outdoor > Garden > Raised Garden Beds,141.48,USD,12,1,true,true,false,false,true,true,false,true,63,100,NORMALIZED,REAL_EXTRACTED
cozy-garden,https://thecozygarden.com/products/d681-gt3662gr-wooden-wagon-plant-bed-with-metal-wheels-for-garden-yard-patio-gray-color-gray,Wooden Wagon Plant Bed with Metal Wheels for Garden Yard Patio-Gray - Color: Gray,Outdoor > Garden > Raised Garden Beds,65.98,USD,12,1,true,true,false,false,true,true,false,true,63,100,NORMALIZED,REAL_EXTRACTED
cozy-garden,https://thecozygarden.com/products/b593-gt3652-elevated-planter-box-kit-with-8-grids-and-folding-tabletop,Elevated Planter Box Kit with 8 Grids and Folding Tabletop,Garden,113.48,USD,11,2,true,true,false,false,true,true,false,false,63,94,DUPLICATE,REAL_EXTRACTED
cozy-garden,https://thecozygarden.com/products/a949-365488-planter-with-trellis-brown-solid-wood-fir,Planter with Trellis Brown Solid Wood Fir,Gardening,110.81,USD,18,1,true,true,false,false,true,true,false,true,74,100,NORMALIZED,REAL_EXTRACTED
cozy-garden,https://thecozygarden.com/products/b593-gt3958-7-x-35-x-7-feet-lean-to-greenhouse-with-flower-rack,7 x 3.5 x 7 Feet Lean-to Greenhouse with Flower Rack,Garden,88.48,USD,7,2,true,true,false,false,true,true,false,false,69,94,NORMALIZED,REAL_EXTRACTED
cozy-garden,https://thecozygarden.com/products/b593-gt4216-walk-in-greenhouse-with-3-tiers-8-shelves-pvc-cover-roll-up-zippered-door,Walk-in Greenhouse with 3 Tiers 8 Shelves PVC Cover Roll-up Zippered Door,Garden,110.23,USD,11,2,true,true,false,false,true,true,false,false,63,94,NORMALIZED,REAL_EXTRACTED
cozy-garden,https://thecozygarden.com/products/f640-12000038662277624-emitting-color-warm-white-1pc-solar-garden-butterfly-lights-outdoor-waterproof-decorative-lamp-festival-garden-lights-for-yard-garden-yard-path-decoration,Emitting Color: Warm White - 1pc Solar Garden Butterfly Lights Outdoor Waterproof Decorative Lamp Festival Garden Lights For Yard Garden Yard Path Decoration,Outdoor Lighting,24.32,USD,16,1,true,true,false,false,true,true,false,false,63,100,NORMALIZED,REAL_EXTRACTED
cozy-garden,https://thecozygarden.com/products/q280-lghftwc2698581736-copper-and-glass-hummingbird-feeder-32-fl-oz-nectar-capacity,Copper and Glass Hummingbird Feeder - 32 Fl. oz. Nectar Capacity,For The Birds,83.94,USD,6,1,true,true,false,false,true,true,false,false,69,100,NORMALIZED,REAL_EXTRACTED
cozy-garden,https://thecozygarden.com/products/e415-jsflhs50inch7q7smv0-wind-chimes-for-outside-50-deep-tone-wind-chimes-with-6-tubes-unique-large-memorial-wind-chimes-for-anniversary-amazing-outdoor-decor-for-your-patio-porch-garden-and-backyard-copper-vein,"Wind Chimes for Outside, 50"", Deep Tone Wind Chimes with 6 Tubes, Unique Large Memorial Wind Chimes for Anniversary, Amazing Outdoor Decor for Your Patio, Porch, Garden and Backyard, Copper Vein",Outdoor Decor,93.45,USD,6,1,true,true,false,false,true,true,false,false,69,100,NORMALIZED,REAL_EXTRACTED
cozy-garden,https://thecozygarden.com/products/d681-np12082-425-inch-50000-btu-fire-pit-table-set-with-stainless-steel-burner-color-gray,42.5 Inch 50000 BTU Fire Pit Table Set with Stainless Steel Burner - Color: Gray,Outdoor > Outdoor Heating > Fire Pits > Fire Pit Tables,338.98,USD,3,1,true,false,false,false,true,true,false,true,63,100,NORMALIZED,REAL_EXTRACTED
cozy-garden,https://thecozygarden.com/products/d681-np10631wlgr-36-inch-propane-gas-fire-pit-table-with-lava-rock-and-pvc-cover-gray-color-gray,36 Inch Propane Gas Fire Pit Table with Lava Rock and PVC cover-Gray - Color: Gray,Outdoor > Outdoor Heating > Fire Pits > Fire Pit Tables,906.77,USD,12,1,true,true,false,false,true,true,false,true,63,100,NORMALIZED,REAL_EXTRACTED
cozy-garden,https://thecozygarden.com/products/b593-gt4655-5-tier-vertical-raised-garden-bed-wood-elevated-planter-box-with-legs-orange,5-tier Vertical Raised Garden Bed Wood Elevated Planter Box with Legs-Orange,Garden,88.48,USD,11,2,true,true,false,false,true,true,false,false,63,94,NORMALIZED,REAL_EXTRACTED
cozy-garden,https://thecozygarden.com/products/b593-np10461-42-inch-50000-btu-propane-fire-pit-table-with-ore-powder-surface,42 Inch 50000 BTU Propane Fire Pit Table with Ore Powder Surface,Outdoor Heating,261.48,USD,11,2,true,true,false,false,true,true,false,false,63,94,DUPLICATE,REAL_EXTRACTED
cozy-garden,https://thecozygarden.com/products/t575-s0671288352-13in-round-ceramic-charcoal-grill-black,13in Round Ceramic Charcoal Grill Black,Home,197.21,USD,18,1,true,true,false,false,true,true,false,false,63,100,NORMALIZED,REAL_EXTRACTED
cozy-garden,https://thecozygarden.com/products/e415-tzsklt85fthja79h8001v0-grill-gazebo-8-x-5-ft-double-tiered-top-bbq-gazebo-with-extra-awning-powder-coated-steel-patio-grill-shelter-with-2-side-shelves-bottle-opener-hooks-outdoor-grilling-canopy-for-garden,"Grill Gazebo, 8 x 5 ft Double-Tiered Top, BBQ Gazebo with Extra Awning, Powder-Coated Steel Patio Grill Shelter with 2 Side Shelves, Bottle Opener & Hooks, Outdoor Grilling Canopy for Garden",Shade Structures,172.74,USD,22,1,true,true,false,false,true,true,false,false,69,100,NORMALIZED,REAL_EXTRACTED
cozy-garden,https://thecozygarden.com/products/e415-zyp33mx33msdzd1v0-outdoor-canopy-gazebo-tent-portable-canopy-shelter-with-11x11-large-shade-space-for-party-backyard-patio-lawn-and-garden-4-sandbags-carrying-bag-and-netting-included-brown,"Outdoor Canopy Gazebo Tent, Portable Canopy Shelter with 11'x11' Large Shade Space for Party, Backyard, Patio Lawn and Garden, 4 Sandbags, Carrying Bag and Netting Included, Brown",Shade Structures,175.31,USD,3,1,true,true,false,false,true,true,false,false,69,100,NORMALIZED,REAL_EXTRACTED
cozy-garden,https://thecozygarden.com/products/y829-1272396228805537796-monkey-statue-hanging-ornaments-garden-decoration-resin-monkey-hanger-sculpture-pendant-outdoor-home-outdoor-handmade-crafts-240712,Monkey Statue Hanging Ornaments Garden Decoration Resin Monkey Hanger Sculpture Pendant Outdoor Home Outdoor Handmade Crafts 240712,Home Accents,34.13,USD,3,1,true,false,false,false,true,true,false,false,69,100,NORMALIZED,REAL_EXTRACTED
cozy-garden,https://thecozygarden.com/products/a949-47246-bird-houses-4-pcs-47x63x79-firwood,"Bird Houses 4 pcs 4.7""x6.3""x7.9"" Firwood",For The Birds,63.54,USD,16,1,true,true,false,false,true,true,false,true,68,100,NORMALIZED,REAL_EXTRACTED
cozy-garden,https://thecozygarden.com/products/q280-waphbhc19125836-white-two-story-songbird-birdhouse-with-copper-colored-roof-made-in-usa,White Two Story Songbird BirdHouse with Copper Colored Roof - Made in USA,For The Birds,317.69,USD,8,1,true,true,false,false,true,true,false,false,69,100,NORMALIZED,REAL_EXTRACTED
cozy-garden,https://thecozygarden.com/products/q280-nsbhl316257593-outdoor-solid-cedar-wood-bat-house-holds-up-to-75-bats,Outdoor Solid Cedar Wood Bat House - Holds up to 75 Bats,For The Birds,73.31,USD,8,1,true,true,false,false,true,true,false,false,69,100,NORMALIZED,REAL_EXTRACTED
cozy-garden,https://thecozygarden.com/products/a949-314819-bird-feeder-solid-wood-138x116x83,"Bird Feeder Solid Wood 13.8""x11.6""x8.3",For The Birds,60.2,USD,14,1,true,true,false,false,true,true,false,true,69,100,NORMALIZED,REAL_EXTRACTED
cozy-garden,https://thecozygarden.com/products/d681-gt3432-wooden-decorative-planter-box-for-garden-yard-and-window-color-brown,Wooden Decorative Planter Box for Garden Yard and Window - Color: Brown,Outdoor > Garden > Raised Garden Beds,88.48,USD,14,1,true,true,false,false,true,true,false,true,63,100,NORMALIZED,REAL_EXTRACTED
cozy-garden,https://thecozygarden.com/products/d681-np11740dk-3-tier-vertical-raised-garden-bed-with-4-wheels-and-6-container-boxes-black-color-black-size-3-tier,3-Tier Vertical Raised Garden Bed with 4 Wheels and 6 Container Boxes-Black - Color: Black - Size: 3-Tier,Outdoor > Garden > Raised Garden Beds,141.48,USD,12,1,true,true,false,false,true,true,false,true,63,100,NORMALIZED,REAL_EXTRACTED
cozy-garden,https://thecozygarden.com/products/q280-mlwrgbn14583917-outdoor-modern-natural-cedar-wood-raised-garden-bed-planter-70-inch-x-31-inch,Outdoor Modern Natural Cedar Wood Raised Garden Bed Planter 70-inch x 31-inch,Planters,264.56,USD,8,1,true,true,false,false,true,true,false,false,69,100,NORMALIZED,REAL_EXTRACTED
cozy-garden,https://thecozygarden.com/products/a949-317582-garden-planter-with-trellis-394x169x559-pp-stone-gray,"Garden Planter with Trellis 39.4""x16.9""x55.9"" PP Stone Gray",Gardening,159.43,USD,16,1,true,true,false,false,true,true,false,true,63,100,NORMALIZED,REAL_EXTRACTED
viridian-bay,https://viridianbay.com/products/veradoro-lantern-left-1,Veradoro Lantern Left,Home & Garden,164.95,USD,6,1,true,true,false,false,true,true,false,true,65,100,NORMALIZED,REAL_EXTRACTED
viridian-bay,https://viridianbay.com/products/morning-glory-garden-bell,Morning Glory Garden Bell,Decorative Bells,91,USD,6,1,true,true,false,false,true,true,false,true,71,100,NORMALIZED,REAL_EXTRACTED
viridian-bay,https://viridianbay.com/products/bird-branch-firescreen,Bird & Branch Firescreen,Fireplace Screens,517,USD,3,1,true,true,false,false,true,true,false,true,65,100,NORMALIZED,REAL_EXTRACTED
viridian-bay,https://viridianbay.com/products/fleur-de-lys-garden-trellis,Fleur de Lys Garden Trellis,Trellises,375,USD,8,1,true,true,false,false,true,true,false,true,71,100,NORMALIZED,REAL_EXTRACTED
viridian-bay,https://viridianbay.com/products/branch-and-lattice-pattern-garden-stool,Branch and Lattice Pattern Garden Stool,Table & Bar Stools,299,USD,3,1,true,true,false,false,true,true,false,true,65,100,NORMALIZED,REAL_EXTRACTED
viridian-bay,https://viridianbay.com/products/first-dance-garden-sculpture,First Dance Garden Sculpture,Lawn Ornaments & Garden Sculptures,154,USD,5,1,true,true,false,false,true,true,false,true,65,100,NORMALIZED,REAL_EXTRACTED
viridian-bay,https://viridianbay.com/products/peacock-garden-trellis-small-verdi,Peacock Garden Trellis Small (Verdi),Trellises,99,USD,4,1,true,true,false,false,true,true,false,true,71,100,NORMALIZED,REAL_EXTRACTED
viridian-bay,https://viridianbay.com/products/vuelo-de-las-aves-lanterns,Vuelo de Las Aves Lanterns,Candle Holders,215,USD,9,1,true,true,false,false,true,true,false,true,65,100,NORMALIZED,REAL_EXTRACTED
viridian-bay,https://viridianbay.com/products/vela-de-mision-hurricane-candleholder,Vela de Mision Hurricane Lantern,Candle Holders,66.95,USD,7,1,true,true,false,false,true,true,false,true,71,100,NORMALIZED,REAL_EXTRACTED
viridian-bay,https://viridianbay.com/products/zebresse-ceramic-garden-stool,Zebresse Ceramic Garden Stool,Garden Stool,374,USD,3,1,true,true,false,false,true,true,false,true,76,100,NORMALIZED,REAL_EXTRACTED
viridian-bay,https://viridianbay.com/products/rayas-garden-stool-garden-green,Rayas Garden Stool Garden Green,Accent Tables,449,USD,3,1,true,true,false,false,true,true,false,true,71,100,NORMALIZED,REAL_EXTRACTED
viridian-bay,https://viridianbay.com/products/seafoam-cascade-garden-stool,Teal Cascade Garden Stool,Outdoor Chairs,599,USD,3,1,true,true,false,false,true,true,false,true,76,100,NORMALIZED,REAL_EXTRACTED
viridian-bay,https://viridianbay.com/products/eternal-viridian-garden-stool,Eternal Viridian Garden Stool,Outdoor Furniture,588,USD,3,1,true,true,false,false,true,true,false,true,71,100,NORMALIZED,REAL_EXTRACTED
viridian-bay,https://viridianbay.com/products/azure-ceramic-garden-stool,Azure Seas Ceramic Garden Stool,Table & Bar Stools,567,USD,5,1,true,true,false,false,true,true,false,true,71,100,NORMALIZED,REAL_EXTRACTED
viridian-bay,https://viridianbay.com/products/papillon-oil-lantern,Papillon Oil Lantern,Tiki Torches & Oil Lamps,62.95,USD,4,1,true,true,false,false,true,true,false,true,65,100,NORMALIZED,REAL_EXTRACTED
viridian-bay,https://viridianbay.com/products/on-safari-lantern,On Safari Lantern,Garden Sculptures,99,USD,6,1,true,true,false,false,true,true,false,true,65,100,NORMALIZED,REAL_EXTRACTED
viridian-bay,https://viridianbay.com/products/brindille-tealight-candelabra,Brindille Tealight Candelabra,Candle Holders,80,USD,5,1,true,true,false,false,true,true,false,true,65,100,NORMALIZED,REAL_EXTRACTED
viridian-bay,https://viridianbay.com/products/scorrere-umbrella-surround-candleholder,Scorrere Umbrella Surround Candleholder,Candle Holders,139.95,USD,9,1,true,true,false,false,true,true,false,true,65,100,NORMALIZED,REAL_EXTRACTED
viridian-bay,https://viridianbay.com/products/at-ponds-edge-staked-oil-lamp,At Pond's Edge Staked Oil Lamp,Tiki Torches & Oil Lamps,80,USD,7,1,true,true,false,false,true,true,false,true,65,100,NORMALIZED,REAL_EXTRACTED
viridian-bay,https://viridianbay.com/products/tealight-candles-pack-of-4-in-clear-cup,Root Candles Tealight Candles Pack of 8 in Clear Cup,Home & Garden,14,USD,4,1,true,true,false,false,true,true,false,true,65,100,NORMALIZED,REAL_EXTRACTED
viridian-bay,https://viridianbay.com/products/hummingbird-and-flowers-vanity-mirror,Hummingbird and Flowers Vanity Mirror,Mirrors,149,USD,5,1,true,true,false,false,true,true,false,true,71,100,NORMALIZED,REAL_EXTRACTED
viridian-bay,https://viridianbay.com/products/led-dripping-candle-3-x-5-in-white,"LED Dripping Candle 3"" x 5"" in White",Flameless Candles,38,USD,4,1,true,true,false,false,true,true,false,true,65,100,DUPLICATE,REAL_EXTRACTED
viridian-bay,https://viridianbay.com/products/morning-flight-hummingbird-windchime,Morning Flight Hummingbird Windchime,Cardboard Cutouts,49,USD,5,1,true,true,false,false,true,true,false,true,65,100,NORMALIZED,REAL_EXTRACTED
viridian-bay,https://viridianbay.com/products/celestial-garden-trellis,Celestial Garden Trellis-PREORDER,Pergolas,235,USD,6,1,true,true,false,false,true,true,false,true,71,100,NORMALIZED,REAL_EXTRACTED
viridian-bay,https://viridianbay.com/products/expressive-cranes-candleholder,Expressive Cranes Candleholder,Candle Holders,85,USD,7,1,true,true,false,false,true,true,false,true,65,100,NORMALIZED,REAL_EXTRACTED
viridian-bay,https://viridianbay.com/products/demure-doe-garden-sculpture,Demure Doe Garden Sculpture,Lawn Ornaments & Garden Sculptures,118.95,USD,6,1,true,true,false,false,true,true,false,true,71,100,NORMALIZED,REAL_EXTRACTED
viridian-bay,https://viridianbay.com/products/mountain-king-garden-sculpture,Mountain King Garden Sculpture,Garden Sculptures,299,USD,6,1,true,true,false,false,true,true,false,true,71,100,NORMALIZED,REAL_EXTRACTED
viridian-bay,https://viridianbay.com/products/lighthouse-windchime,Lighthouse Windchime,Wind Chimes,75,USD,6,1,true,true,false,false,true,true,false,true,65,100,NORMALIZED,REAL_EXTRACTED
viridian-bay,https://viridianbay.com/products/manor-fontaine-garden-trellis,Manor Fontaine Garden Trellis,"Garden Arches, Trellises, Arbors & Pergolas",285,USD,6,1,true,true,false,false,true,true,false,true,65,100,NORMALIZED,REAL_EXTRACTED
viridian-bay,https://viridianbay.com/products/graceful-feathers-hanging-planter-holder,Graceful Feathers Hanging Planter Holder,Planters,179,USD,6,1,true,true,false,false,true,true,false,true,71,100,NORMALIZED,REAL_EXTRACTED
viridian-bay,https://viridianbay.com/products/white-floating-3-candles-set-of-12,"White Floating 3"" Candles, Set of 12",Candle,29,USD,5,1,true,true,false,false,true,true,false,true,71,100,NORMALIZED,REAL_EXTRACTED
viridian-bay,https://viridianbay.com/products/replacement-single-lantern-part-for-vb34978,Replacement Single Lantern Part for VB34978 & VB34674,Candle Holders,10,USD,7,1,true,true,false,false,true,true,false,true,65,100,NORMALIZED,REAL_EXTRACTED
viridian-bay,https://viridianbay.com/products/set-of-3-wicks-for-glass-oil-lanterns,Set of 3 Wicks for Glass Oil Lanterns,Wicks,5,USD,3,1,true,true,false,false,true,true,false,true,71,100,NORMALIZED,REAL_EXTRACTED
viridian-bay,https://viridianbay.com/products/tiptop-toucan-hanging-plant-holder,Tiptop Toucan Hanging Plant Holder,Planters,159,USD,9,1,true,true,false,false,true,true,false,true,71,100,NORMALIZED,REAL_EXTRACTED
viridian-bay,https://viridianbay.com/products/frog-and-flower-trio-candleholder,Frog and Flower Trio Candleholder,Candle Holders,165,USD,6,1,true,true,false,false,true,true,false,true,65,100,NORMALIZED,REAL_EXTRACTED
viridian-bay,https://viridianbay.com/products/blue-butterfly-candleholder-plant-holder,Blue Butterfly Candleholder / Plant Holder,Candle Holders,89,USD,9,1,true,false,false,false,true,true,false,true,71,100,NORMALIZED,REAL_EXTRACTED
viridian-bay,https://viridianbay.com/products/garden-harmony-hose-guard,Garden Harmony Hose Guard,Home & Garden,59,USD,7,1,true,false,false,false,true,true,false,true,65,100,NORMALIZED,REAL_EXTRACTED
viridian-bay,https://viridianbay.com/products/under-the-sea-wall-mirror,Under the Sea Wall Mirror,Mirrors,185,USD,6,1,true,true,false,false,true,true,false,true,71,100,NORMALIZED,REAL_EXTRACTED
govee-eu,https://eu.govee.com/products/govee-rgbww-smart-light-bulbs,Govee RGBWW Smart Light Bulbs,Smart LED Bulbs,35.99,EUR,12,0,true,false,false,false,true,true,false,false,55,100,NORMALIZED,REAL_EXTRACTED
cozy-garden,https://thecozygarden.com/products/a949-3228248-patio-sofa-set-black-pe-rattan-large-modular-garden-sofa-set,11 Piece Garden Sofa Set with Cushions Black Poly Rattan,Outdoor Furniture Sets,723.34,USD,24,1,true,true,false,false,true,true,false,true,68,88,IMPORTED,REAL_EXTRACTED
lewpe,https://lewpe.com/products/alge-hanging-glass-ceiling-light,"Alge. Hanging Glass Ceiling Light, Iron",Pendant Light Fixtures,338,USD,24,20,true,true,true,false,true,true,false,false,80,88,IMPORTED,REAL_EXTRACTED
cozy-garden,https://thecozygarden.com/products/q280-grpefg65921-heavy-duty-grey-plastic-outdoor-storage-garden-bench-patio-deck-box,Heavy Duty Grey Plastic Outdoor Storage Garden Bench Patio Deck Box,Garden Benches,285.81,USD,8,1,true,true,false,false,true,true,false,false,74,88,NORMALIZED,REAL_EXTRACTED
cozy-garden,https://thecozygarden.com/products/k290-44722796921105-size-40-ledcolor-warm-white-dew-droplets-20-led-solar-lights-falling-like-dew,"Size: 40 LED,Color: Warm White - Dew Droplets 20 LED Solar Lights Falling Like Dew",solar lights,49.42,USD,3,1,true,false,false,false,true,true,false,true,63,88,IMPORTED,REAL_EXTRACTED
viridian-bay,https://viridianbay.com/products/caya-coco-garden-stool-1,Cayo Coco Garden Stool,Outdoor Chairs,248,USD,8,1,true,true,false,false,true,true,false,true,76,88,IMPORTED,REAL_EXTRACTED
viridian-bay,https://viridianbay.com/products/las-palmas-garden-stool,Las Palmas Garden Stool,Accent Tables,260,USD,8,1,true,true,false,false,true,true,false,true,76,88,IMPORTED,REAL_EXTRACTED
cozy-garden,https://thecozygarden.com/products/a949-45919-garden-raised-bed-59x118x98-solid-acacia-wood,"Garden Raised Bed 59""x11.8""x9.8"" Solid Acacia Wood",Gardening,117.05,USD,14,1,true,true,false,false,true,true,false,true,68,88,IMPORTED,REAL_EXTRACTED
cozy-garden,https://thecozygarden.com/products/q280-gwrbh3150692871-outdoor-red-wood-and-metal-barn-style-hanging-bird-house,Outdoor Red Wood and Metal Barn Style Hanging Bird House,For The Birds,85.04,USD,8,1,true,true,false,false,true,true,false,false,68,88,IMPORTED,REAL_EXTRACTED
viridian-bay,https://viridianbay.com/products/yuletide-joyride-garden-sculpture,Woodland Joyride Garden Sculpture,Lawn Ornaments & Garden Sculptures,288,USD,6,1,true,true,false,false,true,true,false,true,76,88,IMPORTED,REAL_EXTRACTED
viridian-bay,https://viridianbay.com/products/first-dance-garden-sculpture,First Dance Garden Sculpture,Lawn Ornaments & Garden Sculptures,154,USD,5,1,true,true,false,false,true,true,false,true,70,88,IMPORTED,REAL_EXTRACTED
viridian-bay,https://viridianbay.com/products/celestial-garden-trellis,Celestial Garden Trellis-PREORDER,Pergolas,235,USD,6,1,true,true,false,false,true,true,false,true,71,100,NORMALIZED,REAL_EXTRACTED
viridian-bay,https://viridianbay.com/products/demure-doe-garden-sculpture,Demure Doe Garden Sculpture,Lawn Ornaments & Garden Sculptures,118.95,USD,6,1,true,true,false,false,true,true,false,true,71,100,NORMALIZED,REAL_EXTRACTED
viridian-bay,https://viridianbay.com/products/lighthouse-windchime,Lighthouse Windchime,Wind Chimes,75,USD,6,1,true,true,false,false,true,true,false,true,65,100,NORMALIZED,REAL_EXTRACTED
viridian-bay,https://viridianbay.com/products/replacement-single-lantern-part-for-vb34978,Replacement Single Lantern Part for VB34978 & VB34674,Candle Holders,10,USD,7,1,true,true,false,false,true,true,false,true,65,100,NORMALIZED,REAL_EXTRACTED
wall-panel-centre,https://thewallpanelcentre.co.uk/products/gloss-grape-green-straight-joint-trim-for-hygienic-wall-cladding,Gloss Grape Green Straight Joint Trim for Hygienic Wall Cladding,Homepage > Back,6.6,GBP,1,1,true,false,false,false,true,true,false,false,64,100,NORMALIZED,REAL_EXTRACTED
wall-panel-centre,https://thewallpanelcentre.co.uk/products/gloss-avocado-green-straight-joint-trim-for-hygienic-wall-cladding,Gloss Avocado Green Straight Joint Trim for Hygienic Wall Cladding,Homepage > Back,6.6,GBP,1,1,true,false,false,false,true,true,false,false,64,100,NORMALIZED,REAL_EXTRACTED
wall-panel-centre,https://thewallpanelcentre.co.uk/products/gloss-lime-green-external-corner-joint-for-hygienic-wall-cladding,Gloss Lime Green External Corner Joint for Hygienic Wall Cladding,Homepage > Back,6.6,GBP,1,1,true,false,false,false,true,true,false,false,70,100,NORMALIZED,REAL_EXTRACTED
wall-panel-centre,https://thewallpanelcentre.co.uk/products/gloss-lime-green-starter-trim-for-hygienic-wall-cladding,Gloss Lime Green Starter Trim for Hygienic Wall Cladding,Homepage > Back,6.6,GBP,1,1,true,false,false,false,true,true,false,false,64,100,NORMALIZED,REAL_EXTRACTED
viridian-bay,https://viridianbay.com/products/yuletide-joyride-garden-sculpture,Woodland Joyride Garden Sculpture,Lawn Ornaments & Garden Sculptures,288,USD,6,1,true,true,false,false,true,true,false,true,71,100,NORMALIZED,REAL_EXTRACTED
govee-eu,https://eu.govee.com/products/refurbished-govee-table-lamp-classic,Refurbished Govee Table Lamp Classic,Refurbished Products,59.49,EUR,10,0,true,false,false,false,true,true,false,false,55,100,NORMALIZED,REAL_EXTRACTED
viridian-bay,https://viridianbay.com/products/pathfinder-deer-lantern,Pathfinder Deer Lantern,Garden Sculptures,420,USD,9,1,true,true,false,false,true,true,false,true,76,88,IMPORTED,REAL_EXTRACTED
lewpe,https://lewpe.com/products/arribada-round-tier-storage-carbon-steel,"Arribada. Round Tier Shoe Storage, Carbon Steel",Shoe Racks,114,USD,24,20,true,true,false,false,true,true,false,false,76,88,IMPORTED,REAL_EXTRACTED
viridian-bay,https://viridianbay.com/products/water-lilies-garden-stool-and-and-accent-table,Water Lilies Garden Stool and Accent Table,Gardening,280,USD,8,1,true,true,false,false,true,true,false,true,76,88,IMPORTED,REAL_EXTRACTED
viridian-bay,https://viridianbay.com/products/hummingbird-and-blossoms-vanity-mirror,Hummingbird and Blossoms Vanity Mirror,Mirrors,115,USD,7,1,true,true,false,false,true,true,false,true,76,88,IMPORTED,REAL_EXTRACTED
cozy-garden,https://thecozygarden.com/products/a949-319760-patio-lounge-set-set-of-4-brown-pe-rattan-4-piece-set,4 Piece Patio Lounge Set with Cushions Brown Poly Rattan,Outdoor Furniture Sets,399.99,USD,24,1,true,true,false,false,true,true,false,true,68,88,IMPORTED,REAL_EXTRACTED
lewpe,https://lewpe.com/products/setubal-art-deco-glass-wall-sconce-painted-iron,"Setúbal. Art Deco Glass Wall Sconce, Painted Iron",Lighting,115.95,USD,17,8,true,true,false,false,true,true,false,false,70,88,IMPORTED,REAL_EXTRACTED
cozy-garden,https://thecozygarden.com/products/a949-45919-garden-raised-bed-59x118x98-solid-acacia-wood,"Garden Raised Bed 59""x11.8""x9.8"" Solid Acacia Wood",Gardening,117.05,USD,14,1,true,true,false,false,true,true,false,true,68,88,IMPORTED,REAL_EXTRACTED